[
  {
    "type": "GENERIC",
    "id": "restaurant_menu",
    "category": "books",
    "symbol": ",",
    "color": "white",
    "name": { "str": "food menu" },
    "looks_like": "flyer",
    "description": "A laminated restaurant menu. You'd give anything to be able to order anything off this right now.",
    "price": 0,
    "price_postapoc": 0,
    "material": [ "paper" ],
    "weight": "3 g",
    "volume": "5 ml"
  },
  {
    "type": "GENERIC",
    "id": "bar_menu",
    "category": "books",
    "symbol": ",",
    "color": "white",
    "name": { "str": "drink menu" },
    "looks_like": "flyer",
    "description": "A laminated drink menu. You'd give anything to be able to order anything off this right now.",
    "price": 0,
    "price_postapoc": 0,
    "material": [ "paper" ],
    "weight": "3 g",
    "volume": "5 ml"
  }
]
