[
  {
    "type": "mapgen",
    "om_terrain": "lsm_house019_1",
    "weight": 250,
    "method": "json",
    "object": {
      "palettes": [
        "lsm_residential",
        "lsm_residential_items",
        "lsm_residential_ground",
        "lsm_residential_lino_ktch",
        "lsm_residential_lino_bth"
      ],
      "fill_ter": "t_floor",
      "rows": [
        "...........p---.........",
        "............---.........",
        ".###oo####oo#*###oo##...",
        ".#UU  !| xxx==L|Fn21#0..",
        ".oN    |    ===|___5o0..",
        ".#q $  |       |_J_O#^..",
        ".#||||+|sHHHs  |_J_4###.",
        ".#PPy  ||||||  ______6o.",
        ".#r    |RRRRy  _?27Y_6o.",
        ".orh   +       |||||||#.",
        ".or  ET|y  h   |dd|tS8#.",
        ".#||||||R hffh |  +___o.",
        ".#B_8ZW|R  ff  |z |8BB#.",
        ".#B____+  hffh ||+|||##.",
        ".#Qw8St|   h   |b   C#0.",
        ".#||||||       +   @@o0.",
        ".#y    + ====  |D  @@o..",
        ".#C   T|y====VV|D   C#..",
        ".o@@  D###~~o###y    #..",
        ".o@@   o0,,,,00####yy#..",
        ".#C    o0,,,,.0000#oo#..",
        ".# ddby#................",
        ".###oo##........%....%..",
        "........................"
      ],
      "terrain": {
        "#": "t_wall_P",
        "~": "t_door_glass_c",
        "_": "t_linoleum_gray",
        ",": "t_floor_noroof",
        "0": [ [ "t_shrub", 2 ], "t_shrub_strawberry", "t_shrub_blueberry" ],
        "%": [ [ "t_region_tree_nut", 5 ], [ "t_region_tree_shade", 4 ], [ "t_region_tree_fruit", 2 ] ],
        "Y": "t_linoleum_gray",
        "?": "t_linoleum_gray",
        "W": "t_linoleum_gray",
        "Z": "t_linoleum_gray",
        "=": "t_carpet_red",
        "L": "t_carpet_red"
      },
      "furniture": { "!": "f_exercise", "$": "f_treadmill", "?": "f_bookcase" },
      "items": { "?": { "item": "cookbooks", "chance": 50 } },
      "place_loot": [ { "item": "television", "x": 10, "y": 3 } ]
    }
  },
  {
    "type": "mapgen",
    "om_terrain": "lsm_house019_r",
    "weight": 250,
    "method": "json",
    "object": {
      "palettes": [ "lsm_residential_roof" ],
      "fill_ter": "t_open_air",
      "rows": [
        "                        ",
        "                        ",
        " --------------------   ",
        " 3..................|   ",
        " 3..................|   ",
        " 3..................5   ",
        " 3................=.||| ",
        " 3....................| ",
        " 3....................| ",
        " 3....................| ",
        " 3....................| ",
        " 3....X...............| ",
        " 3....................| ",
        " 3...................|| ",
        " 3...................|  ",
        " 3...N...............|  ",
        " 3...................|  ",
        " 3...................|  ",
        " 3.....222222222.....|  ",
        " 3.....2       2222..|  ",
        " 3.....2          2222  ",
        " 3.....2                ",
        " 2222222                ",
        "                        "
      ]
    }
  }
]
