[
  {
    "type": "mapgen",
    "om_terrain": "lsm_house037_b",
    "weight": 250,
    "method": "json",
    "object": {
      "palettes": [ "lsm_residential", "lsm_residential_items", "lsm_residential_bsmt" ],
      "fill_ter": "t_thconc_floor",
      "rows": [
        "^^^^^^^^^^^^^^^^^^^^^^^^",
        "^^^^^^^^^^^^^^^^^^^^^^^^",
        "^^^^^^^^^^^^^^^^^^^^^^^^",
        "^^^^^^^^^^^^^^^^^^^^^^^^",
        "^^^^^^^^^^^^^^^^^^^^^^^^",
        "^^^^^^^^^^^^^^^^^^^^^^^^",
        "^^^^^^#############^^^^^",
        "^^^^^^# g hhhh  ! #^^^^^",
        "^^^^^^#           #^^^^^",
        "^^^^^^#           #^^^^^",
        "^^^^^^#z #   UU# Y#^^^^^",
        "^^^^^^#z         q#^^^^^",
        "^^^^^^#z         q#^^^^^",
        "^^^^^^#z        AN#^^^^^",
        "^^^^^^#b         N#^^^^^",
        "^^^^^^#  &&   z  T#^^^^^",
        "^^^^^^#  #&    #  #^^^^^",
        "^^^^^^#           #^^^^^",
        "^^^^^^#           #^^^^^",
        "^^^^^^#%  $ ZW   <#^^^^^",
        "^^^^^^#############^^^^^",
        "^^^^^^^^^^^^^^^^^^^^^^^^",
        "^^^^^^^^^^^^^^^^^^^^^^^^",
        "^^^^^^^^^^^^^^^^^^^^^^^^"
      ],
      "furniture": { "!": "f_home_furnace", "$": "f_sink", "%": "f_treadmill", "&": "f_clothing_rail" }
    }
  },
  {
    "type": "mapgen",
    "om_terrain": "lsm_house037_1",
    "weight": 250,
    "method": "json",
    "object": {
      "palettes": [
        "lsm_residential",
        "lsm_residential_items",
        "lsm_residential_ground",
        "lsm_residential_lino_ktch",
        "lsm_residential_lino_bth"
      ],
      "fill_ter": "t_floor",
      "rows": [
        "{-----{{{{{{{{{{{{{{{{{{",
        "{-----{.......%..jjj...{",
        "{-----{.%..............{",
        "{-----{.........G.K.G%.{",
        "{-----(------..........{",
        "{-----{&&&&&-&&&.0000..{",
        "{-----##o#[o*[]]o]o]]..{",
        "{-----#JJ2|y=|sE   y]..{",
        "{-----o5_1|L |H  l yo..{",
        "{-----#O_F|! |H  l x]0.{",
        "{-----#6_4|  |H  l  ]0.{",
        "{-----#y     |s    a]0.{",
        "{-----]  h   ||  |||]0.{",
        "{-----o  ff  |!  +__o..{",
        "{...p-o hffh    V|St]^.{",
        "{...]`]  h      V|||]..{",
        "{%..o *=   yb|  yRRR]..{",
        "{...]o]|||+|||      o..{",
        "{.-...]R  h P|++||+|]..{",
        "{]*]].]RRrrrP|qQ|> <]..{",
        "{],U].]]]oo]]]]]]]o]]..{",
        "{],Uo..................{",
        "{]]]]..................{",
        "{{{{{{{{{{{{{{{{{{{{{{{{"
      ],
      "terrain": {
        "]": "t_wall_wood",
        "[": "t_wall_r",
        "#": "t_concrete_wall",
        "{": "t_privacy_fence",
        "(": "t_privacy_fencegate_c",
        "_": "t_linoleum_gray",
        ",": "t_concrete",
        "%": [ [ "t_region_tree_nut", 5 ], [ "t_region_tree_shade", 4 ], [ "t_region_tree_fruit", 2 ] ],
        "&": "t_dirtmound",
        "0": "t_shrub_lilac",
        "=": "t_carpet_yellow",
        "G": "t_region_groundcover_urban",
        "K": "t_region_groundcover_urban",
        "Q": "t_null",
        "`": "t_screen_door_c"
      },
      "furniture": { "!": "f_table", "&": "f_region_flower" },
      "items": { "!": { "item": "table_foyer", "chance": 50 } },
      "place_loot": [ { "item": "television", "x": 19, "y": 9 } ],
      "place_vehicles": [ { "vehicle": "pickup", "x": 3, "y": 9, "chance": 25, "status": 80, "rotation": 90 } ]
    }
  },
  {
    "type": "mapgen",
    "om_terrain": "lsm_house037_2",
    "weight": 250,
    "method": "json",
    "object": {
      "palettes": [ "lsm_residential", "lsm_residential_items", "lsm_residential_upper", "lsm_residential_lino_bth" ],
      "fill_ter": "t_floor",
      "rows": [
        "........................",
        "........................",
        "........................",
        "........................",
        "........................",
        "........................",
        "......,,,,,,,,,,,,,,,...",
        "......,,,,,,,,,,,,,,,...",
        "......,,,,,,,,,,,,,,,...",
        "......]]oo]]]]]]]oo]]...",
        "......]C y|dd|!|sETy]...",
        "......o@@ |++|+|H  #]...",
        "......o@@    + |H  x]...",
        "......]C   Db| |H  so...",
        "......]||||||| |||+|]...",
        "....,,]y    +      $]^..",
        "....,,]C  Db|RR     ]...",
        "....,,o@@ |||||+||| o...",
        "......o@@ +d|____B| o...",
        ".,,,,.]C  +d|tS88B|>]...",
        ".,,,,.]]oo]]]]]]]]]]]...",
        ".,,,,...................",
        ".,,,,...................",
        "........................"
      ],
      "terrain": { "_": "t_linoleum_gray", "]": "t_wall_wood", ",": "t_shingle_flat_roof" },
      "furniture": { "!": "f_clothing_rail", "$": "f_table" },
      "items": {
        "$": { "item": "table_foyer", "chance": 50 },
        "!": [ { "item": "dress_shop", "chance": 30, "repeat": [ 1, 2 ] }, { "item": "jackets", "chance": 30, "repeat": [ 1, 2 ] } ]
      },
      "place_loot": [ { "item": "television", "x": 19, "y": 12 } ]
    }
  },
  {
    "type": "mapgen",
    "om_terrain": "lsm_house037_r",
    "weight": 250,
    "method": "json",
    "object": {
      "palettes": [ "lsm_residential_roof" ],
      "fill_ter": "t_open_air",
      "rows": [
        "                        ",
        "                        ",
        "                        ",
        "                        ",
        "                        ",
        "                        ",
        "                        ",
        "                        ",
        "                        ",
        "      ---------------   ",
        "      3.............|   ",
        "      3.bbb........~|   ",
        "      3.bbb.........|   ",
        "      3.............|   ",
        "      3...X.........|   ",
        "      3.............5   ",
        "      3.............|   ",
        "      3.............|   ",
        "      3...N......=..|   ",
        "      3.............|   ",
        "      222222222222222   ",
        "                        ",
        "                        ",
        "                        "
      ],
      "furniture": { "b": "f_solar_unit" }
    }
  }
]
