[
  {
    "type": "mapgen",
    "om_terrain": "lsm_house024_1",
    "weight": 250,
    "method": "json",
    "object": {
      "palettes": [ "lsm_residential", "lsm_residential_items", "lsm_residential_ground", "lsm_residential_lino_bth" ],
      "fill_ter": "t_floor",
      "rows": [
        "........p--.............",
        "..;;;...?--?............",
        "..;;;;...--..000000000..",
        "..;;;;...--..####oo###..",
        "...;;;..?--?.#y $  RR#..",
        ".%.......----or     s#..",
        ".00000000----orh  l Ho.%",
        ".###oo###----#r   l Ho..",
        ".# C@@C|##*o##T   l H#..",
        ".#b @@ |!!  =|      s#..",
        ".o     |b   L|  |||||#..",
        ".o     +        |w8St#..",
        ".#  |++|++|     +____o..",
        ".#dd|dD|WZ|   RR|QBB8#..",
        ".##||||||||   |||||||#..",
        ".^#v+  +      |y    y#..",
        "..#D+  ||       ,&,, #..",
        "..#||  y|6 J    ,ff, o..",
        "..o    d|6 J F| &ff& o..",
        "..o@@  d|7   2| ,ff, o..",
        "..#@@C T|4n5O1|y,,&,y#..",
        "..###oo####oo####ooo##..",
        "........................",
        "..................%....."
      ],
      "terrain": {
        "#": "t_wall_p",
        "_": "t_linoleum_gray",
        "0": [ [ "t_shrub", 2 ], "t_shrub_strawberry", "t_shrub_blueberry" ],
        "%": [ [ "t_region_tree_nut", 5 ], [ "t_region_tree_shade", 4 ], [ "t_region_tree_fruit", 2 ] ],
        "?": "t_column",
        ";": "t_water_sh",
        "W": "t_linoleum_gray",
        "Z": "t_linoleum_gray",
        ",": "t_carpet_yellow",
        "f": "t_carpet_yellow",
        "&": "t_carpet_yellow",
        "-": "t_concrete"
      },
      "furniture": { "!": "f_table", "$": "f_piano", "&": "f_chair", "=": "f_rack" },
      "items": { "!": { "item": "table_foyer", "chance": 50 }, "=": { "item": "clothing_outdoor_shoes", "chance": 50 } },
      "place_loot": [ { "item": "laptop", "x": 14, "y": 6 } ]
    }
  },
  {
    "type": "mapgen",
    "om_terrain": "lsm_house024_r",
    "weight": 250,
    "method": "json",
    "object": {
      "palettes": [ "lsm_residential_roof" ],
      "fill_ter": "t_open_air",
      "rows": [
        "                        ",
        "                        ",
        "                        ",
        "             ---------  ",
        "             -.......|  ",
        "             -.......|  ",
        "             -.......|  ",
        " --------    -.......|  ",
        " 3......------.......|  ",
        " 3...................|  ",
        " 3...................|  ",
        " 3...................|  ",
        " 3...................|  ",
        " 3...................|  ",
        " 33..................|  ",
        "  5.............oooo.|  ",
        "  3...N.........oooo.|  ",
        "  3.............oooo.|  ",
        "  3.............oooo.|  ",
        "  3.............oooo.|  ",
        "  3..................|  ",
        "  22222222222222222222  ",
        "                        ",
        "                        "
      ]
    }
  }
]
