[
  {
    "type": "mapgen",
    "om_terrain": "lsm_house012_1",
    "weight": 250,
    "method": "json",
    "object": {
      "palettes": [
        "lsm_residential",
        "lsm_residential_items",
        "lsm_residential_ground",
        "lsm_residential_lino_ktch",
        "lsm_residential_lino_bth"
      ],
      "fill_ter": "t_floor",
      "rows": [
        ".------.p...............",
        "..------.....%..........",
        "...------...............",
        ".%..--------{{{{{{{{{{..",
        ".....-------,,qqq,,,,{..",
        ".00000------,,,,,,,,G{..",
        ".##oo###oo##,,,,,,,,K{..",
        ".#d  C@@C d#,,,,,,,,G{..",
        ".#d   @@  d#o*###oo###..",
        ".#y        |L RH     #0.",
        ".#|+|||+|| |  RH l  x#0.",
        ".#w D|v D| |  RH l  x#0.",
        ".#||||||||+|  RH     #0.",
        ".ot______+ |   s E  y#0.",
        ".#BB8S|ZW|          To0.",
        ".#||||||||  AA       o0.",
        ".#zz|D |Q+ |12Y_|    #0.",
        ".#|+||+|||+|n___|T   #0.",
        ".#C    dd  |F_J_|   h#^.",
        ".#@@       |5_J_| hff#0.",
        ".#@@     h |O___| hff#0.",
        ".#C  yPPrrr|7436|y  h#0.",
        ".####oo##########oo###0.",
        "........................"
      ],
      "terrain": {
        "0": [ [ "t_shrub", 2 ], "t_shrub_strawberry", "t_shrub_blueberry" ],
        "%": [ [ "t_region_tree_nut", 5 ], [ "t_region_tree_shade", 4 ], [ "t_region_tree_fruit", 2 ] ],
        "#": "t_wall_p",
        "_": "t_linoleum_gray",
        "{": "t_railing_v",
        ",": "t_floor_noroof",
        "Y": "t_linoleum_gray",
        "W": "t_linoleum_gray",
        "Z": "t_linoleum_gray",
        "Q": "t_null",
        "K": "t_floor_noroof",
        "G": "t_floor_noroof",
        "w": "t_null",
        "q": "t_floor_noroof"
      },
      "place_loot": [ { "item": "television", "x": 20, "y": 10 } ]
    }
  },
  {
    "type": "mapgen",
    "om_terrain": "lsm_house012_r",
    "weight": 250,
    "method": "json",
    "object": {
      "palettes": [ "lsm_residential_roof" ],
      "fill_ter": "t_open_air",
      "rows": [
        "                        ",
        "                        ",
        "                        ",
        "                        ",
        "                        ",
        "                        ",
        " -----------            ",
        " 3.........-            ",
        " 3.........-----------  ",
        " 3...................|  ",
        " 3...................|  ",
        " 3...................|  ",
        " 3...................|  ",
        " 3...................|  ",
        " 3................X..|  ",
        " 3...................|  ",
        " 3...................|  ",
        " 3.....N.............|  ",
        " 3...................5  ",
        " 3...................|  ",
        " 3...................|  ",
        " 3...................|  ",
        " 222222222222222222222  ",
        "                        "
      ]
    }
  }
]
