[
  {
    "type": "mapgen",
    "om_terrain": "lsm_house005_1",
    "weight": 125,
    "method": "json",
    "object": {
      "palettes": [ "standard_domestic_palette", "standard_domestic_lino_bathroom", "standard_domestic_lino_kitchen" ],
      "fill_ter": "t_floor",
      "rows": [
        "........................",
        ".######o*o########.||||.",
        ".#z+   ===  |88St#.|~U|.",
        ".oz|y//===  +____#.|~q|.",
        ".#||||||y   |QwBB#.|*||.",
        ".#!@@ D|R   |||||#......",
        ".o     |R   +}|z #......",
        ".#   { +    ||||+#......",
        ".#ddbII|s    TEl o......",
        ".#||||||s        o....%.",
        ".#RR {I|y   HHHl o......",
        ".o!   I|         o......",
        ".#@    +    lll a#......",
        ".#@ ddy|RR      a#.00000",
        ".#||||||||  &x& y#.00000",
        ".#1FY_hff|  |||||#.00000",
        ".o2____ff|  |iiiio-00000",
        ".oO_J__h_      ==*-00000",
        ".#5_J____|  |/ ==o-00000",
        ".#7___?66|RR|$  L#p00000",
        ".###oo########oo##.00000",
        "..^................00000",
        ".%.................00000",
        "...................00000"
      ],
      "terrain": {
        "_": "t_linoleum_gray",
        "%": [ [ "t_region_tree_nut", 5 ], [ "t_region_tree_shade", 4 ], [ "t_region_tree_fruit", 2 ] ],
        "0": "t_pavement",
        "=": "t_carpet_red",
        "~": "t_thconc_floor",
        "f": "t_linoleum_gray",
        "Y": "t_linoleum_gray",
        "h": "t_linoleum_gray",
        "?": "t_linoleum_gray",
        "U": "t_thconc_floor",
        "q": "t_thconc_floor"
      },
      "furniture": {
        "!": "f_table",
        "$": "f_rack",
        "&": "f_table",
        "?": [ "f_indoor_plant", "f_indoor_plant_y" ],
        "{": "f_chair",
        "/": "f_table",
        "}": "f_clothing_rail"
      },
      "items": {
        "/": { "item": "table_foyer", "chance": 50 },
        "}": { "item": "jackets", "chance": 50, "repeat": [ 2, 3 ] },
        "$": { "item": "clothing_outdoor_shoes", "chance": 100, "repeat": [ 1, 3 ] }
      },
      "place_loot": [ { "item": "lawnmower", "x": 20, "y": 2, "chance": 50 }, { "item": "television", "x": 13, "y": 14, "chance": 100 } ],
      "place_vehicles": [ { "vehicle": "car", "x": 21, "y": 17, "chance": 30, "fuel": 80, "status": 50, "rotation": 270 } ],
      "rotation": [ 2 ]
    }
  },
  {
    "type": "mapgen",
    "om_terrain": "lsm_house005_1",
    "weight": 10,
    "method": "json",
    "object": {
      "palettes": [ "standard_domestic_palette", "standard_domestic_lino_bathroom", "standard_domestic_lino_kitchen" ],
      "fill_ter": "t_floor",
      "rows": [
        "........................",
        ".######o*o########.||||.",
        ".#z+   ===  |88St#.|~U|.",
        ".oz|y//===  +____#.|~q|.",
        ".#||||||y   |QwBB#.|*||.",
        ".#[[[  |R   |||||#......",
        ".o     |R   +}|z #......",
        ".#     +    ||||+#......",
        ".#[[[  |M    TEl o......",
        ".#||||||M        o....%.",
        ".#RR {I|y   HHHl o......",
        ".o!   I|         o......",
        ".#@    +    lll a#......",
        ".#@ ddy|RR      a#.00000",
        ".#||||||||  &x& y#.00000",
        ".#1FY_hff|  |||||#.00000",
        ".o2____ff|  |iiiio-00000",
        ".oO_J__h_      ==*-00000",
        ".#5_J____|  |/ ==o-00000",
        ".#7___?66|RR|$  L#p00000",
        ".###oo########oo##.00000",
        "..^................00000",
        ".%.................00000",
        "...................00000"
      ],
      "terrain": {
        "_": "t_linoleum_gray",
        "%": [ [ "t_region_tree_nut", 5 ], [ "t_region_tree_shade", 4 ], [ "t_region_tree_fruit", 2 ] ],
        "0": "t_pavement",
        "=": "t_carpet_red",
        "~": "t_thconc_floor",
        "f": "t_linoleum_gray",
        "Y": "t_linoleum_gray",
        "h": "t_linoleum_gray",
        "?": "t_linoleum_gray",
        "U": "t_thconc_floor",
        "q": "t_thconc_floor"
      },
      "furniture": {
        "[": "f_bookcase",
        "!": "f_table",
        "$": "f_rack",
        "&": "f_table",
        "?": [ "f_indoor_plant", "f_indoor_plant_y" ],
        "{": "f_chair",
        "/": "f_table",
        "}": "f_clothing_rail"
      },
      "items": {
        "M": { "item": "toy_store", "chance": 100, "repeat": [ 2, 3 ] },
        "[": { "item": "novels", "chance": 100, "repeat": [ 20, 40 ] },
        " ": [ { "item": "trash", "chance": 50 }, { "item": "newspaper_old", "chance": 50, "repeat": [ 5, 7 ] } ],
        "/": { "item": "table_foyer", "chance": 50 },
        "}": { "item": "jackets", "chance": 50, "repeat": [ 5, 8 ] },
        "$": { "item": "clothing_outdoor_shoes", "chance": 100, "repeat": [ 6, 10 ] }
      },
      "place_loot": [
        { "group": "magazines", "x": [ 4, 7 ], "y": [ 8, 12 ], "chance": 75, "repeat": [ 12, 15 ] },
        { "group": "trash", "x": [ 2, 16 ], "y": [ 2, 19 ], "chance": 70, "repeat": [ 120, 140 ] },
        { "item": "lawnmower", "x": 20, "y": [ 2, 12 ], "chance": 30 },
        { "item": "television", "x": 13, "y": 14, "chance": 100 }
      ],
      "place_vehicles": [ { "vehicle": "car", "x": 21, "y": 17, "chance": 30, "fuel": 80, "status": 50, "rotation": 270 } ],
      "rotation": [ 2 ]
    }
  },
  {
    "type": "mapgen",
    "om_terrain": "lsm_house005_1",
    "weight": 125,
    "method": "json",
    "object": {
      "palettes": [ "standard_domestic_palette", "standard_domestic_lino_bathroom", "standard_domestic_lino_kitchen" ],
      "fill_ter": "t_floor",
      "rows": [
        "........................",
        ".##oo#####oo######.||||.",
        ".#!@@b D|@!Dd |zz#.|~U|.",
        ".o @@  d|@   h| z#.|~U|.",
        ".#      |   II|+|#.|*||.",
        ".#|||||+|+||||| L#......",
        ".orh +           *-.....",
        ".#r  |RRR   yRR$$#......",
        ".#  z||||  ||||||#.u....",
        ".#|+||WZ|  |sxsT #....%.",
        ".#P z|z +        o......",
        ".#||||qq|    ll  o......",
        ".#BSt|||| y|    a#......",
        ".#B__+    y|HHH a#......",
        ".#QQ8|V=y  ||||||#......",
        ".#|||||||  b|7421#......",
        ".o h         ___F#......",
        ".ohffh ?|  y|4__3o......",
        ".# ff  ?|  /|6__O#...X..",
        ".#yh  yy|L $|6n5J#......",
        ".##ooo####*o##oo##......",
        "..^......---............",
        ".........---.......%....",
        "........p---............"
      ],
      "terrain": {
        "_": "t_linoleum_gray",
        "%": [ [ "t_region_tree_nut", 5 ], [ "t_region_tree_shade", 4 ], [ "t_region_tree_fruit", 2 ] ]
      },
      "furniture": { "!": "f_table", "$": "f_table", "/": "f_rack", "=": "f_table", "?": "f_glass_cabinet" },
      "items": {
        "!": { "item": "nightstand", "chance": 50 },
        "/": { "item": "clothing_outdoor_shoes", "chance": 30, "repeat": [ 1, 2 ] },
        "$": { "item": "table_foyer", "chance": 35, "repeat": [ 1, 2 ] },
        "=": { "item": "magazines", "chance": 50, "repeat": [ 2, 4 ] },
        "?": { "item": "dishes_dining", "chance": 30, "repeat": [ 2, 4 ] }
      },
      "place_loot": [ { "item": "television", "x": 13, "y": 9, "chance": 100, "repeat": 1 } ],
      "rotation": [ 2 ]
    }
  },
  {
    "type": "mapgen",
    "om_terrain": "lsm_house005_r",
    "weight": 250,
    "method": "json",
    "object": {
      "palettes": [ "roof_palette" ],
      "fill_ter": "t_open_air",
      "rows": [
        "                        ",
        " 22222222222222223 .... ",
        " |...............3 .... ",
        " |...............3 .... ",
        " |...=...........3 .... ",
        " |...............3      ",
        " |...............3      ",
        " |...............3      ",
        " |...............3      ",
        " |...............3      ",
        " |...............3      ",
        " |...............3      ",
        " |..............~3      ",
        " |..............~3      ",
        " |...............3      ",
        " |...............3      ",
        " |...............3      ",
        " |...............3      ",
        " |...............3      ",
        " |...............3      ",
        " -5---------------      ",
        "                        ",
        "                        ",
        "                        "
      ],
      "terrain": { ".": "t_shingle_flat_roof", "~": "t_shingle_flat_roof", "=": "t_shingle_flat_roof" },
      "rotation": [ 2 ]
    }
  }
]
