[
  {
    "type": "mapgen",
    "om_terrain": "lsm_house027_1",
    "weight": 250,
    "method": "json",
    "object": {
      "palettes": [
        "lsm_residential",
        "lsm_residential_items",
        "lsm_residential_ground",
        "lsm_residential_lino_ktch",
        "lsm_residential_lino_bth"
      ],
      "fill_ter": "t_floor",
      "rows": [
        ".?---------p............",
        ".#{{{{{##*o###000##o##..",
        ".#-----|$ L|q#00##8_t#..",
        ".#-----|R b|+#oo#Q__So0.",
        ".#-----|R       +__BB#0.",
        ".#-----|R  ||+|||||||#..",
        ".#-----|R y|b zz|D dd#..",
        ".#-----+  V|    |   C#..",
        ".#-----|  V|&  /|  @@o0.",
        ".#||||||   ||||||  @@o0.",
        ".#1_4_y         +   C#..",
        ".o5_7_   s`l`H|+|#oo##..",
        ".oO_JA   x`l`H| Z#=,,!..",
        ".#F_J_   s`l`H| Wo=,,!..",
        "^#3___    ```T|UU#=,,!..",
        ".#2_66     E |####,,G!..",
        ".#||||       y#,,,,,K!..",
        ".#v d|+| `h`` ~,,,,,K!..",
        ".#|+|| | hffh o,,,,,G!..",
        ".#     | `ff` #!!,,!!!..",
        ".# @@  | hffh #0........",
        ".#C@@CD|y``h`y#0........",
        ".##oo#####oo###0........",
        "........................"
      ],
      "terrain": {
        "#": "t_wall_b",
        "~": "t_door_glass_c",
        "_": "t_linoleum_gray",
        "A": "t_linoleum_gray",
        "-": "t_concrete",
        ",": "t_floor_noroof",
        "0": [ [ "t_shrub", 2 ], "t_shrub_strawberry", "t_shrub_blueberry" ],
        "!": "t_railing_v",
        "{": "t_door_metal_locked",
        "?": "t_gates_mech_control",
        "`": "t_carpet_green",
        "h": "t_carpet_green",
        "f": "t_carpet_green",
        "T": "t_carpet_green",
        "H": "t_carpet_green",
        "l": "t_carpet_green",
        "K": "t_floor_noroof",
        "G": "t_floor_noroof"
      },
      "furniture": { "$": "f_rack", "&": "f_ergometer", "/": "f_treadmill", "=": "f_rack" },
      "items": {
        "=": [ { "item": "sports", "chance": 30 }, { "item": "camping", "chance": 30 } ],
        "$": { "item": "clothing_outdoor_shoes", "chance": 50 }
      },
      "place_loot": [ { "item": "television", "x": 9, "y": 12 } ]
    }
  },
  {
    "type": "mapgen",
    "om_terrain": "lsm_house027_r",
    "weight": 250,
    "method": "json",
    "object": {
      "palettes": [ "lsm_residential_roof" ],
      "fill_ter": "t_open_air",
      "rows": [
        "                        ",
        " 3------------   -----  ",
        " 3...........-  --...|  ",
        " 3...........----....|  ",
        " 3...................|  ",
        " 3...................|  ",
        " 3...................|  ",
        " 3....X..............|  ",
        " 3...................|  ",
        " 3...................|  ",
        " 3...................|  ",
        " 3...............|||||  ",
        " 3.&.............|      ",
        " 3...............|      ",
        " 5...............|      ",
        " 3............||||      ",
        " 3............|         ",
        " 3.......oooo.|         ",
        " 3.......oooo.|         ",
        " 3.......oooo.|         ",
        " 3.......oooo.|         ",
        " 3............|         ",
        " 22222222222222         ",
        "                        "
      ]
    }
  }
]
