[
  {
    "type": "mapgen",
    "om_terrain": "lsm_house008_1",
    "weight": 100,
    "method": "json",
    "object": {
      "palettes": [ "standard_domestic_palette", "standard_domestic_lino_bathroom", "standard_domestic_lino_kitchen" ],
      "fill_ter": "t_floor_waxed",
      "rows": [
        "........................",
        "............jjjj------..",
        ".##oo#######ooo###~~###.",
        ".#!  DD|a &{/=`[y____Y#.",
        ".#@@   |a `/]`/= __A_Ao.",
        ".#@@  d|  /]fC]` 6_JnJo.",
        ".#!   d|  =`C(`/ 4____#.",
        ".ob    +  `)(f)= 21F5O#.",
        ".#||+|||| /=`)=` |||||#^",
        ".#B____|V        RRR|<#.",
        ".#BSt8w|V             #.",
        ".#||||||V     R|+|||+|#.",
        ".#sHHHsy      R|_t|W Zo.",
        ".#         ?  R|_S|q qo.",
        ".o lll    r| L######+##.",
        ".#     E hr| y#iii,,,N#.",
        ".# sxsTyy r#*o#,,,,,,No.",
        ".#yyyy##oo##--#,,,,,,No.",
        ".##oo##}}}}}--#,,,,,,,#.",
        "..}}}}.....p--#,,,,,,U#.",
        ".......}}}..--#,,,,,,U#.",
        "...X...}c}..--#,,,,,,,#.",
        ".......}}}..--#%%%%%%%#.",
        "............----------$."
      ],
      "terrain": {
        "$": "t_gates_mech_control",
        "%": "t_door_metal_locked",
        "~": "t_door_glass_c",
        ",": "t_thconc_floor",
        "_": "t_linoleum_gray",
        "A": "t_linoleum_gray",
        "Y": "t_linoleum_gray",
        "}": [ [ "t_shrub", 2 ], "t_shrub_strawberry", "t_shrub_blueberry" ],
        "c": "t_region_groundcover_urban",
        "U": "t_thconc_floor",
        "N": "t_thconc_floor",
        "=": "t_carpet_purple",
        "/": "t_carpet_yellow",
        "`": "t_carpet_red",
        "{": "t_carpet_red",
        "f": "t_carpet_red",
        "C": "t_carpet_yellow",
        ")": "t_carpet_yellow",
        "[": "t_carpet_yellow",
        "&": "t_carpet_purple",
        "(": "t_carpet_purple",
        "]": "t_carpet_purple",
        "i": "t_thconc_floor"
      },
      "furniture": {
        "!": "f_table",
        "0": "f_table",
        "i": "f_rack",
        "&": "f_piano",
        "?": "f_table",
        "{": [ "f_indoor_plant", "f_indoor_plant_y" ],
        "[": [ "f_indoor_plant", "f_indoor_plant_y" ],
        "]": "f_chair",
        "C": "f_table",
        "(": "f_table",
        ")": "f_chair"
      },
      "items": {
        "C": [
          { "item": "dishes_dining", "chance": 30 },
          { "item": "tea_dishes", "chance": 10, "repeat": [ 1, 2 ] },
          { "item": "baked_goods", "chance": 5 },
          { "item": "groce_condiment", "chance": 10, "repeat": [ 1, 2 ] },
          { "item": "dining", "chance": 10 }
        ],
        "(": [
          { "item": "dishes_dining", "chance": 30 },
          { "item": "tea_dishes", "chance": 10, "repeat": [ 1, 2 ] },
          { "item": "baked_goods", "chance": 5 },
          { "item": "groce_condiment", "chance": 10, "repeat": [ 1, 2 ] },
          { "item": "dining", "chance": 10 }
        ],
        "!": { "item": "nightstand", "chance": 35 },
        "?": { "item": "table_foyer", "chance": 40 }
      },
      "place_loot": [
        { "group": "guns_pistol_common", "x": 6, "y": 6, "chance": 50 },
        { "group": "stash_drugs", "x": 6, "y": 6, "chance": 50 },
        { "item": "log", "x": [ 15, 17 ], "y": 15, "repeat": [ 2, 3 ] },
        { "item": "television", "x": 4, "y": 16 },
        { "item": "laptop", "x": 10, "y": 15, "chance": 50 }
      ],
      "place_vehicles": [ { "vehicle": "electric_car", "x": 17, "y": 18, "chance": 30, "status": 50, "rotation": 270 } ],
      "rotation": [ 2 ]
    }
  },
  {
    "type": "mapgen",
    "om_terrain": "lsm_house008_1",
    "weight": 10,
    "method": "json",
    "object": {
      "palettes": [ "standard_domestic_palette", "standard_domestic_lino_bathroom", "standard_domestic_lino_kitchen" ],
      "fill_ter": "t_floor_waxed",
      "rows": [
        "........................",
        "............jjjj------..",
        ".##o:#######o::###~~###.",
        ".#!  DD|a &{/=`[y____Y#.",
        ".#@@   |a `/]`/= __A_Ao.",
        ".#@@  d|  /]fC]` 6_JnJ:.",
        ".#!   d|  =`C(`/ 4____#.",
        ".:b    +  `)(f)= 21F5O#.",
        ".#||+|||| /=`)=` |||||#^",
        ".#B____|V        RRR|<#.",
        ".#BSt8w|V             #.",
        ".#||||||V     R|+|||+|#.",
        ".#sHHHsy      R|_t|W Z:.",
        ".#         ?  R|_S|q qo.",
        ".# lll    r| L######+##.",
        ".#     E hr| y#iii,,,N#.",
        ".# sxsTyy r#*:#,,,,,,N:.",
        ".#yyyy##:o##--#,,,,,,No.",
        ".##:o##}}}}}--#,,,,,,,#.",
        "..}}}}.....p--#,,,,,,U#.",
        ".......}}}..--#,,,,,,U#.",
        "...X...}c}..--#,,,,,,,#.",
        ".......}}}..--#%%%%%%%#.",
        "............----------$."
      ],
      "terrain": {
        "$": "t_gates_mech_control",
        "%": "t_door_metal_locked",
        "~": "t_door_glass_c",
        ":": "t_window_frame",
        ",": "t_thconc_floor",
        "_": "t_linoleum_gray",
        "A": "t_linoleum_gray",
        "Y": "t_linoleum_gray",
        "}": [ [ "t_shrub", 2 ], "t_shrub_strawberry", "t_shrub_blueberry" ],
        "c": "t_region_groundcover_urban",
        "U": "t_thconc_floor",
        "N": "t_thconc_floor",
        "=": "t_carpet_purple",
        "/": "t_carpet_yellow",
        "`": "t_carpet_red",
        "{": "t_carpet_red",
        "f": "t_carpet_red",
        "C": "t_carpet_yellow",
        ")": "t_carpet_yellow",
        "[": "t_carpet_yellow",
        "&": "t_carpet_purple",
        "(": "t_carpet_purple",
        "]": "t_carpet_purple",
        "i": "t_thconc_floor"
      },
      "furniture": {
        "!": "f_table",
        "0": "f_table",
        "i": "f_rack",
        "&": "f_piano",
        "?": "f_table",
        "{": [ "f_indoor_plant", "f_indoor_plant_y" ],
        "[": [ "f_indoor_plant", "f_indoor_plant_y" ],
        "]": "f_chair",
        "C": "f_table",
        "(": "f_table",
        ")": "f_chair"
      },
      "items": {
        "C": [
          { "item": "dishes_dining", "chance": 30 },
          { "item": "tea_dishes", "chance": 10, "repeat": [ 1, 2 ] },
          { "item": "baked_goods", "chance": 5 },
          { "item": "groce_condiment", "chance": 10, "repeat": [ 1, 2 ] },
          { "item": "dining", "chance": 10 }
        ],
        "(": [
          { "item": "dishes_dining", "chance": 30 },
          { "item": "tea_dishes", "chance": 10, "repeat": [ 1, 2 ] },
          { "item": "baked_goods", "chance": 5 },
          { "item": "groce_condiment", "chance": 10, "repeat": [ 1, 2 ] },
          { "item": "dining", "chance": 10 }
        ],
        "!": { "item": "nightstand", "chance": 35 },
        "?": { "item": "table_foyer", "chance": 40 }
      },
      "place_loot": [
        { "item": "rock", "x": [ 3, 5 ], "y": [ 3, 4 ] },
        { "item": "glass_shard", "x": [ 3, 5 ], "y": [ 3, 4 ], "repeat": [ 2, 4 ] },
        { "item": "rock", "x": [ 2, 4 ], "y": [ 6, 7 ] },
        { "item": "glass_shard", "x": [ 2, 4 ], "y": [ 6, 7 ], "repeat": [ 3, 5 ] },
        { "item": "rock", "x": [ 11, 15 ], "y": [ 3, 5 ], "repeat": [ 2 ] },
        { "item": "glass_shard", "x": [ 11, 15 ], "y": [ 3, 5 ], "repeat": [ 6, 9 ] },
        { "item": "rock", "x": [ 19, 21 ], "y": [ 3, 6 ] },
        { "item": "glass_shard", "x": [ 19, 21 ], "y": [ 3, 6 ], "repeat": [ 3, 5 ] },
        { "item": "rock", "x": [ 19, 21 ], "y": [ 12, 13 ] },
        { "item": "glass_shard", "x": [ 19, 21 ], "y": [ 12, 13 ], "repeat": [ 4, 5 ] },
        { "item": "rock", "x": [ 19, 21 ], "y": [ 15, 18 ] },
        { "item": "glass_shard", "x": [ 19, 21 ], "y": [ 15, 18 ], "repeat": [ 3, 4 ] },
        { "item": "rock", "x": [ 12, 13 ], "y": [ 13, 14 ] },
        { "item": "glass_shard", "x": [ 12, 13 ], "y": [ 13, 15 ], "repeat": [ 3, 4 ] },
        { "item": "rock", "x": [ 8, 10 ], "y": [ 14, 16 ] },
        { "item": "glass_shard", "x": [ 8, 10 ], "y": [ 14, 16 ], "repeat": [ 2, 5 ] },
        { "item": "rock", "x": [ 2, 6 ], "y": [ 14, 16 ] },
        { "item": "glass_shard", "x": [ 2, 6 ], "y": [ 14, 16 ], "repeat": [ 4, 5 ] },
        { "item": "log", "x": [ 15, 17 ], "y": 15, "repeat": [ 2, 3 ] },
        { "item": "television", "x": 4, "y": 16 },
        { "item": "laptop", "x": 10, "y": 15, "chance": 50 }
      ],
      "place_vehicles": [ { "vehicle": "electric_car", "x": 17, "y": 18, "chance": 30, "status": 50, "rotation": 270 } ],
      "place_graffiti": [
        { "text": "Shame!", "x": 17, "y": 2 },
        { "text": "Die!", "x": 8, "y": 2 },
        { "text": "Get out of <city>", "x": 20, "y": 22 },
        { "text": "Die!", "x": 11, "y": 17 },
        { "text": "Rot in Hell", "x": 12, "y": 16 },
        { "text": "Scum", "x": 9, "y": 17 },
        { "text": "Traitor", "x": 5, "y": 18 }
      ],
      "rotation": [ 2 ]
    }
  },
  {
    "type": "mapgen",
    "om_terrain": "lsm_house008_1",
    "weight": 120,
    "method": "json",
    "object": {
      "palettes": [ "standard_domestic_palette", "standard_domestic_lino_bathroom" ],
      "fill_ter": "t_floor_waxed",
      "rows": [
        "........................",
        "..----..............?...",
        ".##~~####:::######o##o#.",
        ".#F   1|a l H|zz|y!@@!#.",
        ".#J J 2|a l H|++|  @@ o.",
        ".#O n 3|    H|        o.",
        ".#5 J 4| HHHs|+||||D d#.",
        ".#7 Y 6| {{{{y |==|D d#.",
        ".:y            |++||||#^",
        ".:  h h              <o.",
        ".:hffff  |V  R||+|||+|#.",
        ".: ffffh |V  R|z z|U qo.",
        ".:y h h y|V  R|z z|Z qo.",
        ".#||||||||&  R|zz}|W U#.",
        ".oy&         b######+##.",
        ".#||+||++|&  L#NNNN,,/#.",
        ".#t__B|QQ|y#*o#,,,,,,/o.",
        ".#S_8B####o#--#,,,,,,/o.",
        ".##oo##000.p--#,,,,,,/#.",
        ".......000..--#,,,,,,,#.",
        ".?..........--#,,,,,,,#.",
        "............--#,,,,,,,#.",
        "..c...c...c.--#%%%%%%%#.",
        "............----------$."
      ],
      "terrain": {
        "$": "t_gates_mech_control",
        "%": "t_door_metal_locked",
        "Q": "t_null",
        "~": "t_door_glass_c",
        ",": "t_thconc_floor",
        "_": "t_linoleum_gray",
        "0": "t_shrub_lilac",
        "?": [
          "t_tree",
          "t_tree_pine",
          "t_tree_pear",
          "t_tree_plum",
          "t_tree_cherry",
          "t_tree_maple",
          "t_tree_birch",
          "t_tree_apple",
          "t_tree_willow",
          "t_tree_hickory",
          "t_tree_young"
        ],
        "/": "t_thconc_floor",
        "N": "t_thconc_floor"
      },
      "furniture": {
        "!": "f_table",
        "{": "f_counter",
        "c": "f_boulder_large",
        "&": "f_table",
        "}": "f_gunsafe_ml",
        "=": "f_clothing_rail",
        "/": "f_rack"
      },
      "items": {
        "!": { "item": "nightstand", "chance": 35 },
        "&": { "item": "table_foyer", "chance": 40 },
        "}": { "item": "guns_pistol_common", "chance": 100 },
        "=": { "item": "jackets", "chance": 50, "repeat": [ 2, 4 ] }
      },
      "place_loot": [
        { "group": "liquor_and_spirits", "x": [ 9, 12 ], "y": 7, "repeat": [ 2, 4 ] },
        { "item": "log", "x": 21, "y": [ 15, 18 ], "repeat": [ 2, 3 ] }
      ],
      "place_vehicles": [ { "vehicle": "car", "x": 17, "y": 18, "chance": 30, "status": 50, "rotation": 270 } ],
      "rotation": [ 2 ]
    }
  },
  {
    "type": "mapgen",
    "om_terrain": "lsm_house008_2",
    "weight": 100,
    "method": "json",
    "object": {
      "palettes": [ "standard_domestic_palette", "standard_domestic_lino_bathroom" ],
      "fill_ter": "t_floor_waxed",
      "rows": [
        "........................",
        "........................",
        ".####o#######o#####o###.",
        ".#!@@ +D||D+ !@@|PPy r#.",
        ".o    ||||||b @@|z  hro.",
        ".#db  |QQ|d+    |T   r#.",
        ".#|||+|++||||||+|||+||#.",
        ".#88|       T|y     RR#^",
        ".oS_+   xx            o.",
        ".#__|           z|++|>#.",
        ".#t9| yEllERR|iii|vz||#.",
        ".####*o#oo#####o#######.",
        "./=~~~~~GKG/,,,,,,,,,,).",
        "./=~~~~~~~~/,,,,,,,&,,).",
        "./~~~~~~~~~/,,,,,,,,,,).",
        "./~~~~~~~~~/,,,,,,,,,,).",
        "./~~~~~~~~~/]](,,,,,,,).",
        ".///////////..(,,,,,,,).",
        ".]]]]]].......(,,,,,,,).",
        "..............(,,,,,,,).",
        "..............(,,,,,,,).",
        "..............(,,,,,,,).",
        "..............]]]]]]]]].",
        "........................"
      ],
      "terrain": {
        ",": "t_shingle_flat_roof",
        "]": "t_gutter_south",
        "(": "t_gutter_east",
        ")": "t_gutter_west",
        "_": "t_linoleum_gray",
        "~": "t_floor_noroof",
        "/": "t_railing_v",
        "Q": "t_null",
        "&": "t_shingle_flat_roof",
        "G": "t_floor_noroof",
        "K": "t_floor_noroof",
        ".": "t_open_air"
      },
      "furniture": { "!": "f_table", "=": "f_rack", "&": "f_small_satelitte_dish" },
      "items": { "!": { "item": "nightstand", "chance": 35 }, "=": { "item": "sports", "chance": 35, "repeat": [ 1, 2 ] } },
      "place_loot": [
        { "group": "toy_store", "x": [ 2, 5 ], "y": [ 3, 4 ], "chance": 50, "repeat": [ 2, 3 ] },
        { "group": "child_items", "x": [ 2, 5 ], "y": [ 3, 4 ], "chance": 50, "repeat": [ 1, 2 ] },
        { "item": "lighter", "x": 7, "y": 3, "chance": 25 },
        { "item": "mag_porn", "x": 7, "y": 3, "chance": 10 },
        { "item": "atomic_light", "x": 7, "y": 3, "chance": 1 },
        { "item": "fedora", "x": [ 2, 5 ], "y": [ 3, 5 ], "chance": 15 },
        { "item": "laptop", "x": 21, "y": 4 },
        { "item": "television", "x": 8, "y": 8 }
      ],
      "rotation": [ 2 ]
    }
  },
  {
    "type": "mapgen",
    "om_terrain": "lsm_house008_2",
    "weight": 10,
    "method": "json",
    "object": {
      "palettes": [ "standard_domestic_palette", "standard_domestic_lino_bathroom" ],
      "fill_ter": "t_floor_waxed",
      "rows": [
        "........................",
        "........................",
        ".####o#######o#####o###.",
        ".#!@@ +D||D+ !@@|  y r#.",
        ".o    ||||||b @@|z  hro.",
        ".#db  |QQ|d+    |T   r#.",
        ".#|||+|++||||||+|||+||#.",
        ".#88|    xx T|y   PP R#^",
        ".oS_+               R o.",
        ".#__|            |++|>#.",
        ".#t9|        |iii|vz||#.",
        ".####*o#oo#####o#######.",
        "./~~~~~~~~~/=,,,,,,,,,).",
        "./~~~~~~~~~/,,,,,,,,,,).",
        "./~?~~~~~~~/,,,,,&,,,,).",
        "./~~~~~~~~~/,,,,,,,,,,).",
        "./~~~~~E~~~/]](,,,,,,,).",
        ".///////////..(,,,,,,,).",
        ".]]]]]].......(,,,,,,,).",
        "..............(,,,,,,,).",
        "..............(,,,,,,,).",
        "..............(,,,,,,,).",
        "..............]]]]]]]]].",
        "........................"
      ],
      "terrain": {
        ",": "t_shingle_flat_roof",
        "]": "t_gutter_south",
        "(": "t_gutter_east",
        ")": "t_gutter_west",
        "_": "t_linoleum_gray",
        "~": "t_floor_noroof",
        "/": "t_railing_v",
        "Q": "t_null",
        "&": "t_shingle_flat_roof",
        ".": "t_open_air",
        "E": "t_floor_noroof",
        "=": "t_shingle_flat_roof",
        "?": "t_floor_noroof"
      },
      "furniture": { "!": "f_table", "&": "f_small_satelitte_dish", "=": "f_ladder", "?": "f_brazier" },
      "set": [
        { "point": "trap", "id": "tr_beartrap", "x": 20, "y": 7 },
        { "point": "trap", "id": "tr_nailboard", "x": 18, "y": 8 },
        { "point": "trap", "id": "tr_nailboard", "x": 17, "y": 8 }
      ],
      "items": { "!": { "item": "nightstand", "chance": 35 }, " ": { "item": "trash", "chance": 5 } },
      "place_loot": [
        { "group": "stash_food", "x": [ 6, 10 ], "y": [ 9, 10 ], "repeat": [ 7, 10 ] },
        { "item": "2x4", "x": [ 7, 10 ], "y": [ 12, 13 ], "repeat": [ 13, 17 ] },
        { "item": "survivor_scope", "x": 8, "y": 15, "chance": 20 },
        { "item": "binoculars", "x": 7, "y": 16, "chance": 50 },
        { "item": "laptop", "x": 21, "y": 4 }
      ],
      "rotation": [ 2 ]
    }
  },
  {
    "type": "mapgen",
    "om_terrain": "lsm_house008_2",
    "weight": 130,
    "method": "json",
    "object": {
      "palettes": [ "standard_domestic_palette", "standard_domestic_lino_bathroom" ],
      "fill_ter": "t_floor_waxed",
      "rows": [
        "........................",
        "........................",
        ".##oo#####o###oo###oo##.",
        ".#rrr y=|E l  yy lHHHl#.",
        ".# h    |T            o.",
        ".#                sxs o.",
        ".#||+|||||+||||||     #.",
        ".#    b|D   d|8_+  by #^",
        ".o@@  d|    d|S_||+|| #.",
        ".o@@  d| @@ I|t_|Q z|>o.",
        ".#!   D|!@@hI|BB|Q z||#.",
        ".##oo####oo####o#######.",
        ".(,,,,,,,,,,,,,,,,,,,,).",
        ".(,,,,,,,,,,,,,,,,,,,,).",
        ".(,,,,,,,,,,,,,,,&,,,,).",
        ".(,,,,,,,,,,,,,,,,,,,,).",
        ".(,,,,,,,,,]]](,,,,,,,).",
        ".(,,,,]]]]]]..(,,,,,,,).",
        ".]]]]]].......(,,,,,,,).",
        "..............(,,,,,,,).",
        "..............(,,,,,,,).",
        "..............(,,,,,,,).",
        "..............]]]]]]]]].",
        "........................"
      ],
      "terrain": {
        ",": "t_shingle_flat_roof",
        "]": "t_gutter_south",
        "(": "t_gutter_east",
        ")": "t_gutter_west",
        "_": "t_linoleum_gray",
        "Q": "t_null",
        "&": "t_shingle_flat_roof",
        ".": "t_open_air"
      },
      "furniture": { "!": "f_table", "&": "f_small_satelitte_dish", "=": "f_treadmill" },
      "items": { "!": { "item": "nightstand", "chance": 35 } },
      "place_loot": [ { "item": "laptop", "x": 3, "y": 3 }, { "item": "television", "x": 19, "y": 5 } ],
      "rotation": [ 2 ]
    }
  },
  {
    "type": "mapgen",
    "om_terrain": "lsm_house008_r",
    "method": "json",
    "object": {
      "palettes": [ "roof_palette" ],
      "fill_ter": "t_open_air",
      "rows": [
        "                        ",
        "                        ",
        " 2222222222222222222222 ",
        " |......~.............3 ",
        " |......~.............3 ",
        " |....................3 ",
        " |....................3 ",
        " |.....oooo...........5 ",
        " |.....oooo......XXX..3 ",
        " |.....oooo......XXX..3 ",
        " |....................3 ",
        " ---------------------- ",
        "                        ",
        "                        ",
        "                        ",
        "                        ",
        "                        ",
        "                        ",
        "                        ",
        "                        ",
        "                        ",
        "                        ",
        "                        ",
        "                        "
      ],
      "terrain": { ".": "t_shingle_flat_roof", "X": "t_shingle_flat_roof", "~": "t_shingle_flat_roof" },
      "furniture": { "X": "f_solar_unit" },
      "rotation": [ 2 ]
    }
  }
]
