[
  {
    "type": "mapgen",
    "om_terrain": "lsm_house003_1",
    "weight": 200,
    "method": "json",
    "object": {
      "palettes": [ "standard_domestic_palette", "standard_domestic_lino_bathroom" ],
      "fill_ter": "t_floor",
      "rows": [
        "........................",
        ".|||oo|||o||||o|||oo|||.",
        ".|b  D|tS8B|/rrr| @@!D|^",
        ".|!  y|___B|  h | @@ D|.",
        ".o@@ d|QQ__|E  P|    yo.",
        ".o@@ d|||+||||+||    yo.",
        ".|!    +        + dd b|.",
        ".||+|||||||+|||+||||+||.",
        ".|D v|gwqq| V|$ $|d  d|.",
        ".|||||Z   + V||||||||||.",
        ".|% L|W U|| ||66|F4OO1o.",
        ".||+||||||y          2o.",
        "-|y RRRRRR~??~?  JJJ 5|-",
        "-|&       ???~?   JA 3|-",
        "-*  ssss  ~?~??       *-",
        "-o  HHHH =????~  h   yo-",
        "-o     H =?~?~?hfff  yo-",
        "-|a ll H =[~??? fffh V|-",
        "-|a      =& yy    h  V|-",
        "-||ooo|||oo*oo||||ooo||-",
        "---------#---#----------",
        "---------#---#----------",
        ".......---------........",
        "........p.---..........."
      ],
      "terrain": {
        "_": "t_linoleum_gray",
        "#": [ [ "t_shrub", 2 ], "t_shrub_strawberry", "t_shrub_blueberry" ],
        "~": "t_carpet_red",
        "?": "t_carpet_yellow",
        "[": "t_carpet_red",
        "w": "t_null"
      },
      "furniture": {
        "!": "f_table",
        "$": "f_rack_wood",
        "%": "f_clothing_rail",
        "&": "f_table",
        "[": "f_rack_coat",
        "=": "f_counter",
        "/": "f_shredder"
      },
      "items": {
        "R": [
          { "item": "exotic_books", "chance": 10 },
          { "item": "doctors_books", "chance": 5 },
          { "item": "book_military", "chance": 10 },
          { "item": "literature", "chance": 80 }
        ],
        "[": { "item": "unisex_coat_rack", "chance": 30, "repeat": [ 1, 4 ] },
        "%": { "item": "jackets", "chance": 30, "repeat": [ 1, 4 ] },
        "!": { "item": "nightstand", "chance": 40 },
        "$": { "item": "wines_worthy", "chance": 50, "repeat": [ 1, 3 ] },
        "&": { "item": "table_foyer", "chance": 35 },
        "=": { "item": "liquor_and_spirits", "chance": 50 }
      },
      "rotation": [ 2 ]
    }
  },
  {
    "type": "mapgen",
    "om_terrain": "lsm_house003_1",
    "weight": 25,
    "method": "json",
    "object": {
      "palettes": [ "standard_domestic_palette", "standard_domestic_lino_bathroom" ],
      "fill_ter": "t_floor",
      "rows": [
        "........................",
        ".|||oo|||o||||o|||oo|||.",
        ".|b  D|tS8B|/rrr| @@!D|^",
        ".|!  y|___B|  h | @@ D|.",
        ".o@@ d|QQ__|E  P|    yo.",
        ".o@@ d|||+||||+||    yo.",
        ".|!    +        + dd b|.",
        ".||+|||||||+|||+||||+||.",
        ".|D v|gwqq| V|$ $|d  d|.",
        ".|||||Z   + V||||||||||.",
        ".|% L|W U|| ||66|F4OO1o.",
        ".||+||||||y          2o.",
        "-|y RRRRRR~~~~~  JJJ 5|-",
        "-|&       ~???~   JA 3|-",
        "-*  ssss  ~???~       *-",
        "-o  HHHH =~???~  h   yo-",
        "-o     H =~???~hfff  yo-",
        "-|a ll H =[~~~~ fffh V|-",
        "-|a      =& yy    h  V|-",
        "-||ooo|||oo*oo||||ooo||-",
        "---------#---#----------",
        "---------#---#----------",
        ".......---------........",
        "........p.---..........."
      ],
      "terrain": {
        "_": "t_linoleum_gray",
        "#": [ [ "t_shrub", 2 ], "t_shrub_strawberry", "t_shrub_blueberry" ],
        "~": "t_carpet_red",
        "?": "t_carpet_yellow",
        "[": "t_carpet_red",
        "w": "t_null"
      },
      "furniture": {
        "!": "f_table",
        "$": "f_rack_wood",
        "%": "f_clothing_rail",
        "&": "f_table",
        "[": "f_rack_coat",
        "=": "f_counter",
        "/": "f_shredder"
      },
      "items": {
        "R": [
          { "item": "exotic_books", "chance": 10 },
          { "item": "doctors_books", "chance": 5 },
          { "item": "book_military", "chance": 10 },
          { "item": "literature", "chance": 80 }
        ],
        "[": { "item": "unisex_coat_rack", "chance": 30, "repeat": [ 1, 4 ] },
        "%": { "item": "jackets", "chance": 30, "repeat": [ 1, 4 ] },
        "!": { "item": "nightstand", "chance": 40 },
        "$": { "item": "wines_worthy", "chance": 50, "repeat": [ 1, 3 ] },
        "&": { "item": "table_foyer", "chance": 35 },
        "=": { "item": "liquor_and_spirits", "chance": 50 }
      },
      "place_loot": [
        { "item": "file", "x": 4, "y": 8, "chance": 75, "repeat": [ 3, 4 ] },
        { "item": "id_science", "x": 4, "y": 8, "chance": 40, "repeat": [ 1, 2 ] },
        { "item": "id_industrial", "x": 4, "y": 8, "chance": 40, "repeat": [ 1, 2 ] },
        { "item": "id_military", "x": 4, "y": 8, "chance": 40, "repeat": [ 1, 2 ] },
        { "item": "m17", "x": 4, "y": 8, "chance": 40 },
        { "item": "p320mag_17rd_9x19mm", "x": 4, "y": 8, "magazine": 17, "chance": 100 }
      ],
      "rotation": [ 2 ]
    }
  },
  {
    "type": "mapgen",
    "om_terrain": "lsm_house003_1",
    "weight": 15,
    "method": "json",
    "object": {
      "palettes": [ "standard_domestic_palette", "standard_domestic_lino_bathroom" ],
      "fill_ter": "t_floor",
      "rows": [
        "........................",
        ".|||oo|||o||||o|||oo|||.",
        ".|b  D|tS8B|/rrr| @@!D|^",
        ".|!  y|___B|  h | @@ D|.",
        ".o@@ d|QQ__|E  P|    yo.",
        ".o@@{d|||+||||+||    yo.",
        ".|!{{{{){{{{    + dd b|.",
        ".||)|||||||)|||+||||+||.",
        ".|D{0|gwqq|{V|$ $|d  d|.",
        ".|||||Z   +{V||||||||||.",
        ".|% L|W U||{||66|F4OO1o.",
        ".||+||||||y{         2o.",
        "-|y RRRRRR}}~~~  JJJ 5|-",
        "-|&       ~]??~   JA 3|-",
        "-*  ssss  ~]]?~       *-",
        "-o  HHHH =~]??~  h   yo-",
        "-o     H =~]??~hfff  yo-",
        "-|a ll H =[}}~~ fffh V|-",
        "-|a      =&{yy    h  V|-",
        "-||ooo|||oo)oo||||ooo||-",
        "---------#-(-#----------",
        "---------#-(-#----------",
        ".......---((----........",
        "........p.((-..........."
      ],
      "terrain": {
        "_": "t_linoleum_gray",
        ")": "t_door_o",
        "#": [ [ "t_shrub", 2 ], "t_shrub_strawberry", "t_shrub_blueberry" ],
        "~": "t_carpet_red",
        "?": "t_carpet_yellow",
        "[": "t_carpet_red",
        "(": "t_sidewalk",
        "}": "t_carpet_red",
        "]": "t_carpet_yellow",
        "w": "t_null"
      },
      "furniture": {
        "!": "f_table",
        "$": "f_rack_wood",
        "%": "f_clothing_rail",
        "&": "f_table",
        "[": "f_rack_coat",
        "=": "f_counter",
        "0": "f_safe_o",
        "/": "f_shredder"
      },
      "items": {
        "R": [
          { "item": "exotic_books", "chance": 10 },
          { "item": "doctors_books", "chance": 5 },
          { "item": "book_military", "chance": 10 },
          { "item": "literature", "chance": 80 }
        ],
        "[": { "item": "unisex_coat_rack", "chance": 30, "repeat": [ 1, 4 ] },
        "%": { "item": "jackets", "chance": 30, "repeat": [ 2, 4 ] },
        "!": { "item": "nightstand", "chance": 40 },
        "$": { "item": "wines_worthy", "chance": 50, "repeat": [ 1, 3 ] },
        "&": { "item": "table_foyer", "chance": 35 },
        "=": { "item": "liquor_and_spirits", "chance": 50 }
      },
      "place_loot": [ { "item": "9mm_casing", "x": 3, "y": 6, "chance": 100 }, { "item": "9mm_casing", "x": 3, "y": 5, "chance": 100 } ],
      "fields": {
        "{": [ { "field": "fd_blood" } ],
        "}": [ { "field": "fd_blood" } ],
        "]": [ { "field": "fd_blood" } ],
        "(": [ { "field": "fd_blood" } ]
      },
      "rotation": [ 2 ]
    }
  },
  {
    "type": "mapgen",
    "om_terrain": "lsm_house003_r",
    "weight": 250,
    "method": "json",
    "object": {
      "palettes": [ "roof_palette" ],
      "fill_ter": "t_open_air",
      "rows": [
        "                        ",
        " 2222222222222222222222 ",
        " |....................5 ",
        " |....................3 ",
        " |...........=........3 ",
        " |..M...............A.3 ",
        " |....................3 ",
        " |....................3 ",
        " |....................3 ",
        " |....................3 ",
        " |....................3 ",
        " |....................3 ",
        " |....................3 ",
        " |.......oooooo.......3 ",
        " |.......oooooo.......3 ",
        " |.......oooooo.......3 ",
        " |.......oooooo.......3 ",
        " |~......oooooo.......3 ",
        " |~...................3 ",
        " ---------------------- ",
        "                        ",
        "                        ",
        "                        ",
        "                        "
      ],
      "terrain": {
        ".": "t_shingle_flat_roof",
        "M": "t_shingle_flat_roof",
        "=": "t_shingle_flat_roof",
        "A": "t_shingle_flat_roof",
        "~": "t_shingle_flat_roof"
      },
      "furniture": { "M": "f_solar_unit" },
      "rotation": [ 2 ]
    }
  }
]
