[
  {
    "type": "mapgen",
    "om_terrain": "lsm_house036_b",
    "weight": 250,
    "method": "json",
    "object": {
      "palettes": [ "lsm_residential", "lsm_residential_items", "lsm_residential_bsmt" ],
      "fill_ter": "t_thconc_floor",
      "rows": [
        "^^^^^^^^^^^^^^^^^^^^^^^^",
        "^^^^^^^^^^^^^^^^^^^^^^^^",
        "^^^^^^^^^^^^^^^^^^^^^^^^",
        "^^^^^^^^^^^^^^^^^^^^^^^^",
        "^^^################^^^^^",
        "^^^#      ?     %$#^^^^^",
        "^^^#g b         $$#^^^^^",
        "^^^#  ##      #####^^^^^",
        "^^^#  ##      ###<#^^^^^",
        "^^^#qq Y      X # #^^^^^",
        "^^^#U           #+#^^^^^",
        "^^^#U             #^^^^^",
        "^^^#NA            #^^^^^",
        "^^^#   T      ZW  #^^^^^",
        "^^^#  ##      ##! #^^^^^",
        "^^^#  ##      ##! #^^^^^",
        "^^^#    zzzz      #^^^^^",
        "^^^#&   zzzz      #^^^^^",
        "^^^################^^^^^",
        "^^^^^^^^^^^^^^^^^^^^^^^^",
        "^^^^^^^^^^^^^^^^^^^^^^^^",
        "^^^^^^^^^^^^^^^^^^^^^^^^",
        "^^^^^^^^^^^^^^^^^^^^^^^^",
        "^^^^^^^^^^^^^^^^^^^^^^^^"
      ],
      "furniture": { "!": "f_sink", "$": "f_clothing_rail", "%": "f_table", "&": "f_wardrobe", "?": "f_home_furnace" }
    }
  },
  {
    "type": "mapgen",
    "om_terrain": "lsm_house036_1",
    "weight": 250,
    "method": "json",
    "object": {
      "palettes": [
        "lsm_residential",
        "lsm_residential_items",
        "lsm_residential_ground",
        "lsm_residential_lino_ktch",
        "lsm_residential_lino_bth"
      ],
      "fill_ter": "t_floor",
      "rows": [
        "...........p---....,,,,,",
        "..0000000000---0000,,,,,",
        ".[[[[[[[[[[[   |oo|,,,,,",
        ".[             o==o,,,,,",
        ".[  |oo||||o||*| L|,,,,,",
        ".[  oysHHHHs|% | L|,,,,,",
        ".[  o       |b +  |,,,,,",
        ".[  |! llll |  ||+|,,,,,",
        ".[&&|a      |y <|>o,,,,,",
        ".[|||!  xx T||+||||,,,,,",
        ".||$A            R|,,,,,",
        ".o=              R|,,,,,",
        ".o=      hh |||+|||,,,,,",
        ".||123   ff |dd  Co,,,,,",
        ".^|F_4  hffh|x  @@|,,,,,",
        ".0|5_6   ||||x  @@|,,,,,",
        ".0|O__   +_S|D   Co.....",
        ".0oJJY  y|_t|D   y|.....",
        "..|o||*o||||||o|o||.....",
        "...0|L    *--...........",
        "...0|   ??|--...........",
        "...0||o|o||....u........",
        "........................",
        "........................"
      ],
      "terrain": {
        "0": [ [ "t_shrub", 2 ], "t_shrub_strawberry", "t_shrub_blueberry" ],
        "[": "t_railing_v",
        ",": "t_pavement",
        "~": "t_floor_noroof",
        "_": "t_linoleum_gray",
        "Y": "t_linoleum_gray",
        "!": "t_brick_wall"
      },
      "furniture": { "$": "f_piano", "%": "f_table", "&": "f_rack", "=": "f_table", "?": "f_rack" },
      "items": {
        "?": { "item": "clothing_outdoor_shoes", "chance": 30, "repeat": [ 2, 3 ] },
        "=": { "item": "table_foyer", "chance": 30 },
        "%": { "item": "table_foyer", "chance": 50 }
      },
      "place_loot": [
        { "item": "television", "x": 8, "y": 9 },
        { "item": "television", "x": 13, "y": 15 },
        { "item": "log", "x": [ 2, 3 ], "y": 8, "chance": 50, "repeat": [ 4, 5 ] }
      ]
    }
  },
  {
    "type": "mapgen",
    "om_terrain": "lsm_house036_2",
    "weight": 250,
    "method": "json",
    "object": {
      "palettes": [ "lsm_residential", "lsm_residential_items", "lsm_residential_upper", "lsm_residential_lino_bth" ],
      "fill_ter": "t_floor",
      "rows": [
        "........................",
        "........................",
        ".==========|ooo|===.....",
        ".==========o   o===.....",
        ".===|||oo||| %%|oo|.....",
        ".===oTEssEy|+|o|z$|.....",
        ".===o      |   + $o.....",
        ".===|a         ||$|.....",
        ".===|#         >|||.....",
        ".||||#lHHHl|V  ||||.....",
        ".| <||||||||V  |QQ|.....",
        ".|+||RRRRRRRy  +  o.....",
        ".|             |ww|.....",
        ".|||||| ||+|||+||||.....",
        "..|PP~+ |8_t|b~~DD|.....",
        ".^o~~~|||8_S|~~~~~o.....",
        "..o~h~+~|8_B|d~@@~o.....",
        "..|rrr|!|8_B|d~@@C|.....",
        "..||o|||||o||||||||.....",
        "....=======.............",
        "....=======.............",
        "....=======.............",
        "........................",
        "........................"
      ],
      "terrain": {
        "_": "t_linoleum_gray",
        "=": "t_shingle_flat_roof",
        "~": "t_carpet_yellow",
        "C": "t_carpet_yellow",
        "@": "t_carpet_yellow",
        "D": "t_carpet_yellow",
        "d": "t_carpet_yellow",
        "b": "t_carpet_yellow",
        "P": "t_carpet_yellow",
        "!": "t_carpet_yellow",
        "r": "t_carpet_yellow",
        "h": "t_carpet_yellow",
        "w": "t_floor",
        "Q": "t_floor"
      },
      "furniture": { "!": "f_cardboard_box", "$": "f_clothing_rail", "%": "f_deckchair" },
      "items": {
        "$": [ { "item": "dress_shop", "chance": 30, "repeat": [ 1, 2 ] }, { "item": "jackets", "chance": 30, "repeat": [ 1, 2 ] } ],
        "!": [
          { "item": "allsporting", "chance": 40, "repeat": [ 1, 2 ] },
          { "item": "chem_home", "chance": 50, "repeat": [ 1, 2 ] },
          { "item": "child_items", "chance": 30, "repeat": [ 1, 2 ] },
          { "item": "stash_drugs", "chance": 1 },
          { "item": "maps", "chance": 7 }
        ]
      }
    }
  },
  {
    "type": "mapgen",
    "om_terrain": "lsm_house036_3",
    "weight": 250,
    "method": "json",
    "object": {
      "palettes": [ "lsm_residential", "lsm_residential_items", "lsm_residential_upper", "lsm_residential_lino_bth" ],
      "fill_ter": "t_carpet_yellow",
      "rows": [
        "........................",
        "........................",
        "...........=====........",
        "...........=====........",
        "....==||||||ooo||==.....",
        "....==|@@C y   do==.....",
        "....==o@@      d|==.....",
        "....=#|     ||+||==.....",
        "....=#|DD  T|$zz|==.....",
        ".=|||||||+||||||||=.....",
        ".=|>       |Ty  d|=.....",
        ".=||! yb   +    d|=.....",
        ".==||+||||+||+|  |=.....",
        ".==|  II|S_t| |@ o=.....",
        "..^|@   |||||$|@C|=.....",
        "..=o@C   + $|||o||=.....",
        "..=|||| y|d$|======.....",
        "..====|o|||||======.....",
        "..=================.....",
        "........................",
        "........................",
        "........................",
        "........................",
        "........................"
      ],
      "terrain": { "_": "t_linoleum_gray", "=": "t_shingle_flat_roof", "0": "t_gutter_drop" },
      "furniture": { "!": "f_table", "$": "f_clothing_rail" },
      "items": {
        "!": { "item": "table_foyer", "chance": 30 },
        "$": [ { "item": "dress_shop", "chance": 30, "repeat": [ 1, 2 ] }, { "item": "jackets", "chance": 30, "repeat": [ 1, 2 ] } ]
      }
    }
  },
  {
    "type": "mapgen",
    "om_terrain": "lsm_house036_r",
    "weight": 250,
    "method": "json",
    "object": {
      "palettes": [ "lsm_residential_roof" ],
      "fill_ter": "t_open_air",
      "rows": [
        "                        ",
        "                        ",
        "                        ",
        "                        ",
        "      -----------       ",
        "      3.........|       ",
        "      3.........|       ",
        "     ~3.........|       ",
        "     ~3.........|       ",
        "  33333.........||      ",
        "  3..............|      ",
        "  33.............|      ",
        "   3.............|      ",
        "   3...........=.|      ",
        "   5....N........|      ",
        "   3........22222|      ",
        "   2222.....2           ",
        "      2222222           ",
        "                        ",
        "                        ",
        "                        ",
        "                        ",
        "                        ",
        "                        "
      ]
    }
  }
]
