[
  {
    "type": "mapgen",
    "om_terrain": "lsm_house016_1",
    "weight": 250,
    "method": "json",
    "object": {
      "palettes": [
        "lsm_residential",
        "lsm_residential_items",
        "lsm_residential_ground",
        "lsm_residential_lino_ktch",
        "lsm_residential_lino_bth"
      ],
      "fill_ter": "t_floor_waxed",
      "rows": [
        "....-------------------p",
        ".%..-------------------.",
        ".##oo#####o######oo##--.",
        ".#432F51|Qt8|D |C@@C#--.",
        ".#6____O|__S|D + @@ o--.",
        ".#6__nJJ|8_B|  |    o--.",
        ".: h  AA|8_B|$v|dd y#--.",
        ".: ff   ||+|||||||+|#--.",
        ".:hffh  |y         yo--.",
        ".: h       y#########--.",
        ".:y        Lo,,!!....--.",
        ".#sHHHT   ==*,,,-------.",
        ".#H       ==*,,,-------.",
        ".oH l      &o,,!!.......",
        ".#H l EVV  $#000000000..",
        "^#|||||||  b#########0..",
        ".#rh  +     TRR| ddD#0..",
        ".#r  P|RRR     |    #0..",
        ".#||||||||     +  @@o...",
        ".#RR    +  y|+||  @@o...",
        ".o   h  ||+||__|   C#.~~",
        ".# yrrr |U q|ZW|II b#.~~",
        ".##oo############oo##.~~",
        "........................"
      ],
      "terrain": {
        "#": "t_wall_r",
        "_": "t_linoleum_gray",
        ",": "t_floor_noroof",
        "%": [ [ "t_region_tree_nut", 5 ], [ "t_region_tree_shade", 4 ], [ "t_region_tree_fruit", 2 ] ],
        "~": "t_shrub_lilac",
        "!": "t_railing_v",
        "=": "t_carpet_green",
        "W": "t_linoleum_gray",
        "Z": "t_linoleum_gray",
        "0": [ [ "t_shrub", 2 ], "t_shrub_strawberry", "t_shrub_blueberry" ]
      },
      "furniture": { "$": "f_rack", "&": "f_table" },
      "items": { "$": { "item": "clothing_outdoor_shoes", "chance": 50 }, "&": { "item": "table_foyer", "chance": 50 } },
      "place_loot": [ { "item": "laptop", "x": 5, "y": 21, "chance": 50 } ]
    }
  },
  {
    "type": "mapgen",
    "om_terrain": "lsm_house016_r",
    "weight": 250,
    "method": "json",
    "object": {
      "palettes": [ "lsm_residential_roof" ],
      "fill_ter": "t_open_air",
      "rows": [
        "                        ",
        "                        ",
        " --------------------   ",
        " 3..................|   ",
        " 3..................|   ",
        " 3..................|   ",
        " 3..................|   ",
        " 3..................|   ",
        " 3..N...............|   ",
        " 3..........|||||||||   ",
        " 3..........|           ",
        " 3..........|           ",
        " 3..........|           ",
        " 3..........|           ",
        " 3..........|           ",
        " 5..........|||||||||   ",
        " 3..................|   ",
        " 3..................|   ",
        " 3..................|   ",
        " 3.......=..........|   ",
        " 3..................|   ",
        " 3..................|   ",
        " 22222222222222222222   ",
        "                        "
      ]
    }
  }
]
