[
  {
    "type": "mapgen",
    "om_terrain": "lsm_house020_1",
    "weight": 250,
    "method": "json",
    "object": {
      "palettes": [ "lsm_residential", "lsm_residential_items", "lsm_residential_ground", "lsm_residential_lino_bth" ],
      "fill_ter": "t_floor",
      "rows": [
        ".%...........p.```````..",
        ".........??.---```````..",
        "......%..??.---```````/.",
        "............--#]]]]]]]#.",
        "...0###oo###o*#,,,,,,,#.",
        "...0#C    d|L |,,,,,,,#.",
        "...0o@@   d|$ |,,,,,,,#.",
        "...0o@@    +  +,,,,,,,o.",
        ".%.0#C    D|  |U,,,,,,#.",
        "...0#|||||||  |q,,,,,,#.",
        "...0#@@   b|  |N,,,,zz#.",
        "...0o@@    +  |||||||##.",
        "...0#C   dd|  +_____B#^.",
        ".u.0#|+|||||  |88St_B#0.",
        "...0#D |Z W|  |||||||#0.",
        ".---##|||+||  431JO5F#0.",
        ".-===#y    T         o0.",
        ".-===~               o0.",
        ".!===~ lll    |6   h #0.",
        ".!==G#     E R|6  ff #0.",
        ".!==K#sHHHsy R|y hffh#0.",
        ".!==G#####oo#####oo###0.",
        ".!!!!!...0000...0000....",
        "........................"
      ],
      "terrain": {
        "#": "t_wall_y",
        "~": "t_door_glass_c",
        "_": "t_linoleum_gray",
        "=": "t_floor_noroof",
        "0": [ [ "t_shrub", 2 ], "t_shrub_strawberry", "t_shrub_blueberry" ],
        "%": [ [ "t_region_tree_nut", 5 ], [ "t_region_tree_shade", 4 ], [ "t_region_tree_fruit", 2 ] ],
        "?": "t_shrub_lilac",
        "!": "t_railing_v",
        "]": "t_door_metal_locked",
        "/": "t_gates_mech_control",
        "`": "t_pavement",
        ",": "t_concrete",
        "K": "t_floor_noroof",
        "G": "t_floor_noroof",
        "z": "t_concrete",
        "N": "t_concrete",
        "q": "t_concrete",
        "U": "t_concrete"
      },
      "furniture": { "$": "f_table" },
      "items": { "$": { "item": "table_foyer", "chance": 50 } },
      "place_loot": [  ],
      "place_vehicles": [ { "vehicle": "car_mini", "x": 19, "y": 7, "chance": 20, "status": 100, "rotation": 90 } ]
    }
  },
  {
    "type": "mapgen",
    "om_terrain": "lsm_house020_r",
    "weight": 250,
    "method": "json",
    "object": {
      "palettes": [ "lsm_residential_roof" ],
      "fill_ter": "t_open_air",
      "rows": [
        "                        ",
        "                        ",
        "                        ",
        "              --------- ",
        "    -----------.......| ",
        "    3.................| ",
        "    3.................| ",
        "    3.................| ",
        "    3........=........| ",
        "    3.................| ",
        "    3.................| ",
        "    3................|| ",
        "    3................5  ",
        "    3................|  ",
        "    3................|  ",
        "    33..N............|  ",
        "     3...............|  ",
        "     3...............|  ",
        "     3...............|  ",
        "     3...............|  ",
        "     3...............|  ",
        "     22222222222222222  ",
        "                        ",
        "                        "
      ]
    }
  }
]
