[
  {
    "type": "mapgen",
    "om_terrain": "lsm_house034_b",
    "weight": 250,
    "method": "json",
    "object": {
      "palettes": [ "lsm_residential", "lsm_residential_items", "lsm_residential_bsmt", "lsm_residential_lino_bth" ],
      "fill_ter": "t_floor_waxed",
      "rows": [
        "^^^^^^^^^^^^^^^^^^^^^^^^",
        "^^^^^^^^^^^^^^^^^^^^^^^^",
        "^^^^^^^^^^^^^^^^^^^^^^^^",
        "^^^^^^^^^^^^^^^^^^^^^^^^",
        "^^^^^^^^^^^^^^^^^^^^^^^^",
        "^^^^^^^^^^^^^^^^^^^^^^^^",
        "^^^^^^^^^^^^^^^^^^^^^^^^",
        "^||||||||||||||||||||||^",
        "^|WZ88Q|V +%|,g,,UUUUz|^",
        "^|____w|V +%|,,,,,,,zz|^",
        "^|_____+  |||,,,,,,zzz|^",
        "^|BB8St|    +,,,,,,,,,|^",
        "^|||||||<|  |q,A,,,,,!|^",
        "^|&&&&&|||  |q,NN,,,,,|^",
        "^|&      |  |||||||||||^",
        "^|&      +  RR$sHHHHs$|^",
        "^|&&&&&&&|            |^",
        "^|||||||||    E llll E|^",
        "^|b    u |            |^",
        "^|       +            |^",
        "^|c  x   |RRRR$Txxxx $|^",
        "^||||||||||||||||||||||^",
        "^^^^^^^^^^^^^^^^^^^^^^^^",
        "^^^^^^^^^^^^^^^^^^^^^^^^"
      ],
      "terrain": {
        ",": "t_thconc_floor",
        "N": "t_thconc_floor",
        "q": "t_thconc_floor",
        "!": "t_thconc_floor",
        "A": "t_thconc_floor",
        "z": "t_thconc_floor",
        "U": "t_thconc_floor",
        "g": "t_thconc_floor",
        "_": "t_linoleum_gray",
        "Z": "t_linoleum_gray",
        "W": "t_linoleum_gray"
      },
      "furniture": { "!": "f_home_furnace", "$": "f_speaker_cabinet", "%": "f_clothing_rail", "&": "f_rack_wood" },
      "items": {
        "%": [ { "item": "dress_shop", "chance": 30, "repeat": [ 1, 2 ] }, { "item": "jackets", "chance": 30, "repeat": [ 1, 2 ] } ],
        "&": { "item": "wines_worthy", "chance": 50, "repeat": [ 1, 2 ] }
      },
      "place_loot": [
        { "item": "stereo", "x": 5, "y": 20 },
        { "item": "stereo", "x": 17, "y": 20 },
        { "item": "television", "x": 18, "y": 20 }
      ]
    }
  },
  {
    "type": "mapgen",
    "om_terrain": "lsm_house034_1",
    "weight": 250,
    "method": "json",
    "object": {
      "palettes": [ "lsm_residential", "lsm_residential_items", "lsm_residential_ground", "lsm_residential_lino_bth" ],
      "fill_ter": "t_floor_waxed",
      "rows": [
        ".........======.........",
        "...}}}...======.p.}}}...",
        "...}}}...======...}}}...",
        ".........======.........",
        ".00------======------00.",
        ".::::::--======--::::::.",
        ".:JJJJ:--======--:$$$y:.",
        ".#F  5#--======--*    #.",
        ".#F  O#----------#L!  #.",
        ".on  1##---XX---##||  o.",
        ".o6  23##000000##t_|  o.",
        ".#6   4|##::::##|S_|  #0",
        ".#|  |||><    VV||+|  #0",
        ".#y                   #0",
        ".#s    a|R{{{{{{{{{{{ #^",
        ".oH ll a|R{[[[][][[[{y#.",
        ".oH ll a|R{[[hfffh[[{y#.",
        ".#H       {[[{fff{[[{ o.",
        ".#HHHHsy  {[[hfffh[[{ o.",
        ".###oo### {[[[][][[[{ o.",
        ".,GKKG,,~ {{{{{{{{{{{y#.",
        ".,,,,,,,o    ????? & y#.",
        ".,,,,,,,######oo##oo###.",
        "........................"
      ],
      "terrain": {
        "~": "t_door_glass_c",
        "_": "t_linoleum_gray",
        "0": [ [ "t_shrub", 2 ], "t_shrub_strawberry", "t_shrub_blueberry" ],
        "}": "t_shrub_lilac",
        "=": "t_pavement",
        "[": "t_carpet_yellow",
        "]": "t_carpet_yellow",
        "h": "t_carpet_red",
        "{": "t_carpet_red",
        "f": "t_carpet_red",
        ",": "t_floor_noroof",
        "K": "t_floor_noroof",
        "G": "t_floor_noroof"
      },
      "furniture": { "!": "f_rack", "$": "f_table", "&": "f_piano", "?": "f_counter", "]": "f_chair" },
      "items": {
        "$": { "item": "table_foyer", "chance": 50 },
        "!": { "item": "clothing_outdoor_shoes", "chance": 40, "repeat": [ 1, 2 ] }
      }
    }
  },
  {
    "type": "mapgen",
    "om_terrain": "lsm_house034_2",
    "weight": 250,
    "method": "json",
    "object": {
      "palettes": [ "lsm_residential", "lsm_residential_items", "lsm_residential_upper", "lsm_residential_lino_bth" ],
      "fill_ter": "t_floor_waxed",
      "rows": [
        "........................",
        "........................",
        "........................",
        "........................",
        "........................",
        ".##oo##..........##oo##.",
        ".#sE T#..........# rrr#.",
        ".o ]] o..........o  h o.",
        ".o ]] o..........o    o.",
        ".#??  ##........##   ?#.",
        ".#||+||##......##||T ?#.",
        ".#!!,,y,#oo#oo##ZW||+|#.",
        ".o,,,,,,|>,|8St___|V,yo.",
        ".#RRRy,,,,,|8___BB|V,!#^",
        ".#||||+||,,||||+|||V,!#.",
        ".#D ~  ||,,,,,,,,,,,,!#.",
        ".o     |||||+|||||b,,yo.",
        ".od @@ |d DD T| v|||+|#.",
        ".#d @@C|d     + =|dd  #.",
        ".##ooo###     ||||    o.",
        "........# @@  |D +   @o.",
        "........#C@@C~|==|  C@#.",
        "........##ooo#####ooo##.",
        "........................"
      ],
      "terrain": {
        "_": "t_linoleum_gray",
        "]": "t_carpet_green",
        ",": "t_carpet_purple",
        "y": "t_carpet_purple",
        "!": "t_carpet_purple",
        "V": "t_carpet_purple",
        "R": "t_carpet_purple"
      },
      "furniture": { "!": "f_table", "=": "f_clothing_rail", "~": "f_bigmirror", "?": "f_bookcase" },
      "items": {
        "=": [ { "item": "dress_shop", "chance": 30, "repeat": [ 1, 2 ] }, { "item": "jackets", "chance": 30, "repeat": [ 1, 2 ] } ],
        "?": { "item": "homebooks", "chance": 30, "repeat": [ 1, 4 ] },
        "!": { "item": "table_foyer", "chance": 50 }
      }
    }
  },
  {
    "type": "mapgen",
    "om_terrain": "lsm_house034_r",
    "weight": 250,
    "method": "json",
    "object": {
      "palettes": [ "lsm_residential_roof" ],
      "fill_ter": "t_open_air",
      "rows": [
        "                        ",
        "                        ",
        "                        ",
        "                        ",
        "                        ",
        " ------          ------ ",
        " 3....-          -....| ",
        " 3....-          -....| ",
        " 3....-          -....| ",
        " 3....--        --....| ",
        " 3..N..--      --.....| ",
        " 3......--------...=..| ",
        " 3....................| ",
        " 3....................5 ",
        " 3.....~..bbbbb.......| ",
        " 3.....~..bbbbb.......| ",
        " 3.....~..............| ",
        " 3....................| ",
        " 3..............X.....| ",
        " 22222222.............| ",
        "        2.............| ",
        "        2.............| ",
        "        222222222222222 ",
        "                        "
      ],
      "furniture": { "b": "f_solar_unit" }
    }
  }
]
