[
  {
    "type": "mapgen",
    "om_terrain": "lsm_house022_1",
    "weight": 250,
    "method": "json",
    "object": {
      "palettes": [ "lsm_residential", "lsm_residential_items", "lsm_residential_ground", "lsm_residential_lino_bth" ],
      "fill_ter": "t_floor",
      "rows": [
        "................---.p...",
        ".....X..........---.....",
        "..%....0###oo##0---.....",
        ".......0#D @@C#0---.....",
        "..##oo###  @@ #0---...%.",
        "..#C@@CD|     ##o*##000.",
        "..o @@  |+|   |L  b###0.",
        "..o    !|v| dd|V   xy#0.",
        "..#++|  |||+|||V  lllo0.",
        "..#dd|b +   RRy      o0.",
        "..#||||||         HHH#^.",
        "..oB____+   ==$=  sss##.",
        "..#B8tS8|R  =ff=     1#.",
        "..#||||||R  $ff$   J F#.",
        "..orh   +   =$==  AJ 2o.",
        "..#r  PR|          5 Oo.",
        "..#||+||###~~###6  J 3#.",
        "..#Z   U#j----j#66  yY#.",
        "..#WzNNU#j----j####oo##.",
        "..##oo###...............",
        ".................%......",
        ".......%................",
        ".%...........G.KG.....%.",
        "........................"
      ],
      "terrain": {
        "~": "t_door_glass_c",
        "_": "t_linoleum_gray",
        "0": [ [ "t_shrub", 2 ], "t_shrub_strawberry", "t_shrub_blueberry" ],
        "%": [ [ "t_region_tree_nut", 5 ], [ "t_region_tree_shade", 4 ], [ "t_region_tree_fruit", 2 ] ],
        "G": "t_region_groundcover_urban",
        "K": "t_region_groundcover_urban",
        "=": "t_carpet_green",
        "f": "t_carpet_green",
        "$": "t_carpet_green"
      },
      "furniture": { "!": "f_treadmill", "$": "f_chair" },
      "place_loot": [ { "item": "television", "x": 19, "y": 7 } ]
    }
  },
  {
    "type": "mapgen",
    "om_terrain": "lsm_house022_r",
    "weight": 250,
    "method": "json",
    "object": {
      "palettes": [ "lsm_residential_roof" ],
      "fill_ter": "t_open_air",
      "rows": [
        "                        ",
        "                        ",
        "        -------         ",
        "        -.....-         ",
        "  -------.....-         ",
        "  3...........------    ",
        "  3................---  ",
        "  3..................|  ",
        "  3..................|  ",
        "  3..................|  ",
        "  3..................|  ",
        "  3..................|| ",
        "  3...X.....N.........| ",
        "  3................=..| ",
        "  3...................| ",
        "  3...................| ",
        "  3.....22222222......| ",
        "  3.....2      2......| ",
        "  3.....2      22222222 ",
        "  2222222               ",
        "                        ",
        "                        ",
        "                        ",
        "                        "
      ]
    }
  }
]
