[
  {
    "type": "mapgen",
    "om_terrain": "lsm_house017_1",
    "weight": 250,
    "method": "json",
    "object": {
      "palettes": [
        "lsm_residential",
        "lsm_residential_items",
        "lsm_residential_ground",
        "lsm_residential_lino_ktch",
        "lsm_residential_lino_bth"
      ],
      "fill_ter": "t_floor",
      "rows": [
        "---------p..............",
        "--,------00000...0000...",
        "--#}}}}}}##o######oo##..",
        "--#======|S88B|D|b   #..",
        "--#=====U|t__B| +   C#..",
        "--#=====U|||+||v|  @@o..",
        "--#=====N|Z+ y|||  @@o..",
        "--o=====q|W+   +     #..",
        "--#======|||   |RR dd#..",
        "--#?zz===+     ||||||#..",
        "--####o###|||  |dd  T#..",
        "--//!~jjj#721  +   @@o..",
        "--//!~~~~#6_J  |   @@o..",
        "--//!~~~~o4_5  |&   C#..",
        "----~~~~G#F__  ||||||#..",
        "----~~~~K#3JO  b|yaay#..",
        "..//!~~GK#|||  y|T   #..",
        "..//!~~~G#L$y       h#..",
        "...0!~~~~o  (((    ffo..",
        ".u.0!~~~~*  (x(s| hffo..",
        "...0!!!!!o  (((y|   h#..",
        "...000000#slHHHl|RR  #..",
        "........^####oo#######..",
        "........................"
      ],
      "terrain": {
        "#": "t_wall_b",
        "_": "t_linoleum_gray",
        "~": "t_floor_noroof",
        "0": [ [ "t_shrub", 2 ], "t_shrub_strawberry", "t_shrub_blueberry" ],
        "!": "t_railing_v",
        "}": "t_door_metal_locked",
        ",": "t_gates_mech_control",
        "=": "t_concrete",
        "(": "t_carpet_red",
        "j": "t_floor_noroof",
        "?": "t_concrete",
        "x": "t_carpet_red",
        "K": "t_floor_noroof",
        "G": "t_floor_noroof",
        "q": "t_concrete",
        "N": "t_concrete",
        "U": "t_concrete",
        "W": "t_linoleum_gray",
        "Z": "t_linoleum_gray",
        "z": "t_concrete",
        "/": "t_dirtmound"
      },
      "furniture": { "$": "f_rack", "&": "f_treadmill", "?": "f_exercise", "/": "f_region_flower" },
      "items": { "$": { "item": "clothing_outdoor_shoes", "chance": 50 } },
      "place_loot": [ { "item": "television", "x": 13, "y": 19 } ],
      "place_vehicles": [ { "vehicle": "car", "x": 5, "y": 6, "chance": 20, "status": 80, "rotation": 90 } ]
    }
  },
  {
    "type": "mapgen",
    "om_terrain": "lsm_house017_r",
    "weight": 250,
    "method": "json",
    "object": {
      "palettes": [ "lsm_residential_roof" ],
      "fill_ter": "t_open_air",
      "rows": [
        "                        ",
        "                        ",
        "  --------------------  ",
        "  3..................|  ",
        "  3..................|  ",
        "  3..................|  ",
        "  3..........=.......|  ",
        "  3..................|  ",
        "  3..................|  ",
        "  3..................|  ",
        "  33333333...........|  ",
        "         3...........|  ",
        "         3........X..|  ",
        "         3...........|  ",
        "         3...........|  ",
        "         3........~~.|  ",
        "         3...........|  ",
        "         3...........|  ",
        "         3...........|  ",
        "         3...........|  ",
        "         3...........|  ",
        "         3...........|  ",
        "         5222222222222  ",
        "                        "
      ]
    }
  }
]
