[
  {
    "type": "mapgen",
    "om_terrain": "lsm_house011_b",
    "weight": 250,
    "method": "json",
    "object": {
      "palettes": [ "standard_domestic_palette", "standard_domestic_basement_palette" ],
      "fill_ter": "t_thconc_floor",
      "rows": [
        "^^^^^^^^^^^^^^^^^^^^^^^^",
        "^^^^^^^^^^^^^^^^^^^^^^^^",
        "^^^^^^^^^^^^^^^^^^^^^^^^",
        "^^^^^^^^^|||||||||||||^^",
        "^^^^^^^^^|mmmzzg~~qqq|^^",
        "^^^^^^^^^|   zz ~~   |^^",
        "^^||||||||          N|^^",
        "^^|w|%%__+          N|^^",
        "^^|_+____|           |^^",
        "^^|w|_||%|WZ = ?  UUU|^^",
        "^^|||_<|||||||||||||||^^",
        "^^|RR_||vrrr|^^^^^^^^^^^",
        "^^|R__b|__h_|^^^^^^^^^^^",
        "^^|R___|T___|^^^^^^^^^^^",
        "^^|____||+|||^^^^^^^^^^^",
        "^^|________T|^^^^^^^^^^^",
        "^^|A________|^^^^^^^^^^^",
        "^^|A__eee__&|^^^^^^^^^^^",
        "^^|A__eee__&|^^^^^^^^^^^",
        "^^|A_______&|^^^^^^^^^^^",
        "^^|A_$$$$$__|^^^^^^^^^^^",
        "^^|||||||||||^^^^^^^^^^^",
        "^^^^^^^^^^^^^^^^^^^^^^^^",
        "^^^^^^^^^^^^^^^^^^^^^^^^"
      ],
      "terrain": {
        "_": "t_floor",
        "w": "t_floor",
        "v": "t_floor",
        "h": "t_floor",
        "A": "t_floor",
        "e": "t_floor",
        "$": "t_floor",
        "r": "t_floor",
        "%": "t_floor",
        "R": "t_floor",
        "V": "t_floor",
        "b": "t_floor",
        "T": "t_floor",
        "&": "t_floor"
      },
      "furniture": {
        "!": "f_crate_c",
        "$": "f_counter",
        "%": "f_table",
        "&": "f_glass_cabinet",
        "=": "f_sink",
        "~": "f_chair",
        "?": "f_home_furnace"
      },
      "items": {
        "$": { "item": "beer", "chance": 15 },
        "&": { "item": "liquor_and_spirits", "chance": 50 },
        "%": { "item": "table_foyer", "chance": 40 }
      },
      "rotation": [ 2 ]
    }
  },
  {
    "type": "mapgen",
    "om_terrain": "lsm_house011_1",
    "weight": 250,
    "method": "json",
    "object": {
      "palettes": [ "standard_domestic_palette", "standard_domestic_lino_bathroom" ],
      "fill_ter": "t_floor_waxed",
      "rows": [
        "........................",
        ".[[[[[[[[[,,,,,,,..%....",
        ".[$`GKKG`[||ooo||,,,,,..",
        ".[$``KK``||1O52F||||||..",
        "..````G``~      6 aa ||.",
        ".[```````o  JJJ 6    y|.",
        ".[||||||o|  A A       o.",
        ".||9t||<           h  o.",
        ".|8__|||          ff  |.",
        ".o8_S| + yL      hffh |.",
        ".||+||>| |::*::|y ff y|.",
        ".o   ||| |,----||  h ||.",
        ".|VV     o,-----|::::|..",
        ".||V  h  o,-----------%.",
        "..||yrrr |,,,,--------..",
        "..^||||| |||||..0000000.",
        "..,|RRRR RRRR||.0000000.",
        "..,:HHHH     y:.0000000.",
        "..,:H     E  y:.0000000.",
        "..,:H ll  T  y:.0000000.",
        "..,:H         :.0000000.",
        "..,||yysxxsyV||.0000000.",
        ".%..||oo||oo||..0000000.",
        "..............p.0000000."
      ],
      "terrain": {
        ",": [ "t_shrub", "t_shrub", "t_shrub_strawberry", "t_shrub_blueberry" ],
        "%": [
          "t_tree",
          "t_tree_pine",
          "t_tree_pear",
          "t_tree_plum",
          "t_tree_cherry",
          "t_tree_maple",
          "t_tree_birch",
          "t_tree_apple",
          "t_tree_willow",
          "t_tree_hickory",
          "t_tree_young"
        ],
        "_": "t_linoleum_gray",
        "[": "t_railing_v",
        "0": "t_pavement",
        "`": "t_floor_noroof",
        "~": "t_door_glass_c",
        "|": "t_strconc_wall",
        "G": "t_floor_noroof",
        "K": "t_floor_noroof",
        "$": "t_floor_noroof"
      },
      "furniture": { "!": "f_table", "$": "f_table" },
      "place_loot": [ { "item": "television", "x": 8, "y": 21 } ],
      "place_vehicles": [ { "vehicle": "suv_electric", "x": 18, "y": 18, "chance": 10, "fuel": 80, "status": 50, "rotation": 270 } ],
      "rotation": [ 2 ]
    }
  },
  {
    "type": "mapgen",
    "om_terrain": "lsm_house011_2",
    "weight": 250,
    "method": "json",
    "object": {
      "palettes": [ "standard_domestic_palette", "standard_domestic_lino_bathroom" ],
      "fill_ter": "t_floor_waxed",
      "rows": [
        "........................",
        "........................",
        "..........||o|o||.......",
        ".........|| rrrY||||||..",
        ".........|R  h  |D||d||.",
        ".........|R     |+||+||.",
        "..||o||o||||+||||    !|.",
        ".||d D|>|RRR RRR|   @@o.",
        ".|||+||         +   @@o.",
        ".|!   +        y|d   !|.",
        ".o@@  |  |oo|oo||d    |.",
        ".o@@  |y |.....||d  y||.",
        ".|!   |V o......||oo||..",
        ".||||||V |..............",
        "..||dD|V |..............",
        "...|++|| ||o||..........",
        "..^o   +  TEs||.........",
        "...o@  |     yo.........",
        "...|@! |      o.........",
        "...|||||+|||+||.........",
        "...|Q____B|z $|.........",
        "...||tS88B|z$||.........",
        "....||||oo||||..........",
        "........................"
      ],
      "terrain": { ".": "t_open_air", "|": "t_strconc_wall", "_": "t_linoleum_gray" },
      "furniture": { "!": "f_table", "$": "f_clothing_rail" },
      "items": { "!": { "item": "nightstand", "chance": 30 }, "$": { "item": "clothing_outdoor_shoes", "chance": 30 } },
      "rotation": [ 2 ]
    }
  },
  {
    "type": "mapgen",
    "om_terrain": "lsm_house011_r",
    "weight": 250,
    "method": "json",
    "object": {
      "palettes": [ "roof_palette" ],
      "fill_ter": "t_open_air",
      "rows": [
        "                        ",
        "                        ",
        "          2222222       ",
        "         22.....222222  ",
        "         |........~~.33 ",
        "         |............3 ",
        " .22222222............3 ",
        " ||...................3 ",
        " |....................3 ",
        " |..=.................3 ",
        " |.......-------......3 ",
        " |.......3     --....33 ",
        " |.......3      ------  ",
        " ||......3              ",
        "  ||.....3              ",
        "   5.....32222          ",
        "   |.........33         ",
        "   |..N....X..3         ",
        "   |..........3         ",
        "   |..........3         ",
        "   |..........3         ",
        "   ||........33         ",
        "    ----------          ",
        "                        "
      ],
      "terrain": {
        ".": "t_shingle_flat_roof",
        "=": "t_shingle_flat_roof",
        "~": "t_shingle_flat_roof",
        "N": "t_shingle_flat_roof",
        "X": "t_shingle_flat_roof"
      },
      "rotation": [ 2 ]
    }
  }
]
