[
  {
    "type": "mapgen",
    "om_terrain": "lsm_house013_b",
    "weight": 250,
    "method": "json",
    "object": {
      "palettes": [ "lsm_residential", "lsm_residential_items", "lsm_residential_bsmt", "lsm_residential_lino_bth" ],
      "fill_ter": "t_floor",
      "rows": [
        "^^^^^^^^^^^^^^^^^^^^^^^^",
        "^^^^^^^^^^^^^^^^^^^^^^^^",
        "^^^^^^^^^^^^^^^^^^^^^^^^",
        "^^^^^^^^^^^^^^^^^^^^^^^^",
        "^^^^^^^||||||||||^^^^^^^",
        "^^^^^^^|Qw|b UUU|^^^^^^^",
        "^^^^^^^|__+     |^^^^^^^",
        "^^^^^^^|tS|    <|^^^^^^^",
        "^^|||||||||  ||||||###^^",
        "^^|$$$$|zz   |Prrr|qN#^^",
        "^^|    *     +  h +,,#^^",
        "^^|$$$$|&&   |T   |ZW#^^",
        "^^||||||||   |||||||||^^",
        "^^|!lE   |    |     T|^^",
        "^^|!     +    +      |^^",
        "^^|x  H  |||+||A ee A|^^",
        "^^|x  H T|b   |A ee A|^^",
        "^^|x  H R|    |A ee A|^^",
        "^^|!    R|    |      |^^",
        "^^|! El R|u c |%%%%%%|^^",
        "^^||||||||||||||||||||^^",
        "^^^^^^^^^^^^^^^^^^^^^^^^",
        "^^^^^^^^^^^^^^^^^^^^^^^^",
        "^^^^^^^^^^^^^^^^^^^^^^^^"
      ],
      "terrain": {
        ",": "t_thconc_floor",
        "_": "t_linoleum_gray",
        "W": "t_thconc_floor",
        "Z": "t_thconc_floor",
        "N": "t_thconc_floor",
        "q": "t_thconc_floor"
      },
      "furniture": { "!": "f_speaker_cabinet", "$": "f_rack", "%": "f_counter", "&": "f_table" },
      "items": {
        "%": { "item": "alcohol_bottled_canned", "chance": 25 },
        "$": { "item": "wines_worthy", "chance": 40 },
        "&": { "item": "table_foyer", "chance": 30 }
      },
      "place_loot": [ { "item": "television", "x": 3, "y": 16 }, { "item": "laptop", "x": 16, "y": 9, "chance": 50 } ]
    }
  },
  {
    "type": "mapgen",
    "om_terrain": "lsm_house013_1",
    "weight": 250,
    "method": "json",
    "object": {
      "palettes": [
        "lsm_residential",
        "lsm_residential_items",
        "lsm_residential_ground",
        "lsm_residential_lino_ktch",
        "lsm_residential_lino_bth"
      ],
      "fill_ter": "t_floor",
      "rows": [
        "................p~~~~~~~",
        "....%...X.-------~~~~~~~",
        "..........-------~~~~~~~",
        ".%.....000----000~~~~~~~",
        "....%..##oo**oo##~~~~~~~",
        ".......#L y  iii#~~~~~~~",
        ".......#        #~~~~~~~",
        ".000000#!|R  &|>#000000.",
        ".0######||R  &||##oo##0.",
        ".0#QwBB|RRR        Ey#0.",
        ".0o____+       ys    #0.",
        "..#tS88|y //// VH l a#..",
        "..#|||||y //// VH l a#..",
        "..#U+     //// VH    o..",
        "..#||||b  //// yHHs Eo..",
        "..#47A|              #^.",
        "..#F___  |<|y    h h #..",
        "..o5___  |||T   hfff o..",
        ".0oO_6|  iii     fffho0.",
        ".0#J16|y     y&  h h #0.",
        ".0##oo#####==#####oo##0.",
        ".000000.--------.000000.",
        "..%.....--------........",
        "......................%."
      ],
      "terrain": {
        "#": "t_wall_g",
        "0": [ "t_shrub", "t_shrub", "t_shrub_strawberry", "t_shrub_blueberry" ],
        "%": [ [ "t_region_tree_nut", 5 ], [ "t_region_tree_shade", 4 ], [ "t_region_tree_fruit", 2 ] ],
        "_": "t_linoleum_gray",
        "~": "t_pavement",
        "=": "t_door_glass_c",
        "A": "t_linoleum_gray",
        "/": "t_carpet_yellow"
      },
      "furniture": { "!": "f_rack", "&": "f_table" },
      "items": {
        "!": { "item": "clothing_outdoor_shoes", "chance": 30, "repeat": [ 1, 2 ] },
        "&": { "item": "table_foyer", "chance": 30 }
      }
    }
  },
  {
    "type": "mapgen",
    "om_terrain": "lsm_house013_2",
    "weight": 250,
    "method": "json",
    "object": {
      "palettes": [ "lsm_residential", "lsm_residential_items", "lsm_residential_upper", "lsm_residential_lino_bth" ],
      "fill_ter": "t_floor",
      "rows": [
        "........................",
        "........................",
        "........................",
        "........................",
        ".......##oo##oo##.......",
        ".......#d  dd  T#.......",
        ".......#d      C#.......",
        ".......#||b   @@#.......",
        "..##oo## +    @@##oo##..",
        "..#rh R|v|D    C|D  $#..",
        "..#r  R||||+|||||D  $#..",
        "..#| |||iii yRRR||| |#..",
        "..#b  +          +  |#..",
        "..o  y| {{{{{{{{ |  %o..",
        "..o  d| {000000{ |d  o..",
        "..#  d| {000000{y|d  #..",
        "..#C  | {{>|||||||b T#^.",
        "..o@@ |    |BB_Y8|   o..",
        "..o@@ |R   +____S|@@ o..",
        "..#C T|RR&&|888_t|@@C#..",
        "..##o####oo##oo####o##..",
        "........................",
        "........................",
        "........................"
      ],
      "terrain": { "#": "t_wall_g", "_": "t_linoleum_gray", "{": "t_railing_v", "Y": "t_linoleum_gray" },
      "furniture": { "$": "f_clothing_rail", "%": "f_exercise", "&": "f_table" },
      "items": {
        "&": { "item": "table_foyer", "chance": 30 },
        "$": [ { "item": "dress_shop", "chance": 30, "repeat": [ 1, 2 ] }, { "item": "jackets", "chance": 30, "repeat": [ 1, 2 ] } ]
      },
      "place_loot": [ { "item": "laptop", "x": 3, "y": 10 } ]
    }
  },
  {
    "type": "mapgen",
    "om_terrain": "lsm_house013_r",
    "weight": 250,
    "method": "json",
    "object": {
      "palettes": [ "lsm_residential_roof" ],
      "fill_ter": "t_open_air",
      "rows": [
        "                        ",
        "                        ",
        "                        ",
        "                        ",
        "       ---------|       ",
        "       3........|       ",
        "       3........|       ",
        "       3........|       ",
        "  3-----..X.....------  ",
        "  3..................|  ",
        "  3..................|  ",
        "  3.................~|  ",
        "  3.................~|  ",
        "  3..................|  ",
        "  3..................|  ",
        "  3..................|  ",
        "  3..................5  ",
        "  3..................|  ",
        "  3..=...............|  ",
        "  3..................|  ",
        "  22222222222222222222  ",
        "                        ",
        "                        ",
        "                        "
      ]
    }
  }
]
