[
  {
    "type": "mapgen",
    "om_terrain": "lsm_house032_1",
    "weight": 250,
    "method": "json",
    "object": {
      "palettes": [ "lsm_residential", "lsm_residential_items", "lsm_residential_ground", "lsm_residential_lino_bth" ],
      "fill_ter": "t_floor",
      "rows": [
        "...---..................",
        "...---.......#####oo##..",
        ".X.---.p)))))#ZW|d   #..",
        "...---.##oo###__|d  @#..",
        "...---0#@@ b|B_t|   @o..",
        "...---0o@@ D|B_S|D  C#..",
        "...---0#C  d|8_8|||+|#..",
        "...---0#   d||+||y  T#..",
        "...---0#|+|||y    // o..",
        "...---0o!         //ho..",
        "...---##||||||||   rr#..",
        "..#o*o#ffh|xxx     ||#..",
        "..#! L|ff |/// l   +U#..",
        "..#  &|h  |/// E   +q#..",
        "..o      4|HHH   |+||#^.",
        "..oy     7|sssT  |  y#..",
        "..#F JJA         |  !#..",
        "..#J         yRRR|  !o..",
        "..#5JO126  RR#####o~##..",
        "..###oo##oo###$$$`````..",
        "........jjjj.-````````..",
        "..,,.........-``G`K`G`..",
        ".,%,......u..-````G```..",
        ".,......................"
      ],
      "terrain": {
        "#": "t_adobe_brick_wall",
        "~": "t_door_glass_c",
        "_": "t_linoleum_gray",
        "`": "t_floor_noroof",
        "G": "t_floor_noroof",
        "K": "t_floor_noroof",
        "0": [ [ "t_shrub", 2 ], "t_shrub_strawberry", "t_shrub_blueberry" ],
        ")": "t_shrub_lilac",
        "%": [ [ "t_region_tree_nut", 5 ], [ "t_region_tree_shade", 4 ], [ "t_region_tree_fruit", 2 ] ],
        ",": "t_dirt",
        "/": "t_carpet_yellow"
      },
      "furniture": { "!": "f_table", "$": "f_rack", "&": "f_rack" },
      "items": {
        "!": { "item": "table_foyer", "chance": 50 },
        "&": { "item": "clothing_outdoor_shoes", "chance": 40, "repeat": [ 1, 2 ] },
        "$": [ { "item": "sports", "chance": 30 }, { "item": "camping", "chance": 30 } ]
      },
      "place_loot": [ { "item": "television", "x": 12, "y": 11 } ]
    }
  },
  {
    "type": "mapgen",
    "om_terrain": "lsm_house032_r",
    "weight": 250,
    "method": "json",
    "object": {
      "palettes": [ "lsm_residential_roof" ],
      "fill_ter": "t_open_air",
      "rows": [
        "                        ",
        "             ---------  ",
        "             -.......|  ",
        "       -------.......|  ",
        "       3.............|  ",
        "       3.............|  ",
        "       3.............|  ",
        "       3.............|  ",
        "       3.............|  ",
        "       3.............|  ",
        "      33....=........|  ",
        "  33333..............|  ",
        "  3..................|  ",
        "  3..................|  ",
        "  3...............X..5  ",
        "  3...N..............|  ",
        "  3..................|  ",
        "  3..................|  ",
        "  3..........222222222  ",
        "  222222222222          ",
        "                        ",
        "                        ",
        "                        ",
        "                        "
      ]
    }
  }
]
