[
  {
    "type": "mapgen",
    "om_terrain": [ "lsm_bar_01_basement" ],
    "weight": 250,
    "method": "json",
    "object": {
      "palettes": [ "lsm_building", "lsm_commercial_furniture", "lsm_commercial_items", "lsm_commercial_bar_restaurant" ],
      "fill_ter": "t_concrete",
      "rows": [
        "««««««««««««««««««««««««",
        "««««««««««««««««««««««««",
        "««¦¦¦¦¦¦¦¦¦¦¦¦¦¦¦¦¦¦¦¦««",
        "««¦W yyÞÞÞ| Ñdd|St|St¦««",
        "««¦W      |  dd|¹¹|¹¹¦««",
        "««¦W     Γ|   Ñ||+|+|¦««",
        "««¦W     Γ|+||||    Л¦««",
        "««¦W                Л¦««",
        "««¦W ÞÞÞ  ɸɸ ЙЙЙ    Л¦««",
        "««¦|||||  |||||||   Л¦««",
        "««¦N³Ð³|  |¢¢ϦϦϦ|    ¦««",
        "««¦  Ç *  |¢¢Ϧ  *   H¦««",
        "««¦ʞ   |+||£    |D  H¦««",
        "««¦ʞ  ʞ|  |£ JJJ|D  H¦««",
        "««¦ʞΞ ʞ|UU|JJJJJ|D  H¦««",
        "««¦|||||||||||||||  H¦««",
        "««¦ϿϿϿϿϿ|hȚhƏƏCCCg   ¦««",
        "««¦¹¹¹¹¹|        g   ¦««",
        "««¦¹ЉЉ¹¹~ hh  hh     ¦««",
        "««¦¹ЉЉ¹Ͼ| ϙϛ  ʬʬ g   ¦««",
        "««¦¹¹¹¹Ͼ|        g¬  ¦««",
        "««¦ЏЏЏ¹Ͼ|hhʪϤϤʪhh||< ¦««",
        "««¦¦¦¦²¦¦¦¦¦¦²¦¦¦¦¦¦¦¦««",
        "««««««««««««««««««««««««"
      ],
      "terrain": {
        "Љ": "t_linoleum_gray",
        "Ͼ": "t_linoleum_gray",
        "Џ": "t_linoleum_gray",
        "Ͽ": "t_linoleum_gray",
        "t": "t_linoleum_gray",
        "S": "t_linoleum_gray"
      },
      "place_monsters": [ { "monster": "GROUP_ZOMBIE", "x": [ 3, 20 ], "y": [ 7, 19 ], "chance": 5, "repeat": [ 2, 3 ] } ]
    }
  },
  {
    "type": "mapgen",
    "om_terrain": [ "lsm_bar_01_first" ],
    "weight": 250,
    "method": "json",
    "object": {
      "palettes": [ "lsm_building", "lsm_commercial_furniture", "lsm_commercial_items", "lsm_commercial_bar_restaurant" ],
      "fill_ter": "t_floor_waxed",
      "rows": [
        "------------------------",
        "-{{{{{{{{{{{{{{---------",
        "-{cÜ¿ßccß¿ßccß#:¤¤####--",
        "-{cÜ¿ßccß¿ßccß:Ω»»|St#--",
        "-{¿¿¿¿¿¿¿¿¿¿¿¿Ø»»»+»»Ö--",
        "-{cÜ¿ßccß¿ßccß:Ω»»|||#--",
        "-{cÜ¿ßccß¿ßccß:Ƌ»»+»»Ö--",
        "-{#:::::::::::#Ƌ»»|St#--",
        "--#ԊЮfЮfЮԊЮfЮfЮƋ»»|||#--",
        "-^#ɷ»ɷ»ɷ»ɷ»ɷ»ɷ»»»»<|U#--",
        "--#»»»»»»»»»»»»»»»{|*#--",
        "--Ö»Ñ»»»»Ñ»»»Ñ»»»»Ñ»»#--",
        "--ÖÑba»Ñbb»»»ba»»»aa»Ö--",
        "--#»ab»»abÑ»Ñba»»ÑbbÑÖ--",
        "--Ö»»Ñ»»»Ñ»»»Ñ»Ñ»»»Ñ»#--",
        "--Ö»»»»»»»»»»»»»»»»»»#&-",
        "--#ɷ»ɷ»ɷ»ɷ»ɷ»»»»»»Ñ»»#&-",
        "--#fЮԊЮfЮfЮԊfeeЮ»»ba»#&-",
        "--#wwwxxϦϦXXeeeЮ»ÑabÑ#&-",
        "--Ö»»»»»»»»»»»»i»»Ñ»»#&-",
        "--Ö»»»»»»»»»»»»Ю»»{{|#&-",
        "--#nmeelkʗʗʗʐʐeЮ»»»>|#^-",
        "--##²###########¡#####--",
        "------------------------"
      ],
      "terrain": { "c": "t_floor_noroof", "Ü": "t_floor_noroof", "ß": "t_floor_noroof" },
      "place_loot": [ { "group": "lsm_restaurant_bar_menus", "x": 15, "y": 20, "chance": 100, "repeat": [ 10, 15 ] } ],
      "place_monsters": [ { "monster": "GROUP_ZOMBIE", "x": [ 3, 19 ], "y": [ 3, 20 ], "chance": 5, "repeat": [ 3, 5 ] } ],
      "place_nested": [
        {
          "chunks": [ [ "null", 1 ], [ "lsm_bar_rest_floor", 2 ], [ "lsm_general_encounters", 1 ] ],
          "x": [ 20, 23 ],
          "y": [ 8, 9 ]
        }
      ],
      "place_graffiti": [ { "snippet": "shopname_bar", "x": 15, "y": 2 } ]
    }
  },
  {
    "type": "mapgen",
    "om_terrain": [ "lsm_bar_01_second" ],
    "weight": 250,
    "method": "json",
    "object": {
      "palettes": [ "lsm_building", "lsm_commercial_furniture", "lsm_commercial_items", "lsm_commercial_bar_restaurant" ],
      "fill_ter": "t_floor_waxed",
      "rows": [
        "´´´´´´´´´´´´´´´´´´´´´´´´",
        "´´´´´´´´´´´´´´´´´´´´´´´´",
        "´´´´´´´´´´´´´´###ÖÖ###´´",
        "´´´´´´´´´´´´´´:ɷ»»»»»#´´",
        "´´´´´´´´´´´´´´:»»»ଦଦ»#´´",
        "´´´´´´´´´´´´´´:ɷ»»ଦଦ»Ö´´",
        "´´´´´´´´´´´´´´:»»»ଦଦ»Ö´´",
        "´´#############ɷ»»»»»#´´",
        "´^#¯¯¯¯¯¯¯¯¯¯{Ю»»{{»»#´´",
        "´´#¯¯¯¯¯¯¯¯¯¯{Юɷ»{>»»#´´",
        "´´#¯¯¯¯¯¯¯¯¯¯{Ю»»{{»»#´´",
        "´´#¯¯¯¯¯¯¯¯¯¯{Ԋɷ»»»»»Ö´´",
        "´´#¯¯¯¯¯¯¯¯¯¯{Ю»»»»»»Ö´´",
        "´´#¯¯¯¯¯¯¯¯¯¯{fɷ»»ଦଦ»#´´",
        "´´#¯¯¯¯¯¯¯¯¯¯{Ю»»»ଦଦ»#´´",
        "´´#¯¯¯¯¯¯¯¯¯¯{fɷ»»ଦଦ»#´´",
        "´´#¯¯¯¯¯¯¯¯¯¯{Ԋ»»»»»»#´´",
        "´´#¯¯¯¯¯¯¯¯¯¯{Юɷ»»»»»Ö´´",
        "´´#¯¯¯¯¯¯¯¯¯¯{Ю»»»ଦଦ»Ö´´",
        "´´#¯¯¯¯¯¯¯¯¯¯{Юɷ»»ଦଦ»#´´",
        "´´²¯¯¯¯¯¯¯¯¯¯{Ԋ»»»ଦଦ»#^´",
        "´´#¯¯¯¯¯¯¯¯¯¯{fɷ»»»»»#´´",
        "´´###############ÖÖ###´´",
        "´´´´´´´´´´´´´´´´´´´´´´´´"
      ],
      "place_monsters": [ { "monster": "GROUP_ZOMBIE", "x": [ 15, 17 ], "y": [ 3, 21 ], "chance": 5, "repeat": [ 1, 2 ] } ]
    }
  },
  {
    "type": "mapgen",
    "om_terrain": [ "lsm_bar_01_roof" ],
    "weight": 250,
    "method": "json",
    "object": {
      "palettes": [ "lsm_building_roof" ],
      "fill_ter": "t_open_air",
      "rows": [
        "                        ",
        "                        ",
        "              --------  ",
        "              -......|  ",
        "              -......|  ",
        "              -......|  ",
        "              -..MMM.|  ",
        "  -------------..MMM.|  ",
        "  5..............MMM.|  ",
        "  3..................|  ",
        "  3..................|  ",
        "  3...oooooooooooo...|  ",
        "  3...oooooooooooo...|  ",
        "  3...oooooooooooo...|  ",
        "  3...oooooooooooo...|  ",
        "  3...oooooooooooo...|  ",
        "  3...oooooooooooo...|  ",
        "  3...oooooooooooo...|  ",
        "  3..................|  ",
        "  3.N..............X.|  ",
        "  3....=.............5  ",
        "  3.......&&.........|  ",
        "  22222222222222222222  ",
        "                        "
      ]
    }
  }
]
