[
  {
    "type": "mapgen",
    "om_terrain": "lsm_house033_b",
    "weight": 250,
    "method": "json",
    "object": {
      "palettes": [ "lsm_residential", "lsm_residential_items", "lsm_residential_bsmt" ],
      "fill_ter": "t_thconc_floor",
      "rows": [
        "^^^^^^^^^^^^^^^^^^^^^^^^",
        "^^^^^^^^^^^^^^^^^^^^^^^^",
        "^^^^^^^^^^^^^^^^^^^^^^^^",
        "^^^^^^^^^^^^^^^^^^^^^^^^",
        "^^#############^^^^^^^^^",
        "^^#   hhh     #^^^^^^^^^",
        "^^#   hh      #^^^^^^^^^",
        "^^#U #     # Z#^^^^^^^^^",
        "^^#U T        #^^^^^^^^^",
        "^^#N         W#^^^^^^^^^",
        "^^#NA         #^^^^^^^^^",
        "^^#q  |<|   H$#^^^^^^^^^",
        "^^#q  |||   HE#^^^^^^^^^",
        "^^#   zzz   Hb#^^^^^^^^^",
        "^^#   zz      #^^^^^^^^^",
        "^^#           #^^^^^^^^^",
        "^^#  #     #  #^^^^^^^^^",
        "^^#           #^^^^^^^^^",
        "^^# !        g#^^^^^^^^^",
        "^^#############^^^^^^^^^",
        "^^^^^^^^^^^^^^^^^^^^^^^^",
        "^^^^^^^^^^^^^^^^^^^^^^^^",
        "^^^^^^^^^^^^^^^^^^^^^^^^",
        "^^^^^^^^^^^^^^^^^^^^^^^^"
      ],
      "furniture": { "!": "f_home_furnace", "$": "f_glass_cabinet" }
    }
  },
  {
    "type": "mapgen",
    "om_terrain": "lsm_house033_1",
    "weight": 250,
    "method": "json",
    "object": {
      "palettes": [ "lsm_residential", "lsm_residential_items", "lsm_residential_ground", "lsm_residential_lino_bth" ],
      "fill_ter": "t_floor",
      "rows": [
        "....p---................",
        "..###o*o##o##...........",
        "..#RR      !#......000..",
        "%.#     y$L|#o##...000..",
        "..o&E,,,V|||F 5#........",
        "..#H,l,,  66J Jo........",
        "..#H,l,,      O#........",
        "..#H,l,, |4321##........",
        "..os,,,, |||||#^........",
        "..#y         h#......%..",
        "..#|+||+|   ffo.........",
        "..#B_w|>|  hff#.........",
        "..#B_Q|||    ho.........",
        "..o__8|q+     ##..[o[[..",
        "..#St8|q+     P#..[/U[..",
        "..###||||||R  r#..[/U[..",
        "....oC@@ d|R hr#..[*[[..",
        "....# @@ d|R  ro........",
        "....#     +    o........",
        "....o D  b|y   #........",
        "....##o##o### $#........",
        ".%..........#~o#........",
        "........................",
        "........................"
      ],
      "terrain": {
        "[": "t_wall_wood",
        "~": "t_door_glass_c",
        "_": "t_linoleum_gray",
        "0": [ [ "t_shrub", 2 ], "t_shrub_strawberry", "t_shrub_blueberry" ],
        "%": [ [ "t_region_tree_nut", 5 ], [ "t_region_tree_shade", 4 ], [ "t_region_tree_fruit", 2 ] ],
        "/": "t_concrete",
        "U": "t_concrete",
        ",": "t_carpet_purple",
        "s": "t_carpet_purple",
        "H": "t_carpet_purple",
        "l": "t_carpet_purple",
        "E": "t_carpet_purple",
        "&": "t_carpet_purple"
      },
      "furniture": { "!": "f_rack", "$": "f_table", "&": [ "f_indoor_plant", "f_indoor_plant_y" ] },
      "items": {
        "$": { "item": "table_foyer", "chance": 50 },
        "!": { "item": "clothing_outdoor_shoes", "chance": 40, "repeat": [ 1, 2 ] }
      }
    }
  },
  {
    "type": "mapgen",
    "om_terrain": "lsm_house033_r",
    "weight": 250,
    "method": "json",
    "object": {
      "palettes": [ "lsm_residential_roof" ],
      "fill_ter": "t_open_air",
      "rows": [
        "                        ",
        "  -----------           ",
        "  3.........-           ",
        "  3.........----        ",
        "  3............|        ",
        "  3............|        ",
        "  3.........=..|        ",
        "  3...........||        ",
        "  3...........5         ",
        "  3...........|         ",
        "  3...........|         ",
        "  3...........|         ",
        "  3....A......|         ",
        "  3...........||  ....  ",
        "  3............|  ....  ",
        "  333..........|  ....  ",
        "    3......N...|  ....  ",
        "    3..........|        ",
        "    3..........|        ",
        "    3..........|        ",
        "    222222222..|        ",
        "            2222        ",
        "                        ",
        "                        "
      ]
    }
  }
]
