[
  {
    "type": "mapgen",
    "om_terrain": "lsm_house026_1",
    "weight": 250,
    "method": "json",
    "object": {
      "palettes": [
        "lsm_residential",
        "lsm_residential_items",
        "lsm_residential_ground",
        "lsm_residential_lino_ktch",
        "lsm_residential_lino_bth"
      ],
      "fill_ter": "t_floor",
      "rows": [
        "....---------p..........",
        "..###oo###---0.%.....%..",
        "..# C@@Cy#---0..........",
        "..o  @@  #o*#00000##o##.",
        "..o      |L ##ooo##NNq#.",
        ".0#   T  |$ ,sHHHs| h #.",
        ".0#Ddd||+|  ,,,,,,|   o.",
        ".##||||R    ,,lll,| qq#.",
        ".#88ZW|R    ,,,,,,|+||#.",
        ".oS___+     ,,xxx,,  R#.",
        ".#t_BB|  VV |||||||  R#.",
        ".##||||+||| 662FJJ|``r#.",
        ".0# Ddy |U+ _____O|`!ro.",
        ".0o@    |z+ Y13754|``ro.",
        ".0o@   I|||    A  y  P#.",
        "..#C  hI|y  h        P#.",
        "..######|  hff ||+|||##.",
        ".....==~    ffh|y dd #^.",
        ".....==~ y  h y|    C#0.",
        ".....==###oooo##   @@o0.",
        ".u...=====iiii *   @@o0.",
        ".....=====     #Db  C#0.",
        ".%...=?=?=&y  y###o###0.",
        "........................"
      ],
      "terrain": {
        "#": "t_wall_g",
        "~": "t_door_glass_c",
        "_": "t_linoleum_gray",
        "-": "t_concrete",
        "=": "t_floor_noroof",
        "0": [ [ "t_shrub", 2 ], "t_shrub_strawberry", "t_shrub_blueberry" ],
        "%": [ [ "t_region_tree_nut", 5 ], [ "t_region_tree_shade", 4 ], [ "t_region_tree_fruit", 2 ] ],
        ",": "t_carpet_red",
        "`": "t_carpet_purple",
        "!": "t_carpet_purple",
        "Y": "t_linoleum_gray",
        "r": "t_carpet_purple",
        "?": "t_floor_noroof",
        "&": "t_column",
        "W": "t_linoleum_gray",
        "Z": "t_linoleum_gray",
        "l": "t_carpet_red",
        "x": "t_carpet_red",
        "H": "t_carpet_red",
        "s": "t_carpet_red"
      },
      "furniture": { "!": "f_chair", "$": "f_table", "?": "f_deckchair" },
      "items": { "$": { "item": "table_foyer", "chance": 50 } },
      "place_loot": [ { "item": "television", "x": 15, "y": 9 }, { "item": "laptop", "x": 21, "y": 12 } ]
    }
  },
  {
    "type": "mapgen",
    "om_terrain": "lsm_house026_r",
    "weight": 250,
    "method": "json",
    "object": {
      "palettes": [ "lsm_residential_roof" ],
      "fill_ter": "t_open_air",
      "rows": [
        "                        ",
        "  --------              ",
        "  3......-              ",
        "  3......----     ----- ",
        "  3.........-------...| ",
        "  3...................| ",
        "  3...................| ",
        " 33...................| ",
        " 3....................| ",
        " 3....................| ",
        " 3....................| ",
        " 33.....X.............| ",
        "  3...................| ",
        "  3...................| ",
        "  3...................| ",
        "  3...................| ",
        "  222222........=....|| ",
        "       2.............5  ",
        "       2.............|  ",
        "       2222..........|  ",
        "          2..........|  ",
        "          2..........|  ",
        "          22222222222|  ",
        "                        "
      ],
      "furniture": { "Y": "f_solar_unit" }
    }
  }
]
