[
  {
    "type": "mapgen",
    "om_terrain": "lsm_house006_b",
    "weight": 150,
    "method": "json",
    "object": {
      "palettes": [ "standard_domestic_palette", "standard_domestic_basement_palette" ],
      "fill_ter": "t_thconc_floor",
      "rows": [
        "^^^^^^^^^^^^^^^^^^^^^^^^",
        "^^^^^^^^^^^^^^^^^^^^^^^^",
        "^^^^^^^^^^^^^^^^^^^^^^^^",
        "^######################^",
        "^#zzzz    NN       Z W#^",
        "^#                    #^",
        "^#                    #^",
        "^#                   g#^",
        "^#            X       #^",
        "^#     zzz            #^",
        "^#     zzz            #^",
        "^#                    #^",
        "^#            c      <#^",
        "^#                    #^",
        "^######################^",
        "^^^^^^^^^^^^^^^^^^^^^^^^",
        "^^^^^^^^^^^^^^^^^^^^^^^^",
        "^^^^^^^^^^^^^^^^^^^^^^^^",
        "^^^^^^^^^^^^^^^^^^^^^^^^",
        "^^^^^^^^^^^^^^^^^^^^^^^^",
        "^^^^^^^^^^^^^^^^^^^^^^^^",
        "^^^^^^^^^^^^^^^^^^^^^^^^",
        "^^^^^^^^^^^^^^^^^^^^^^^^",
        "^^^^^^^^^^^^^^^^^^^^^^^^"
      ],
      "rotation": [ 2 ]
    }
  },
  {
    "type": "mapgen",
    "om_terrain": "lsm_house006_b",
    "weight": 10,
    "method": "json",
    "object": {
      "palettes": [ "standard_domestic_palette", "standard_domestic_basement_palette" ],
      "fill_ter": "t_thconc_floor",
      "rows": [
        "^^^^^^^^^^^^^^^^^^^^^^^^",
        "^^^^^^^^^^^^^^^^^^^^^^^^",
        "^^^^^^^^^^^^^^^^^^^^^^^^",
        "^######################^",
        "^#           zzz  zzzz#^",
        "^#           zzz      #^",
        "^#$                   #^",
        "^#    |          |    #^",
        "^#                   W#^",
        "^#g                   #^",
        "^#                   Z#^",
        "^#    |          |    #^",
        "^#                   <#^",
        "^#                    #^",
        "^######################^",
        "^^^^^^^^^^^^^^^^^^^^^^^^",
        "^^^^^^^^^^^^^^^^^^^^^^^^",
        "^^^^^^^^^^^^^^^^^^^^^^^^",
        "^^^^^^^^^^^^^^^^^^^^^^^^",
        "^^^^^^^^^^^^^^^^^^^^^^^^",
        "^^^^^^^^^^^^^^^^^^^^^^^^",
        "^^^^^^^^^^^^^^^^^^^^^^^^",
        "^^^^^^^^^^^^^^^^^^^^^^^^",
        "^^^^^^^^^^^^^^^^^^^^^^^^"
      ],
      "furniture": { "$": "f_home_furnace" },
      "place_loot": [
        { "item": "corpse_generic_male", "x": 14, "y": 9 },
        { "group": "liquor_and_spirits", "x": 13, "y": 9 },
        { "item": "bottle_plastic_small", "x": 13, "y": 9, "repeat": 2 }
      ],
      "rotation": [ 2 ]
    }
  },
  {
    "type": "mapgen",
    "om_terrain": "lsm_house006_b",
    "weight": 25,
    "method": "json",
    "object": {
      "palettes": [ "standard_domestic_palette", "standard_domestic_basement_palette" ],
      "fill_ter": "t_thconc_floor",
      "rows": [
        "^^^^^^^^^^^^^^^^^^^^^^^^",
        "^^^^^^^^^^^^^^^^^^^^^^^^",
        "^^^^^^^^^^^^^^^^^^^^^^^^",
        "^######################^",
        "^#$ g[            |W Z#^",
        "^#   [            |   #^",
        "^#[_[[            |+||#^",
        "^#                    #^",
        "^#                    #^",
        "^#[[[[[[[[[[[[[[      #^",
        "^#,,,,         [      #^",
        "^#,,,,         _      #^",
        "^#,,,          [     <#^",
        "^#,,,          [      #^",
        "^######################^",
        "^^^^^^^^^^^^^^^^^^^^^^^^",
        "^^^^^^^^^^^^^^^^^^^^^^^^",
        "^^^^^^^^^^^^^^^^^^^^^^^^",
        "^^^^^^^^^^^^^^^^^^^^^^^^",
        "^^^^^^^^^^^^^^^^^^^^^^^^",
        "^^^^^^^^^^^^^^^^^^^^^^^^",
        "^^^^^^^^^^^^^^^^^^^^^^^^",
        "^^^^^^^^^^^^^^^^^^^^^^^^",
        "^^^^^^^^^^^^^^^^^^^^^^^^"
      ],
      "terrain": { "[": "t_wall_half", "_": "t_door_frame", ",": "t_floor" },
      "furniture": { "$": "f_home_furnace" },
      "place_loot": [
        { "item": "nail", "x": 12, "y": 9 },
        { "item": "2x4", "x": [ 8, 10 ], "y": [ 10, 12 ], "repeat": [ 7, 10 ] },
        { "item": "toolbox", "x": [ 8, 10 ], "y": [ 10, 12 ], "chance": 5 },
        { "group": "tools_carpentry", "x": [ 8, 10 ], "y": [ 10, 12 ], "repeat": [ 2, 4 ] }
      ],
      "rotation": [ 2 ]
    }
  },
  {
    "type": "mapgen",
    "om_terrain": "lsm_house006_1",
    "weight": 200,
    "method": "json",
    "object": {
      "palettes": [ "standard_domestic_palette", "standard_domestic_lino_bathroom" ],
      "fill_ter": "t_floor",
      "rows": [
        "........................",
        ".[[oo[[G-----[[o[[oo[[[.",
        ".[4 Y oK----a[tS|!@@! [.",
        ".[F   [G-----[__| @@ do.",
        ".[3 J [[[~~[[[|+|    do.",
        ".[2 5 | T   y|y |$  h [.",
        ".oO J |    h    +  rrr[.",
        ".o2      hff  ||||||||[.",
        ".[166     ffh |RRRE lx[.",
        ".[||||||  h   +     l o.",
        ".osE RR|      |ys E lyo.",
        "^[E    + V||| ||||||||[.",
        ".[||+||| V| +        >o.",
        ".[!   h| L| |||||+||+|[.",
        ".o@@  d[*o[   y|8_w| /[.",
        ".o@@  d[-#o!& d|S_B| /[.",
        ".[!   y[-#o@@ d|t_B| v[.",
        ".[[oo[[[-#[[[[[[[[[[[[[.",
        ".-----------,,,,,,,,,N[.",
        ".-----------,,,,,,,,,U[.",
        ".-----------,,,,,,,,,U[.",
        ".-----------,,,,,,,,,q[.",
        ".-----------,,,,,,,,,q[.",
        ".-----------%,,,,,,,[[[."
      ],
      "terrain": {
        "~": "t_door_glass_c",
        "_": "t_linoleum_gray",
        ",": "t_pavement",
        "%": "t_column",
        "#": "t_shrub",
        "N": "t_pavement",
        "U": "t_pavement",
        "q": "t_pavement",
        "G": "t_sidewalk",
        "K": "t_sidewalk",
        "[": "t_adobe_brick_wall"
      },
      "furniture": { "!": "f_table", "/": "f_clothing_rail", "$": "f_ergometer", "&": [ [ "f_null", 3 ], "f_pillow_fort" ] },
      "items": {
        "!": { "item": "nightstand", "chance": 35 },
        "/": [
          { "item": "jackets", "chance": 50, "repeat": [ 1, 3 ] },
          { "item": "clothing_outdoor_torso", "chance": 50, "repeat": [ 1, 3 ] },
          { "item": "clothing_outdoor_pants", "chance": 50, "repeat": [ 1, 3 ] }
        ]
      },
      "place_loot": [
        { "item": "television", "x": 21, "y": 8, "chance": 100 },
        { "item": "choc_drink", "x": [ 10, 11 ], "y": [ 7, 8 ], "chance": 30 },
        { "group": "religious_books", "x": [ 15, 17 ], "y": 8, "chance": 30, "repeat": [ 1, 2 ] },
        { "group": "child_items", "x": [ 11, 13 ], "y": [ 14, 16 ], "chance": 50, "repeat": [ 3, 6 ] },
        { "group": "toy_store", "x": [ 11, 13 ], "y": [ 14, 16 ], "chance": 30, "repeat": [ 1, 3 ] }
      ],
      "rotation": [ 2 ]
    }
  },
  {
    "type": "mapgen",
    "om_terrain": "lsm_house006_1",
    "weight": 25,
    "method": "json",
    "object": {
      "palettes": [ "standard_domestic_palette", "standard_domestic_lino_bathroom" ],
      "fill_ter": "t_floor",
      "rows": [
        "........................",
        ".[[oo[[------[[o[[oo[[[.",
        ".[?   o-----a[t}|     [.",
        ".[{   [------[__|     o.",
        ".[? / [[[~~[[[|+|     o.",
        ".[? 5 |]]    |  |     [.",
        ".o& / |h   h    +     [.",
        ".o?       !! h||||||||[.",
        ".[?]]]]   !!  |       [.",
        ".[||||||      +       o.",
        ".o     | ]]]] |       o.",
        "^[     + ]||| ||||||||[.",
        ".[||+||| ]| +     ]  >o.",
        ".[     | ]| |||||+||+|[.",
        ".o     [*o[    |=__|  [.",
        ".o     [-#o    |}_B|  [.",
        ".[     [-#o    |t_B|  [.",
        ".[[oo[[[-#[[[[[[[[[[[[[.",
        ".-----------0,,,,,,,,)[.",
        ".-----------,,,,,,,,,([.",
        ".-----------0,,,,,,,,([.",
        ".-----------0,,,,,,,,`[.",
        ".-----------,,,,,,,,,`[.",
        ".-----------%,,,,,,,[[[."
      ],
      "terrain": {
        "~": "t_door_glass_c",
        "_": "t_linoleum_gray",
        "=": "t_linoleum_gray",
        "}": "t_linoleum_gray",
        ",": "t_pavement",
        "%": "t_column",
        "#": "t_shrub",
        "(": "t_pavement",
        ")": "t_pavement",
        "`": "t_pavement",
        "0": "t_pavement",
        "[": "t_adobe_brick_wall"
      },
      "furniture": {
        "!": "f_table",
        "0": "f_cardboard_box",
        "]": "f_cardboard_box",
        "&": "f_oven",
        "=": "f_counter",
        "?": "f_cupboard",
        "/": "f_counter",
        "{": "f_fridge",
        "}": "f_sink",
        "(": "f_utility_shelf",
        ")": "f_workbench",
        "`": "f_rack"
      },
      "items": {
        "!": [ { "item": "softdrinks_canned", "chance": 50 } ],
        "0": [ { "item": "donated_clothes", "chance": 50, "repeat": [ 8, 12 ] } ],
        " ": { "item": "trash", "chance": 5 }
      },
      "place_loot": [
        { "item": "broom", "x": 5, "y": 5 },
        { "item": "mop", "x": 3, "y": 6 },
        { "item": "pizza_veggy", "x": [ 10, 11 ], "y": [ 7, 8 ] },
        { "item": "pizza_meat", "x": [ 10, 11 ], "y": [ 7, 8 ], "repeat": [ 1, 2 ] },
        { "group": "dishes_utility", "x": [ 3, 6 ], "y": 8, "repeat": [ 10, 12 ] },
        { "group": "dishes_dining", "x": [ 3, 6 ], "y": 8, "repeat": [ 10, 12 ] },
        { "group": "novels", "x": [ 10, 12 ], "y": 10, "repeat": [ 4, 8 ] },
        { "group": "office_paper", "x": 9, "y": [ 12, 13 ], "repeat": [ 4, 8 ] },
        { "group": "toy_store", "x": 9, "y": [ 10, 11 ], "repeat": [ 6, 8 ] }
      ],
      "place_vehicles": [ { "vehicle": "car", "x": 16, "y": 20, "chance": 50, "fuel": 80, "rotation": 270 } ],
      "rotation": [ 2 ]
    }
  },
  {
    "type": "mapgen",
    "om_terrain": "lsm_house006_1",
    "weight": 25,
    "method": "json",
    "object": {
      "palettes": [ "standard_domestic_palette", "standard_domestic_lino_bathroom" ],
      "fill_ter": "t_floor",
      "rows": [
        "........................",
        ".[[oo[[G-----[[o[[oo[[[.",
        ".[4 Y oK----a[tS|!@@! [.",
        ".[F   [G-----[__| @@ do.",
        ".[3 J [[[~~[[[|+|    do.",
        ".[2 5 | T   y|y |$  h [.",
        ".oO J |    h    +  rrr[.",
        ".o2      hff    ||||||[.",
        ".[166     ffh   |dd @@[.",
        ".[||||||  h     +    !o.",
        ".oyRRRVV        | &   [.",
        "^[        |++|  ||||||[.",
        ".[  E     |UU|       >o.",
        ".[    T[ L||||+||+||+|[.",
        ".os l H[*o[rrr |8_w| /[.",
        ".ox l H[-#o h  |S_B| /[.",
        ".[s l H[-#oPP y|t_B| v[.",
        ".[[oo[[[-#[[[[[[[[[[[[[.",
        "........----,,,,,,,,,N[.",
        "........----,,,,,,,,,`[.",
        "........----,,,,,,,,,`[.",
        "........----,,,,,,,,,q[.",
        "........----,,,,,,,,,q[.",
        "........----%,,,,,,,[[[."
      ],
      "terrain": {
        "~": "t_door_glass_c",
        "_": "t_linoleum_gray",
        ",": "t_pavement",
        "`": "t_pavement",
        "%": "t_column",
        "#": "t_shrub",
        "N": "t_pavement",
        "q": "t_pavement",
        "G": "t_sidewalk",
        "K": "t_sidewalk",
        "[": "t_adobe_brick_wall"
      },
      "furniture": { "!": "f_table", "`": "f_utility_shelf", "/": "f_clothing_rail", "$": "f_ergometer", "&": "f_pillow_fort" },
      "items": {
        "!": { "item": "nightstand", "chance": 35 },
        "/": [
          { "item": "jackets", "chance": 50, "repeat": [ 1, 3 ] },
          { "item": "clothing_outdoor_torso", "chance": 50, "repeat": [ 1, 3 ] },
          { "item": "clothing_outdoor_pants", "chance": 50, "repeat": [ 1, 3 ] }
        ]
      },
      "place_loot": [
        { "item": "choc_drink", "x": [ 10, 11 ], "y": [ 7, 8 ], "chance": 30 },
        { "group": "child_items", "x": [ 17, 21 ], "y": [ 8, 10 ], "chance": 50, "repeat": [ 3, 6 ] },
        { "group": "toy_store", "x": [ 17, 21 ], "y": [ 8, 10 ], "chance": 30, "repeat": [ 1, 3 ] },
        { "item": "television", "x": 2, "y": 15, "chance": 100 },
        { "item": "sleeping_bag", "x": [ 11, 12 ], "y": 12, "chance": 50, "repeat": [ 1, 3 ] },
        { "item": "backpack_hiking", "x": 21, "y": [ 19, 20 ], "chance": 50 },
        { "item": "hatchet", "x": 21, "y": [ 19, 20 ], "chance": 50 },
        { "item": "inflatable_boat", "x": 21, "y": [ 19, 20 ], "chance": 50 },
        { "item": "binoculars", "x": 21, "y": [ 19, 20 ], "chance": 50 },
        { "item": "knife_hunting", "x": 21, "y": [ 19, 20 ], "chance": 50 },
        { "item": "tent_kit", "x": 21, "y": [ 19, 20 ], "chance": 50 },
        { "item": "canteen", "x": 21, "y": [ 19, 20 ], "chance": 50 },
        { "item": "oil_lamp", "x": 21, "y": [ 19, 20 ], "chance": 50 }
      ],
      "place_vehicles": [
        { "vehicle": "car", "x": 16, "y": 20, "chance": 20, "fuel": 80, "rotation": 270 },
        { "vehicle": "bicycle_dirt", "x": 9, "y": 0, "chance": 50 }
      ],
      "rotation": [ 2 ]
    }
  },
  {
    "type": "mapgen",
    "om_terrain": "lsm_house006_r",
    "weight": 1,
    "method": "json",
    "object": {
      "palettes": [ "roof_palette" ],
      "fill_ter": "t_open_air",
      "rows": [
        "                        ",
        " 222222      2222222222 ",
        " |....3     ~|........3 ",
        " |....3      |........3 ",
        " |....3222222|X.......3 ",
        " |....................3 ",
        " |.=..................3 ",
        " |....................3 ",
        " |....................3 ",
        " |...............::...3 ",
        " |...............::...3 ",
        " 5....................3 ",
        " |....................3 ",
        " |....................3 ",
        " |.N..................3 ",
        " |....................3 ",
        " |....................3 ",
        " |--------------------3 ",
        "            ........... ",
        "            ........... ",
        "            ........... ",
        "            ........... ",
        "            ........... ",
        "            ........... "
      ],
      "terrain": {
        ".": "t_shingle_flat_roof",
        "N": "t_shingle_flat_roof",
        "=": "t_shingle_flat_roof",
        "X": "t_shingle_flat_roof",
        ":": "t_shingle_flat_roof"
      },
      "furniture": { ":": "f_solar_unit" },
      "place_loot": [ { "item": "binoculars", "x": 12, "y": 11, "chance": 20 } ],
      "rotation": [ 2 ]
    }
  }
]
