[
  {
    "type": "mapgen",
    "om_terrain": "lsm_house023_1",
    "weight": 250,
    "method": "json",
    "object": {
      "palettes": [
        "lsm_residential",
        "lsm_residential_items",
        "lsm_residential_ground",
        "lsm_residential_lino_ktch",
        "lsm_residential_lino_bth"
      ],
      "fill_ter": "t_floor_waxed",
      "rows": [
        "..........---p..........",
        "....,,,,,,,,,####oo###..",
        ".000,iiiii,,,#z+ II b#..",
        ".0####oo###o*#v+    C#..",
        ".## h h  y|L |||   @@o..",
        ".:y fff  V|& |D+   @@o..",
        ".: hfffh V|  |D+    C#..",
        ".:  h h      |||+||||#..",
        ".:               |t_S#..",
        ".##1J5J32__      +__8o..",
        ".0#________ |+|++|BB8#..",
        ".0#7FOJ466| |z|ZW||||#^.",
        "..##||||||| ||||||$ D#..",
        "..##sHHHsT  yRR|     o..",
        "..0#~~~~~E     +    Co..",
        "..0#~lll~     y|dd @@#..",
        "..0#~~~~~    ||||||||#..",
        "...#yxxxy    +  yRRRR#..",
        "...#####oo*oo#U     yo..",
        "...!GKG,,,,,,#q  h  Po..",
        "...!,,,,,,,,,#q Trr P#..",
        ".X.!,,,,,,,,,####oo###..",
        "...!!!!!!...!!00000000.%",
        "........................"
      ],
      "terrain": {
        "#": "t_rock_wall",
        "_": "t_linoleum_gray",
        ",": "t_floor_noroof",
        "0": "t_shrub_lilac",
        "%": [ [ "t_region_tree_nut", 5 ], [ "t_region_tree_shade", 4 ], [ "t_region_tree_fruit", 2 ] ],
        "!": "t_railing_v",
        "~": "t_carpet_green",
        "i": "t_floor_noroof",
        "l": "t_carpet_green",
        "W": "t_linoleum_gray",
        "Z": "t_linoleum_gray",
        "K": "t_floor_noroof",
        "G": "t_floor_noroof"
      },
      "furniture": { "$": "f_exercise", "&": "f_table" },
      "items": { "&": { "item": "table_foyer", "chance": 50 } },
      "place_loot": [ { "item": "television", "x": 6, "y": 17 } ]
    }
  },
  {
    "type": "mapgen",
    "om_terrain": "lsm_house023_r",
    "weight": 250,
    "method": "json",
    "object": {
      "palettes": [ "lsm_residential_roof" ],
      "fill_ter": "t_open_air",
      "rows": [
        "                        ",
        "             ---------  ",
        "             -.......|  ",
        "  ------------.......|  ",
        " 33..................|  ",
        " 3...................|  ",
        " 3...................|  ",
        " 3...................|  ",
        " 3...................|  ",
        " 33...=..............|  ",
        "  3..................|  ",
        "  3..................5  ",
        "  3..................|  ",
        "  33...X.......A.....|  ",
        "   3.................|  ",
        "   3.................|  ",
        "   3.................|  ",
        "   3.................|  ",
        "   22222222222.......|  ",
        "             2.......|  ",
        "             2.......|  ",
        "             222222222  ",
        "                        ",
        "                        "
      ]
    }
  }
]
