[
  {
    "type": "mapgen",
    "om_terrain": "lsm_house009_1",
    "weight": 110,
    "method": "json",
    "object": {
      "palettes": [ "standard_domestic_palette", "standard_domestic_lino_bathroom", "standard_domestic_lino_kitchen" ],
      "fill_ter": "t_floor",
      "rows": [
        "........................",
        "....##ooo###o###.....(..",
        ".(..#2O5F74|YSt#........",
        "....o_____3|___###oo###.",
        "....oJJ66_1|8_B|T!@@!T#.",
        "....#||||__|8_B|  @@  o.",
        "....#=[[[[[||+||     do.",
        "....#[h[h[[    +  DD d#^",
        ".(..ohfff[[    |||||+|#.",
        "....o[fffh[    +  |8_9#.",
        "....#=h[h[[   R|WZ|t_So.",
        "....#|||||||  R|||||||#.",
        ".]]]#RRR|q +  R|UU|D d#.",
        ".]G~#   |q |   +  |  d#.",
        ".]K~#  y||||   |||||+|#.",
        ".]K~)   aa      y|    o.",
        ".]G~#            +   @o.",
        ".]~~#s ll H|  %%b|II!@#.",
        ".]~~#x ll H| L####oo###.",
        ".]~~#s    H| &#````````.",
        ".]~~##ooo###*o#`........",
        ".]~~~~~~~~~~--``........",
        ".]]]]]]]]]]]--..........",
        "............--p........."
      ],
      "terrain": {
        "#": "t_adobe_brick_wall",
        "`": [ "t_shrub", "t_shrub", "t_shrub_strawberry", "t_shrub_blueberry" ],
        "(": [ [ "t_region_tree_nut", 5 ], [ "t_region_tree_shade", 4 ], [ "t_region_tree_fruit", 2 ] ],
        ")": "t_door_glass_c",
        "_": "t_linoleum_gray",
        "~": "t_floor_noroof",
        "]": "t_railing_v",
        "G": "t_floor_noroof",
        "K": "t_floor_noroof",
        "Y": "t_linoleum_gray",
        "[": "t_carpet_red",
        "f": "t_carpet_red",
        "=": "t_carpet_red",
        "h": "t_carpet_red"
      },
      "furniture": { "!": "f_table", "=": [ "f_indoor_plant", "f_indoor_plant_y" ], "%": "f_rack", "&": "f_table" },
      "items": {
        "!": { "item": "nightstand", "chance": 40 },
        "%": { "item": "clothing_outdoor_shoes", "chance": 40, "repeat": [ 1, 2 ] },
        "&": { "item": "table_foyer", "chance": 40 }
      },
      "place_loot": [
        { "item": "television", "x": 5, "y": 18 },
        { "group": "child_items", "x": [ 18, 21 ], "y": [ 15, 16 ], "chance": 60, "repeat": [ 3, 4 ] }
      ],
      "rotation": [ 2 ]
    }
  },
  {
    "type": "mapgen",
    "om_terrain": "lsm_house009_1",
    "weight": 10,
    "method": "json",
    "object": {
      "palettes": [ "standard_domestic_palette", "standard_domestic_lino_bathroom", "standard_domestic_lino_kitchen" ],
      "fill_ter": "t_floor",
      "rows": [
        "........................",
        "....##ooo###o###.....(..",
        ".(..#2O5F74|YSt#........",
        "....o_____3|___###oo###.",
        "....oJJ66_1|8_B|T!@@!T#.",
        "....#||||__|8_B|  @@  o.",
        "....#=[[[[[||+||     do.",
        "....#[h[h[[    +  DD d#^",
        ".(..ohfff[[    |||||+|#.",
        "....o[fffh[    +  |8_9#.",
        "....#=h[h[[   R|WZ|t_So.",
        "....#|||||||  R|||||||#.",
        ".]]]#x H|q +  R|UU|???#.",
        ".]G~#x H|q |   +zz|   #.",
        ".]K~#  H||||   |||||+|#.",
        ".]K~)  yaa      y|$$ $0.",
        ".]G~#y           +   $0.",
        ".]~~#H ll H|  %%b|$$$$#.",
        ".]~~#H ll H| L####00###.",
        ".]~~#H    H| &#````````.",
        ".]~~##ooo###*o#`........",
        ".]~~~~~~~~~~--``........",
        ".]]]]]]]]]]]--..........",
        "............--p........."
      ],
      "terrain": {
        "#": "t_adobe_brick_wall",
        "`": [ "t_shrub", "t_shrub", "t_shrub_strawberry", "t_shrub_blueberry" ],
        "(": [ [ "t_region_tree_nut", 5 ], [ "t_region_tree_shade", 4 ], [ "t_region_tree_fruit", 2 ] ],
        ")": "t_door_glass_c",
        "0": "t_curtains",
        "_": "t_linoleum_gray",
        "~": "t_floor_noroof",
        "]": "t_railing_v",
        "G": "t_floor_noroof",
        "K": "t_floor_noroof",
        "Y": "t_linoleum_gray",
        "[": "t_carpet_red",
        "f": "t_carpet_red",
        "h": "t_carpet_red",
        "=": "t_carpet_red"
      },
      "furniture": {
        "!": "f_table",
        "$": "f_crate_c",
        "%": "f_rack",
        "&": "f_table",
        "=": [ "f_indoor_plant", "f_indoor_plant_y" ],
        "?": "f_clothing_rail"
      },
      "items": {
        "!": { "item": "nightstand", "chance": 40 },
        "%": { "item": "clothing_outdoor_shoes", "chance": 40, "repeat": [ 1, 2 ] },
        "&": { "item": "table_foyer", "chance": 40 },
        "$": [ { "item": "guns_rifle_common", "chance": 50 }, { "item": "ammo_rifle_common", "chance": 50 } ]
      },
      "place_loot": [
        { "item": "television", "x": 5, "y": 13 },
        { "item": "robe", "x": [ 19, 21 ], "y": 12, "chance": 100, "repeat": [ 8, 12 ] }
      ],
      "rotation": [ 2 ]
    }
  },
  {
    "type": "mapgen",
    "om_terrain": "lsm_house009_1",
    "weight": 110,
    "method": "json",
    "object": {
      "palettes": [ "standard_domestic_palette", "standard_domestic_lino_bathroom" ],
      "fill_ter": "t_floor",
      "rows": [
        "........................",
        "....#####oo##oo#......u.",
        "....#d| !@@!|rr#.----...",
        ".(..# +  @@ |h ###))###.",
        "....#d|b   D|  &|3   O#.",
        "....#||||+||| |||4 J 5o.",
        "....oy&       +z|7 2 1o.",
        "....#||+||||  +z|7 J F#^",
        "....o!   +d|  |||6 A Y#.",
        "....#@@  +D|  RRR    y#.",
        "....#|||||||      h   o.",
        ".(..:HHHs lT      ffh #.",
        "....:H    E      hff yo.",
        "....:H ll          h R#.",
        "....:s        iiii   R#.",
        "....: E aa y  ||||V ||#.",
        "...`#|||||||  |Uq|& +?#.",
        "...`#B_QQ|    +zq|L +?#.",
        "...`#B___+ |++####o*###.",
        "...`#t_S8| |WZ#GKG~~~~].",
        "....##oo##o####~~~~~~~].",
        ".(.........```]]]]~~~]].",
        ".........(.```..p.---...",
        "..................---..."
      ],
      "terrain": {
        "#": "t_adobe_brick_wall",
        "`": [ "t_shrub", "t_shrub", "t_shrub_strawberry", "t_shrub_blueberry" ],
        "(": [ [ "t_region_tree_nut", 5 ], [ "t_region_tree_shade", 4 ], [ "t_region_tree_fruit", 2 ] ],
        ")": "t_door_glass_c",
        "_": "t_linoleum_gray",
        "~": "t_floor_noroof",
        "]": "t_railing_v",
        "G": "t_floor_noroof",
        "K": "t_floor_noroof"
      },
      "furniture": { "!": "f_table", "&": "f_table", "?": "f_clothing_rail" },
      "items": {
        "!": { "item": "nightstand", "chance": 40 },
        "?": { "item": "jackets", "chance": 30, "repeat": [ 2, 3 ] },
        "&": { "item": "table_foyer", "chance": 40 }
      },
      "place_loot": [ { "item": "laptop", "x": 13, "y": 2 } ],
      "rotation": [ 2 ]
    }
  },
  {
    "type": "mapgen",
    "om_terrain": "lsm_house009_r",
    "weight": 250,
    "method": "json",
    "object": {
      "palettes": [ "roof_palette" ],
      "fill_ter": "t_open_air",
      "rows": [
        "                        ",
        "    222222222222        ",
        "    |..........|        ",
        "    |..........22222222 ",
        "    |.................| ",
        "    |.................| ",
        "    |.......=.........| ",
        "    |.................5 ",
        "    |.................| ",
        "    |.................| ",
        "    |.................| ",
        "    |.................| ",
        "    |...............N.| ",
        "    |.................| ",
        "    |.................| ",
        "    |...~~............| ",
        "    |.................| ",
        "    |.................| ",
        "    |.........--------| ",
        "    |.........|         ",
        "    ----------|         ",
        "                        ",
        "                        ",
        "                        "
      ],
      "terrain": { ".": "t_shingle_flat_roof", "=": "t_shingle_flat_roof", "N": "t_shingle_flat_roof", "~": "t_shingle_flat_roof" },
      "rotation": [ 2 ]
    }
  }
]
