[
  {
    "type": "mapgen",
    "om_terrain": "lsm_house018_1",
    "weight": 250,
    "method": "json",
    "object": {
      "palettes": [ "lsm_residential", "lsm_residential_items", "lsm_residential_ground", "lsm_residential_lino_bth" ],
      "fill_ter": "t_floor",
      "rows": [
        "...........--.p.........",
        "...........--........%..",
        "..%.......----..........",
        ".....00..------..00.....",
        ".....00.--------.00.....",
        ".##oo######*o######oo##.",
        ".#6  2O743| y|Ddd|rrr #.",
        ".#6      n| L|   + h C#.",
        ".oy  J5J F|+||||||  @@o.",
        ".oy  A A 1| i|BBw|  @@o.",
        ".#       y| i|___|b  C#.",
        ".# /&//     V||+|||+||#.",
        "-~ /ff/             +P#.",
        "-~ &ff&  R| R||+|||+||#.",
        ".# /&//  R| R|S_|d  D$#.",
        ".o       R|+|||t|d    o.",
        ".oy  xxx  |_U|||||    o.",
        ".#sE     a|__|t__+ @@ #.",
        ".#yylHHHl |ZW|8SQ|C@@C#.",
        ".##oo##############oo##.",
        "..........=!!=^.........",
        "..))))))).=**=.(((((((..",
        "..)))))))......(((((((..",
        "........................"
      ],
      "terrain": {
        "~": "t_door_glass_c",
        "_": "t_linoleum_gray",
        "%": [ [ "t_region_tree_nut", 5 ], [ "t_region_tree_shade", 4 ], [ "t_region_tree_fruit", 2 ] ],
        "0": "t_shrub_lilac",
        "=": "t_wall_log",
        "/": "t_carpet_yellow",
        "f": "t_carpet_yellow",
        "&": "t_carpet_yellow",
        "W": "t_linoleum_gray",
        "Z": "t_linoleum_gray",
        "U": "t_linoleum_gray",
        "(": "t_dirtmound",
        ")": "t_dirtmound"
      },
      "furniture": { "!": "f_locker", "$": "f_treadmill", "&": "f_chair", "(": "f_region_flower" },
      "items": { ")": { "item": "hydro", "chance": 35 }, "!": { "item": "tools_earthworking", "chance": 30 } },
      "place_loot": [ { "item": "television", "x": 6, "y": 16 } ]
    }
  },
  {
    "type": "mapgen",
    "om_terrain": "lsm_house018_r",
    "weight": 250,
    "method": "json",
    "object": {
      "palettes": [ "lsm_residential_roof" ],
      "fill_ter": "t_open_air",
      "rows": [
        "                        ",
        "                        ",
        "                        ",
        "                        ",
        "                        ",
        " ---------------------- ",
        " 3....................| ",
        " 3....................| ",
        " 3....................| ",
        " 3...........=........| ",
        " 3....................| ",
        " 3....................| ",
        " 3....................| ",
        " 3...X................| ",
        " 3....................| ",
        " 3....................| ",
        " 3....................| ",
        " 3.......~............| ",
        " 3....................| ",
        " 2222222222222522222222 ",
        "          ....          ",
        "          ....          ",
        "                        ",
        "                        "
      ]
    }
  }
]
