[
  {
    "type": "mapgen",
    "om_terrain": "lsm_house030_b",
    "weight": 250,
    "method": "json",
    "object": {
      "palettes": [ "lsm_residential", "lsm_residential_items", "lsm_residential_bsmt" ],
      "fill_ter": "t_floor",
      "rows": [
        "^^^^^^^^^^^^^^^^^^^^^^^^",
        "^^^^^^^^^^^^^^^^^^^^^^^^",
        "^^^^^^^^^^^^^^^^^^^^^^^^",
        "^^^^^^^^^^^^^^^^^^^^^^^^",
        "^^^^^^^^^^^^^^^^^^^^^^^^",
        "^^^^^^^^^^^^^^^^^^^^^^^^",
        "^^^^###################^",
        "^^^^#UU_m#u  c#A !!!!A#^",
        "^^^^#___m#    #       #^",
        "^^^^#g__m#b  X#V eee  #^",
        "^^^^###+###+###V eee A#^",
        "^^^^#q+               #^",
        "^^^^#########        T#^",
        "^^^^#D,$,,,,+         #^",
        "^^^^#,,,,h,,###++#++# #^",
        "^^^^#C@@,II,+d#zz#LL#<#^",
        "^^^^###################^",
        "^^^^^^^^^^^^^^^^^^^^^^^^",
        "^^^^^^^^^^^^^^^^^^^^^^^^",
        "^^^^^^^^^^^^^^^^^^^^^^^^",
        "^^^^^^^^^^^^^^^^^^^^^^^^",
        "^^^^^^^^^^^^^^^^^^^^^^^^",
        "^^^^^^^^^^^^^^^^^^^^^^^^",
        "^^^^^^^^^^^^^^^^^^^^^^^^"
      ],
      "terrain": {
        "_": "t_thconc_floor",
        "m": "t_thconc_floor",
        "g": "t_thconc_floor",
        "U": "t_thconc_floor",
        ",": "t_carpet_red",
        "d": "t_carpet_red",
        "I": "t_carpet_red",
        "h": "t_carpet_red",
        "@": "t_carpet_red",
        "$": "t_carpet_red",
        "D": "t_carpet_red",
        "C": "t_carpet_red"
      },
      "furniture": { "!": "f_counter", "$": "f_bigmirror" }
    }
  },
  {
    "type": "mapgen",
    "om_terrain": "lsm_house030_1",
    "weight": 250,
    "method": "json",
    "object": {
      "palettes": [ "lsm_residential", "lsm_residential_items", "lsm_residential_ground", "lsm_residential_lino_bth" ],
      "fill_ter": "t_floor_waxed",
      "rows": [
        ".--.....................",
        ".--p...........%........",
        ".--......%..............",
        ".------------.....```...",
        ".------------.....```...",
        ".--0000#oo#--...........",
        ".--#oo##yy#--0#::::::#0.",
        ".--#ffh  V#*#0#HHHsyy#0.",
        ".--off   V# #o#H    a#0.",
        ".--#h    RR #&#H ll a#0.",
        ".--##3        #s     ##.",
        ".--0#2               yo.",
        ".--0#F    6#        A!o.",
        ".--0#1J   6#  RR   ####.",
        ".--0::JO574#  ##+# # <#.",
        ".--00::#####L #S_#   >#.",
        ".------000##o~#t_###o##.",
        ".-------------##o#^0000.",
        "..###*####..............",
        "..#N//,,U#......----G-..",
        "..oN$/,,Uo...X..------..",
        "..#NNNqqU#......-G-KG-..",
        "..###oo###.%....---G--..",
        "........................"
      ],
      "terrain": {
        "#": "t_concrete_wall",
        "~": "t_door_glass_c",
        "_": "t_linoleum_gray",
        "0": [ [ "t_shrub", 2 ], "t_shrub_strawberry", "t_shrub_blueberry" ],
        "%": [ [ "t_region_tree_nut", 5 ], [ "t_region_tree_shade", 4 ], [ "t_region_tree_fruit", 2 ] ],
        "`": "t_shrub_lilac",
        ",": "t_concrete",
        "U": "t_concrete",
        "q": "t_concrete",
        "/": "t_carpet_yellow",
        "N": "t_carpet_yellow",
        "$": "t_carpet_yellow",
        "K": "t_sidewalk",
        "G": "t_sidewalk"
      },
      "furniture": { "!": "f_piano", "$": "f_stool", "&": "f_table" },
      "items": { "&": { "item": "table_foyer", "chance": 50 } }
    }
  },
  {
    "type": "mapgen",
    "om_terrain": "lsm_house030_2",
    "weight": 250,
    "method": "json",
    "object": {
      "palettes": [ "lsm_residential", "lsm_residential_items", "lsm_residential_upper", "lsm_residential_lino_bth" ],
      "fill_ter": "t_floor_waxed",
      "rows": [
        "........................",
        "........................",
        "........................",
        "........................",
        "........................",
        ".......{{{{.............",
        "...{{{{{,,{...##o##o##..",
        "...{,,,,,,{{{.#88w__t#..",
        "...{,,,,,,,,{{#B___S##..",
        "...{,$,$,$,,,,#B___8##..",
        "...##::::::#~o####+####.",
        "....#d           +  y!#.",
        "....od    T bRRRR#    o.",
        "....#D @@ #+######+## #.",
        "....##C@@C# d#v    R#>o.",
        ".....#::::#Dd#Ph z!R#y#.",
        "..........#####rr#o####.",
        "..............#oo#.^....",
        "..((((((((..............",
        "..((((((((..............",
        "..((((((((..............",
        "..((((((((..............",
        "..((((((((..............",
        "........................"
      ],
      "terrain": {
        "#": "t_concrete_wall",
        "_": "t_linoleum_gray",
        "(": "t_shingle_flat_roof",
        "~": "t_door_glass_c",
        "{": "t_railing_v",
        ",": "t_floor_noroof",
        "$": "t_floor_noroof"
      },
      "furniture": { "!": "f_table", "$": "f_deckchair" },
      "items": { "!": { "item": "table_foyer", "chance": 50 } }
    }
  },
  {
    "type": "mapgen",
    "om_terrain": "lsm_house030_r",
    "weight": 250,
    "method": "json",
    "object": {
      "palettes": [ "lsm_residential_roof" ],
      "fill_ter": "t_open_air",
      "rows": [
        "                        ",
        "                        ",
        "                        ",
        "                        ",
        "                        ",
        "                        ",
        "              --------  ",
        "              -......|  ",
        "              -.....~|  ",
        "              -.....~|  ",
        "   ------------......|| ",
        "    3...........=.....| ",
        "    3.A...............| ",
        "    3.................| ",
        "    33.....N.......&..| ",
        "     222222...........| ",
        "          22222..222222 ",
        "              2222      ",
        "                        ",
        "                        ",
        "                        ",
        "                        ",
        "                        ",
        "                        "
      ]
    }
  }
]
