[
  {
    "type": "mapgen",
    "om_terrain": "lsm_house040_b",
    "weight": 250,
    "method": "json",
    "object": {
      "palettes": [ "lsm_residential", "lsm_residential_items", "lsm_residential_bsmt" ],
      "fill_ter": "t_floor",
      "rows": [
        "^^^^^^^^^^^^^^^^^^^^^^^^",
        "^^^^^^^^^^^^^^^^^^^^^^^^",
        "^^^^^^^^^^^^^^^^^^^^^^^^",
        "^^^^^^^^^^^^^^^^^^^^^^^^",
        "^^^^^^^^^^^^^^^^^^^^^^^^",
        "^^^^^^^^^^^^^^^^^^^^^^^^",
        "^^^^^^^^^^^^^^^^^^^^^^^^",
        "^^^^^^^^^^^^^^^^^^^^^^^^",
        "^^^^^^^^^^^^^^^^^^^^^^^^",
        "^^^#######|||||||||||^^^",
        "^^^#,,qq$$|TrrrP|&zz|^^^",
        "^^^#!,,,,,+  h  + zz|^^^",
        "^^^#,,,,,Z|R   b|~zz|^^^",
        "^^^#,,,,,,|R  |||||||^^^",
        "^^^#gUU5,W|R  |IIT@@|^^^",
        "^^^||||||||R  | h  C|^^^",
        "^^^|sHHHsA?   +     |^^^",
        "^^^|H         ||||+||^^^",
        "^^^|H xx  T    <|D d|^^^",
        "^^^||||||||||||||||||^^^",
        "^^^^^^^^^^^^^^^^^^^^^^^^",
        "^^^^^^^^^^^^^^^^^^^^^^^^",
        "^^^^^^^^^^^^^^^^^^^^^^^^",
        "^^^^^^^^^^^^^^^^^^^^^^^^"
      ],
      "terrain": {
        ",": "t_thconc_floor",
        "W": "t_thconc_floor",
        "Z": "t_thconc_floor",
        "5": "t_thconc_floor",
        "g": "t_thconc_floor",
        "!": "t_thconc_floor",
        "$": "t_thconc_floor",
        "U": "t_thconc_floor",
        "q": "t_thconc_floor"
      },
      "furniture": { "!": "f_home_furnace", "$": "f_table", "&": "f_rack_coat", "~": "f_rack_wood", "?": "f_ergometer" },
      "place_loot": [ { "item": "laptop", "x": 13, "y": 10 }, { "item": "television", "x": 6, "y": 18 } ]
    }
  },
  {
    "type": "mapgen",
    "om_terrain": "lsm_house040_1",
    "weight": 250,
    "method": "json",
    "object": {
      "palettes": [
        "lsm_residential",
        "lsm_residential_items",
        "lsm_residential_ground",
        "lsm_residential_lino_ktch",
        "lsm_residential_lino_bth"
      ],
      "fill_ter": "t_floor",
      "rows": [
        "]{{{{{{{{{{}}{{{{{{{{{{]",
        "]0000000000--p.00000000]",
        "].%....%...--...%.....j]",
        "].--------------------j]",
        "].-!!!!!!!!--!!!!!!!!-.]",
        "]%-0000000----0#ooo#!-X]",
        "].-#[[[[[[#``###yyy##-.]",
        "].-#         #R    h#-.]",
        "].-# & & &   #R  hff#-.]",
        "].-###ooo###*#R   ffo-!]",
        "].-#ysHHHs|L(by  hff#-!]",
        "].-#yE    |$((     h#-!]",
        "].-#a lll  (((      o-!]",
        "].-#a          RRR y#-!]",
        "].-#  xxx |    r|| |#*##",
        "].-#|||||||   hr|Y_____#",
        "].-#St|//|y    r|7_JJ_6#",
        "].-#__|++|      |F____6#",
        "].-#9_+     |<|>|5O3412#",
        "].-########*############",
        "].-000!!!!---!!!!^00000]",
        "].-----------.....u....]",
        "]......GK.G...........%]",
        "]]]]]]]]]]]]]]]]]]]]]]]]"
      ],
      "terrain": {
        "#": "t_brick_wall",
        "0": [ [ "t_shrub", 2 ], "t_shrub_strawberry", "t_shrub_blueberry" ],
        "%": [ [ "t_region_tree_nut", 5 ], [ "t_region_tree_shade", 4 ], [ "t_region_tree_fruit", 2 ] ],
        "{": "t_fence_metal",
        "}": "t_gate_metal_c",
        "]": "t_privacy_fence",
        "[": "t_railing",
        "!": "t_dirtmound",
        "`": "t_floor_noroof",
        "_": "t_linoleum_gray",
        "K": "t_region_groundcover_urban",
        "G": "t_region_groundcover_urban",
        "(": "t_carpet_green",
        "$": "t_carpet_green",
        "b": "t_carpet_green",
        "L": "t_carpet_green",
        "Y": "t_linoleum_gray"
      },
      "furniture": { "!": "f_region_flower", "$": "f_table", "&": "f_deckchair", "/": "f_clothing_rail" },
      "items": {
        "/": [ { "item": "dress_shop", "chance": 30, "repeat": [ 1, 2 ] }, { "item": "jackets", "chance": 30, "repeat": [ 1, 2 ] } ],
        "$": { "item": "table_foyer", "chance": 50 }
      },
      "place_loot": [ { "item": "television", "x": 7, "y": 14 } ]
    }
  },
  {
    "type": "mapgen",
    "om_terrain": "lsm_house040_2",
    "weight": 250,
    "method": "json",
    "object": {
      "palettes": [ "lsm_residential", "lsm_residential_items", "lsm_residential_upper", "lsm_residential_lino_bth" ],
      "fill_ter": "t_floor",
      "rows": [
        "........................",
        "........................",
        "........................",
        "........................",
        "........................",
        "...............,,,,,....",
        "...######oo######oo##...",
        "...#wQ|S888B|d+ IIID#...",
        "...#z |t___B|d+     #...",
        "...#|+|||+|||||b    #...",
        "...oy       !!|  @@ o...",
        "...oy         + C@@Co...",
        "...#|iiizVV   ||||||#...",
        "...#|||||||   +   +d#...",
        "...#y rr  |  R|b  +d#,,,",
        "...#D h   +  R|D  ||#,,,",
        "...oC   |||  R|r   yo,,,",
        "...o@@  +d|y ||rh  @o,,,",
        "...#@@T +d|y >|r TC@#,,,",
        "...###oo###oo########,,,",
        "................^.......",
        "........................",
        "........................",
        "........................"
      ],
      "terrain": { "_": "t_linoleum_gray", ",": "t_shingle_flat_roof", "Q": "t_null", "w": "t_null" },
      "furniture": { "!": "f_table" },
      "items": { "!": { "item": "table_foyer", "chance": 50 } }
    }
  },
  {
    "type": "mapgen",
    "om_terrain": "lsm_house040_r",
    "weight": 250,
    "method": "json",
    "object": {
      "palettes": [ "lsm_residential_roof" ],
      "fill_ter": "t_open_air",
      "rows": [
        "                        ",
        "                        ",
        "                        ",
        "                        ",
        "                        ",
        "                        ",
        "   ------------------   ",
        "   3................|   ",
        "   3................|   ",
        "   3................|   ",
        "   3................|   ",
        "   3................|   ",
        "   3~...............|   ",
        "   3~...............|   ",
        "   3................|   ",
        "   3................|   ",
        "   3...=........X...|   ",
        "   3................|   ",
        "   3................|   ",
        "   222222222222225222   ",
        "                        ",
        "                        ",
        "                        ",
        "                        "
      ]
    }
  }
]
