[
  {
    "type": "mapgen",
    "om_terrain": "lsm_house028_b",
    "weight": 250,
    "method": "json",
    "object": {
      "palettes": [ "lsm_residential", "lsm_residential_items", "lsm_residential_bsmt", "lsm_residential_lino_bth" ],
      "fill_ter": "t_floor",
      "rows": [
        "^^^^^^^^^^^^^^^^^^^^^^^^",
        "^^^^^^^^^^^^^^^^^^^^^^^^",
        "^^^^^^^^^^^^^^^^^^^^^^^^",
        "^^^^^^^^^^^^^^^^^^^^^^^^",
        "^^^^^^^^^^^^^^^^^^^^^^^^",
        "^^^^||||||||||||||||^^^^",
        "^^^^|qq|<|BBSt|d,,!|^^^^",
        "^^^^|++|+|____|,,,C|^^^^",
        "^^^^|    |_w88|,~,d|^^^^",
        "^^^^|    |+||||+||||^^^^",
        "^^^^|R     iii  |zz|^^^^",
        "^^^^|R          + z|^^^^",
        "^^^^|R  T       |zz|^^^^",
        "^^^^||+|||+||+||||||^^^^",
        "^^^^#$==|R P| sHHHs|^^^^",
        "^^^^#===|R P|      |^^^^",
        "^^^^#%=&|  r|      |^^^^",
        "^^^^#Z==| hr|      |^^^^",
        "^^^^#W=g|  r|T xxx |^^^^",
        "^^^^####||||||||||||^^^^",
        "^^^^^^^^^^^^^^^^^^^^^^^^",
        "^^^^^^^^^^^^^^^^^^^^^^^^",
        "^^^^^^^^^^^^^^^^^^^^^^^^",
        "^^^^^^^^^^^^^^^^^^^^^^^^"
      ],
      "terrain": {
        ",": "t_carpet_green",
        "!": "t_carpet_green",
        "d": "t_carpet_green",
        "C": "t_carpet_green",
        "~": "t_carpet_green",
        "=": "t_thconc_floor",
        "W": "t_thconc_floor",
        "Z": "t_thconc_floor",
        "%": "t_thconc_floor",
        "&": "t_thconc_floor",
        "$": "t_thconc_floor",
        "g": "t_thconc_floor",
        "_": "t_linoleum_gray"
      },
      "furniture": { "!": "f_bunkbed", "$": "f_home_furnace", "%": "f_table", "&": "f_sink", "~": "f_floor_lamp" },
      "items": { "!": { "item": "bed", "chance": 50 } },
      "place_loot": [ { "item": "laptop", "x": 11, "y": 17 }, { "item": "television", "x": 16, "y": 18 } ]
    }
  },
  {
    "type": "mapgen",
    "om_terrain": "lsm_house028_1",
    "weight": 250,
    "method": "json",
    "object": {
      "palettes": [ "lsm_residential", "lsm_residential_items", "lsm_residential_ground", "lsm_residential_lino_bth" ],
      "fill_ter": "t_floor",
      "rows": [
        "...........---.p........",
        "&&&&&&&&&&&&)&&&&&&&&&&&",
        "&.....%....---.......%.&",
        "&..........---.........&",
        "&..........---.........&",
        "&...000####o*o###......&",
        "&...000#>+ L $xx#00..%.&",
        "&...##o#||   lllo00....&",
        "&...#D v|!      o00..u.&",
        "&...#|+||||  HHH####...&",
        "&...#C  hI|  sssyUU#...&",
        "&...o@@  I| ====   o-..&",
        "&...o@@   + =``=   ~-..&",
        "&...#b  dd|R=``=y$ #j..&",
        "&...#||||||R====||+#j..&",
        "&...#A         h|8_#j..&",
        "&...o 2514    ff|S_#...&",
        "&...o         ff|__o...&",
        "&...#6JJOF6y   h|t9#...&",
        "&...###oo####oo#####...&",
        "&.........^............&",
        "&....................%.&",
        "&......................&",
        "&&&&&&&&&&&&&&&&&&&&&&&&"
      ],
      "terrain": {
        "~": "t_door_glass_c",
        "_": "t_linoleum_gray",
        "0": [ [ "t_shrub", 2 ], "t_shrub_strawberry", "t_shrub_blueberry" ],
        "%": [ [ "t_region_tree_nut", 5 ], [ "t_region_tree_shade", 4 ], [ "t_region_tree_fruit", 2 ] ],
        "&": "t_chainfence",
        ")": "t_chaingate_c",
        "=": "t_carpet_purple",
        "`": "t_carpet_yellow"
      },
      "furniture": { "!": "f_rack", "$": "f_table" },
      "items": { "$": { "item": "table_foyer", "chance": 50 }, "!": { "item": "clothing_outdoor_shoes", "chance": 50 } },
      "place_loot": [ { "item": "television", "x": 14, "y": 6 } ]
    }
  },
  {
    "type": "mapgen",
    "om_terrain": "lsm_house028_r",
    "weight": 250,
    "method": "json",
    "object": {
      "palettes": [ "lsm_residential_roof" ],
      "fill_ter": "t_open_air",
      "rows": [
        "                        ",
        "                        ",
        "                        ",
        "                        ",
        "                        ",
        "       ----------       ",
        "       3........|       ",
        "    3333........|       ",
        "    3...........|       ",
        "    3...........||||    ",
        "    3..............|    ",
        "    3..............|    ",
        "    3..............|    ",
        "    3..............|    ",
        "    3..........=...|    ",
        "    3...X..........|    ",
        "    3..............|    ",
        "    3..............|    ",
        "    3..............|    ",
        "    2222225222222222    ",
        "                        ",
        "                        ",
        "                        ",
        "                        "
      ]
    }
  }
]
