[
  {
    "type": "mapgen",
    "om_terrain": "lsm_house001_b",
    "weight": 20,
    "method": "json",
    "object": {
      "fill_ter": "t_thconc_floor",
      "rows": [
        "^^^^^^^^^^^^^^^^^^^^^^^^",
        "^^^^^^^^^^^^^^^^^^^^^^^^",
        "^^^^^^^^^^^^^^^^^^^^^^^^",
        "^^^^^^^^###^^^^^^^^^^^^^",
        "^^^^^^^^#<#^^^^^^^^^^^^^",
        "^^^###### ###########^^^",
        "^^^#U  g| |WZ|zz    #^^^",
        "^^^#U   | +  |zz    #^^^",
        "^^^#    | | !|zz    #^^^",
        "^^^#||+|| ||||      #^^^",
        "^^^#b               #^^^",
        "^^^#______         $#^^^",
        "^^^#_u____          #^^^",
        "^^^#______          #^^^",
        "^^^#_X__c_    #######^^^",
        "^^^#______    #^^^^^^^^^",
        "^^^############^^^^^^^^^",
        "^^^^^^^^^^^^^^^^^^^^^^^^",
        "^^^^^^^^^^^^^^^^^^^^^^^^",
        "^^^^^^^^^^^^^^^^^^^^^^^^",
        "^^^^^^^^^^^^^^^^^^^^^^^^",
        "^^^^^^^^^^^^^^^^^^^^^^^^",
        "^^^^^^^^^^^^^^^^^^^^^^^^",
        "^^^^^^^^^^^^^^^^^^^^^^^^"
      ],
      "palettes": [ "standard_domestic_palette", "standard_domestic_basement_palette" ],
      "terrain": { "u": "t_carpet_metal", "X": "t_carpet_metal", "c": "t_carpet_metal", "_": "t_carpet_metal" },
      "furniture": { "!": "f_sink", "$": "f_oven" },
      "rotation": [ 2 ]
    }
  },
  {
    "type": "mapgen",
    "om_terrain": "lsm_house001_b",
    "weight": 20,
    "method": "json",
    "object": {
      "fill_ter": "t_thconc_floor",
      "rows": [
        "^^^^^^^^^^^^^^^^^^^^^^^^",
        "^^^^^^^^^^^^^^^^^^^^^^^^",
        "^^^^^^^^^^^^^^^^^^^^^^^^",
        "^^^^^^^^###^^^^^^^^^^^^^",
        "^^^^^^^^#<#^^^^^^^^^^^^^",
        "^^^###### ###########^^^",
        "^^^#~ WZ   Yqqqq    #^^^",
        "^^^#           N    #^^^",
        "^^^#g  |       N|   #^^^",
        "^^^#           T    #^^^",
        "^^^#zz              #^^^",
        "^^^#zz              #^^^",
        "^^^#z               #^^^",
        "^^^#   |        | &&#^^^",
        "^^^#          #######^^^",
        "^^^#      %$!!#^^^^^^^^^",
        "^^^############^^^^^^^^^",
        "^^^^^^^^^^^^^^^^^^^^^^^^",
        "^^^^^^^^^^^^^^^^^^^^^^^^",
        "^^^^^^^^^^^^^^^^^^^^^^^^",
        "^^^^^^^^^^^^^^^^^^^^^^^^",
        "^^^^^^^^^^^^^^^^^^^^^^^^",
        "^^^^^^^^^^^^^^^^^^^^^^^^",
        "^^^^^^^^^^^^^^^^^^^^^^^^"
      ],
      "palettes": [ "standard_domestic_palette", "standard_domestic_basement_palette" ],
      "furniture": { "!": "f_desk", "$": "f_wardrobe", "%": "f_dresser", "&": "f_mannequin", "~": "f_sink" },
      "rotation": [ 2 ]
    }
  },
  {
    "type": "mapgen",
    "om_terrain": "lsm_house001_b",
    "weight": 20,
    "method": "json",
    "object": {
      "fill_ter": "t_thconc_floor",
      "rows": [
        "^^^^^^^^^^^^^^^^^^^^^^^^",
        "^^^^^^^^^^^^^^^^^^^^^^^^",
        "^^^^^^^^^^^^^^^^^^^^^^^^",
        "^^^^^^^^###^^^^^^^^^^^^^",
        "^^^^^^^^#<#^^^^^^^^^^^^^",
        "^^^###### ###########^^^",
        "^^^#~HHHT~~ALL     b#^^^",
        "^^^#E~~~~~~~        #^^^",
        "^^^#~~~~~~~~       ?#^^^",
        "^^^#~lll~~~~       ?#^^^",
        "^^^#~~~~~~~~    X  /#^^^",
        "^^^#~!!!~~~~       /#^^^",
        "^^^#||||||||    c  z#^^^",
        "^^^#g      +      zz#^^^",
        "^^^#W      |  #######^^^",
        "^^^#Z NNqqq|zz#^^^^^^^^^",
        "^^^############^^^^^^^^^",
        "^^^^^^^^^^^^^^^^^^^^^^^^",
        "^^^^^^^^^^^^^^^^^^^^^^^^",
        "^^^^^^^^^^^^^^^^^^^^^^^^",
        "^^^^^^^^^^^^^^^^^^^^^^^^",
        "^^^^^^^^^^^^^^^^^^^^^^^^",
        "^^^^^^^^^^^^^^^^^^^^^^^^",
        "^^^^^^^^^^^^^^^^^^^^^^^^"
      ],
      "palettes": [ "standard_domestic_palette", "standard_domestic_basement_palette" ],
      "terrain": {
        "~": "t_carpet_purple",
        "H": "t_carpet_purple",
        "E": "t_carpet_purple",
        "T": "t_carpet_purple",
        "l": "t_carpet_purple",
        "!": "t_carpet_purple",
        "A": "t_carpet_purple"
      },
      "furniture": { "!": "f_table", "?": "f_filing_cabinet", "/": "f_bookcase" },
      "place_loot": [ { "item": "television", "x": 6, "y": 11, "chance": 100 } ],
      "rotation": [ 2 ]
    }
  },
  {
    "type": "mapgen",
    "om_terrain": "lsm_house001_1",
    "weight": 200,
    "method": "json",
    "object": {
      "fill_ter": "t_floor",
      "rows": [
        "}}}}}}}}}}}}}}}}}}}}}}}}",
        "}......................}",
        "}.....u................}",
        "}...=...|||~~~~~~~~~~..}",
        "}......^|>*~~~GKG~~~~..}",
        "}..||o|||||o||||oo*||..}",
        "}..|@@&d[[(9St(ffh y|..}",
        "}..|@@[[[k()))(ffh y|..}",
        "}..o[[[[II()88(h    o..}",
        "}..|[[[[(((+(((     o..}",
        "}..|RRD[+       A  Y|..}",
        "}..|(((((H l x3JJJ_F|..}",
        "}..|dD[R(H l x2____6|..}",
        "}..o[[[R(H l x15O7_6|^.}",
        "}..|@[[[+    y((((+(|..}",
        "}..|@[[T(ii  L(qqq$U|..}",
        "}..||o|||||o*o|$$$$$|..}",
        "}......0000---|$$$$$|..}",
        "}..=...0000---|$$$$$|..}",
        "}.............|$$$$$|..}",
        "}.............|$$$$$|..}",
        "}........=....|?????|..}",
        "}..=...........,,,,,/..}",
        "}}}}}}}}}}}}p..,,,,,...}"
      ],
      "palettes": [ "standard_domestic_palette", "standard_domestic_lino_bathroom", "standard_domestic_lino_kitchen" ],
      "terrain": {
        "?": "t_door_metal_locked",
        ",": "t_pavement",
        "/": "t_gates_mech_control",
        "=": "t_region_tree_shade",
        "_": "t_linoleum_gray",
        ")": "t_linoleum_gray",
        "}": "t_fence_v",
        "[": "t_carpet_yellow",
        "-": "t_concrete",
        "$": "t_thconc_floor",
        "q": "t_thconc_floor",
        "U": "t_thconc_floor",
        "(": "t_wall_r",
        "0": "t_region_groundcover_urban",
        "~": "t_floor_noroof",
        "G": "t_floor_noroof",
        "K": "t_floor_noroof",
        "@": "t_carpet_yellow",
        "D": "t_carpet_yellow",
        "&": "t_carpet_yellow",
        "d": "t_carpet_yellow",
        "k": "t_carpet_yellow",
        "I": "t_carpet_yellow",
        "R": "t_carpet_yellow",
        "]": "t_carpet_yellow",
        "T": "t_carpet_yellow"
      },
      "furniture": { "G": "f_deckchair", "%": "f_makeshift_bed", "&": "f_table", "k": "f_chair", "0": "f_region_flower" },
      "items": {
        "~": { "item": "trash", "chance": 3 },
        "&": { "item": "nightstand", "chance": 30 },
        ")": { "item": "clutter_bathroom", "chance": 5 },
        "[": { "item": "bedroom", "chance": 3 }
      },
      "place_loot": [ { "item": "television", "x": 13, "y": 12, "chance": 100 }, { "item": "lawnmower", "x": 2, "y": 3, "chance": 15 } ],
      "place_vehicles": [ { "vehicle": "beetle", "x": 16, "y": 19, "chance": 20, "fuel": 30, "rotation": 270 } ],
      "rotation": [ 2 ]
    }
  },
  {
    "type": "mapgen",
    "om_terrain": "lsm_house001_1",
    "weight": 50,
    "method": "json",
    "object": {
      "fill_ter": "t_floor",
      "rows": [
        "}}}}}}}}}}}}}}}}}}}}}}}}",
        "}......................}",
        "}.....u................}",
        "}...=...|||~~~~~~~~~~..}",
        "}......^|>*~~~GKG~~~~..}",
        "}..||o|||||o||||oo*||..}",
        "}..|@@&d[[(9St(ffh y|..}",
        "}..|@@[[[k()))(ffh y|..}",
        "}..o[[[[II()88(h    o..}",
        "}..|[[[[(((+(((     o..}",
        "}..|RRD[+       A  Y|..}",
        "}..|(((((H l x3JJJ_F|..}",
        "}..|dD[R(H l x2____6|..}",
        "}..o[[[R(H l x15O7_6|^.}",
        "}..|%[[[+    y((((+(|..}",
        "}..|%[[T(ii  L(qqq$U|..}",
        "}..||o|||||o*o|$$$$$|..}",
        "}......0000---|$$$$$|..}",
        "}..=...0000---|$$$$$|..}",
        "}.............|$$$$$|..}",
        "}.............|$$$$$|..}",
        "}........=....|?????|..}",
        "}..=...........,,,,,/..}",
        "}}}}}}}}}}}}p..,,,,,...}"
      ],
      "palettes": [ "standard_domestic_palette", "standard_domestic_lino_bathroom", "standard_domestic_lino_kitchen" ],
      "terrain": {
        "?": "t_door_metal_locked",
        ",": "t_pavement",
        "/": "t_gates_mech_control",
        "=": "t_region_tree_shade",
        "_": "t_linoleum_gray",
        ")": "t_linoleum_gray",
        "}": "t_fence_v",
        "[": "t_carpet_yellow",
        "-": "t_concrete",
        "$": "t_thconc_floor",
        "q": "t_thconc_floor",
        "U": "t_thconc_floor",
        "(": "t_wall_b",
        "0": "t_region_groundcover_urban",
        "~": "t_floor_noroof",
        "G": "t_floor_noroof",
        "K": "t_floor_noroof",
        "@": "t_carpet_yellow",
        "D": "t_carpet_yellow",
        "&": "t_carpet_yellow",
        "d": "t_carpet_yellow",
        "k": "t_carpet_yellow",
        "I": "t_carpet_yellow",
        "R": "t_carpet_yellow",
        "]": "t_carpet_yellow",
        "%": "t_carpet_yellow",
        "T": "t_carpet_yellow"
      },
      "furniture": { "%": "f_makeshift_bed", "&": "f_table", "k": "f_chair", "0": "f_region_flower" },
      "items": {
        "~": { "item": "trash", "chance": 3 },
        "&": { "item": "nightstand", "chance": 30 },
        ")": { "item": "clutter_bathroom", "chance": 5 },
        "%": { "item": "bed", "chance": 30 },
        "[": { "item": "bedroom", "chance": 3 }
      },
      "place_loot": [
        { "item": "television", "x": 13, "y": 12, "chance": 100 },
        { "group": "textbooks", "x": [ 8, 9 ], "y": [ 8, 8 ], "chance": 25 },
        { "group": "book_survival", "x": [ 4, 5 ], "y": 10, "chance": 15 },
        { "group": "book_gunmags", "x": [ 4, 5 ], "y": 10, "chance": 15 },
        { "group": "jar_weed", "x": [ 4, 5 ], "y": 12, "chance": 25 },
        { "group": "book_survival", "x": 7, "y": [ 12, 13 ], "chance": 15 },
        { "group": "book_military", "x": 7, "y": [ 12, 13 ], "chance": 15 },
        { "group": "drugs_analgesic", "x": [ 4, 5 ], "y": 12, "chance": 15 },
        { "group": "guns_pistol_common", "x": 4, "y": 14, "chance": 50 },
        { "item": "pillow", "x": 4, "y": 14, "chance": 100 },
        { "item": "lawnmower", "x": 2, "y": 3, "chance": 15 }
      ],
      "place_vehicles": [ { "vehicle": "beetle", "x": 16, "y": 19, "chance": 20, "fuel": 30, "rotation": 270 } ],
      "rotation": [ 2 ]
    }
  },
  {
    "type": "mapgen",
    "om_terrain": "lsm_house001_1",
    "weight": 10,
    "method": "json",
    "object": {
      "fill_ter": "t_floor",
      "rows": [
        "}}}}}}}}}}}}}}}}}}}}}}}}",
        "}......................}",
        "}.....u................}",
        "}...=...|||~~~~~~~~~~..}",
        "}......^|>*~~~GKG~~~~..}",
        "}..||o|||||o||||oo*||..}",
        "}..|@@&d[[(9St(ffh y|..}",
        "}..|@@[[[k()))(ffh y|..}",
        "}..o[[[[II()88(h    o..}",
        "}..|[[[[(((+(((     o..}",
        "}..|RRD[+       A  Y|..}",
        "}..|(((((H l x3JJJ_F|..}",
        "}..|dD[R(H l x2____6|..}",
        "}..o[[[R(H l x15O7_6|^.}",
        "}..|%[[[+    y((((+(|..}",
        "}..|%[[T(i   L(qqq$U|..}",
        "}..||o|||....o|$$$$$|..}",
        "}..........---|$$$$$|..}",
        "}..=.......---|$$$$$|..}",
        "}.............|$$$$$|..}",
        "}.............|$$$$$|..}",
        "}.............|?????|..}",
        "}..=...........,,,,,/..}",
        "}}}}}}}}}......,,,,,...}"
      ],
      "palettes": [ "standard_domestic_palette", "standard_domestic_lino_bathroom", "standard_domestic_lino_kitchen" ],
      "terrain": {
        "?": "t_door_metal_locked",
        ",": "t_pavement",
        "/": "t_gates_mech_control",
        "=": "t_region_tree_shade",
        "_": "t_linoleum_gray",
        ")": "t_linoleum_gray",
        "}": "t_fence_v",
        "[": "t_carpet_yellow",
        "-": "t_concrete",
        "$": "t_thconc_floor",
        "q": "t_thconc_floor",
        "U": "t_thconc_floor",
        "(": "t_wall_b",
        "0": "t_region_groundcover_urban",
        "!": "t_region_groundcover_urban",
        "~": "t_floor_noroof",
        "G": "t_floor_noroof",
        "K": "t_floor_noroof",
        "@": "t_carpet_yellow",
        "D": "t_carpet_yellow",
        "&": "t_carpet_yellow",
        "d": "t_carpet_yellow",
        "k": "t_carpet_yellow",
        "I": "t_carpet_yellow",
        "R": "t_carpet_yellow",
        "]": "t_carpet_yellow",
        "%": "t_carpet_yellow",
        "T": "t_carpet_yellow"
      },
      "furniture": { "%": "f_makeshift_bed", "&": "f_table", "k": "f_chair", "0": "f_region_flower" },
      "items": {
        "~": { "item": "trash", "chance": 3 },
        "&": { "item": "nightstand", "chance": 30 },
        ")": { "item": "clutter_bathroom", "chance": 5 },
        "%": { "item": "bed", "chance": 30 },
        "[": { "item": "bedroom", "chance": 3 }
      },
      "place_loot": [
        { "item": "television", "x": 13, "y": 12, "chance": 100 },
        { "group": "textbooks", "x": [ 8, 9 ], "y": [ 8, 8 ], "chance": 25 },
        { "group": "book_survival", "x": [ 4, 5 ], "y": 10, "chance": 15 },
        { "group": "book_gunmags", "x": [ 4, 5 ], "y": 10, "chance": 15 },
        { "group": "jar_weed", "x": [ 4, 5 ], "y": 12, "chance": 25 },
        { "group": "book_survival", "x": 7, "y": [ 12, 13 ], "chance": 15 },
        { "group": "book_military", "x": 7, "y": [ 12, 13 ], "chance": 15 },
        { "group": "drugs_analgesic", "x": [ 4, 5 ], "y": 12, "chance": 15 },
        { "item": "pillow", "x": 4, "y": 14, "chance": 100 },
        { "item": "2x4", "x": [ 9, 13 ], "y": [ 13, 20 ], "chance": 45, "repeat": [ 4, 8 ] },
        { "item": "glass_shard", "x": [ 9, 13 ], "y": [ 13, 20 ], "chance": 45, "repeat": [ 5, 8 ] },
        { "item": "splinter", "x": [ 9, 13 ], "y": [ 13, 20 ], "chance": 100, "repeat": [ 7, 10 ] },
        { "item": "lawnmower", "x": 2, "y": 3, "chance": 15 }
      ],
      "place_vehicles": [ { "vehicle": "beetle", "x": 10, "y": 18, "chance": 100, "fuel": 30, "rotation": 270 } ],
      "rotation": [ 2 ]
    }
  },
  {
    "type": "mapgen",
    "om_terrain": "lsm_house001_1",
    "weight": 10,
    "method": "json",
    "object": {
      "fill_ter": "t_floor",
      "rows": [
        "}}}}}}}}}}}}}}}}}}}}}}}}",
        "}......................}",
        "}.....u................}",
        "}...=...|||~~~~~~~~~~..}",
        "}......^|>*~~~GKG~~~~..}",
        "}..||o|||||o||||oo*||..}",
        "}..|@@&d[[(9St(ffh y|..}",
        "}..|@@[[[k()))(ffh y|..}",
        "}..o[[[[II()88(h    o..}",
        "}..|[[[[(((+(((     o..}",
        "}.^|RRD[+       A  Y|..}",
        "}..|(((((H l x3JJJ_F|..}",
        "}..|dD[R(H l x2____6|..}",
        "}..o[[[R(H l x15O7_6|^.}",
        "}..|%[[[+    y((((+(|..}",
        "}..|%[[T(ii  L(qqq$U|..}",
        "}..||o|||||o*o|$$$$$|..}",
        "}......0000---|$$$$$|..}",
        "}..=...0000---|$$$$$|..}",
        "}.............|$$$$$|..}",
        "}.............|$$$$$|..}",
        "}........=....|?????|..}",
        "}..=...........,,,,,/..}",
        "}}}}}}}}}}}}p..,,,,,...}"
      ],
      "palettes": [ "standard_domestic_palette", "standard_domestic_lino_bathroom", "standard_domestic_lino_kitchen" ],
      "terrain": {
        "?": "t_door_metal_locked",
        ",": "t_pavement",
        "/": "t_gates_mech_control",
        "=": "t_region_tree_shade",
        "_": "t_linoleum_gray",
        ")": "t_linoleum_gray",
        "}": "t_fence_v",
        "[": "t_carpet_yellow",
        "-": "t_concrete",
        "$": "t_thconc_floor",
        "q": "t_thconc_floor",
        "U": "t_thconc_floor",
        "(": "t_wall_r",
        "0": "t_region_groundcover_urban",
        "~": "t_floor_noroof",
        "G": "t_floor_noroof",
        "K": "t_floor_noroof",
        "@": "t_carpet_yellow",
        "D": "t_carpet_yellow",
        "&": "t_carpet_yellow",
        "d": "t_carpet_yellow",
        "k": "t_carpet_yellow",
        "I": "t_carpet_yellow",
        "R": "t_carpet_yellow",
        "]": "t_carpet_yellow",
        "%": "t_carpet_yellow",
        "T": "t_carpet_yellow"
      },
      "furniture": { "%": "f_makeshift_bed", "&": "f_table", "k": "f_chair", "0": "f_region_flower" },
      "items": {
        "~": { "item": "trash", "chance": 3 },
        "&": { "item": "nightstand", "chance": 30 },
        ")": { "item": "clutter_bathroom", "chance": 5 },
        "%": { "item": "bed", "chance": 30 },
        "[": { "item": "bedroom", "chance": 3 }
      },
      "place_loot": [
        { "item": "television", "x": 13, "y": 12 },
        { "group": "textbooks", "x": [ 8, 9 ], "y": [ 8, 8 ], "chance": 25 },
        { "group": "book_survival", "x": [ 4, 5 ], "y": 10, "chance": 15 },
        { "group": "book_gunmags", "x": [ 4, 5 ], "y": 10, "chance": 15 },
        { "group": "jar_weed", "x": [ 4, 5 ], "y": 12, "chance": 25 },
        { "group": "book_survival", "x": 7, "y": [ 12, 13 ], "chance": 15 },
        { "group": "book_military", "x": 7, "y": [ 12, 13 ], "chance": 15 },
        { "group": "drugs_analgesic", "x": [ 4, 5 ], "y": 12, "chance": 15 },
        { "group": "guns_pistol_common", "x": 4, "y": 14, "chance": 50 },
        { "item": "pillow", "x": 4, "y": 14 },
        { "item": "lawnmower", "x": 2, "y": 3, "chance": 15 }
      ],
      "place_vehicles": [ { "vehicle": "beetle", "x": 16, "y": 19, "chance": 20, "fuel": 30, "rotation": 270 } ],
      "fields": { "@": [ { "field": "fd_fire", "age": 1, "density": 3 } ] },
      "rotation": [ 2 ]
    }
  },
  {
    "type": "mapgen",
    "om_terrain": "lsm_house001_r",
    "weight": 250,
    "method": "json",
    "object": {
      "fill_ter": "t_open_air",
      "rows": [
        "                        ",
        "                        ",
        "                        ",
        "        222             ",
        "        5.-             ",
        "   222222.22222222222   ",
        "   |................3   ",
        "   |................3   ",
        "   |................3   ",
        "   |..............X.3   ",
        "   5................3   ",
        "   |................3   ",
        "   |...N............3   ",
        "   |................5   ",
        "   |................3   ",
        "   |................3   ",
        "   |-----------..=..3   ",
        "              |.....3   ",
        "              |.....3   ",
        "              |.....3   ",
        "              |.....3   ",
        "              |-----3   ",
        "                        ",
        "                        "
      ],
      "palettes": [ "roof_palette" ],
      "terrain": { ".": "t_shingle_flat_roof", "=": "t_shingle_flat_roof", "X": "t_shingle_flat_roof", "N": "t_shingle_flat_roof" },
      "rotation": [ 2 ]
    }
  }
]
