[
  {
    "type": "mapgen",
    "om_terrain": "lsm_house004_1",
    "weight": 200,
    "method": "json",
    "object": {
      "palettes": [ "standard_domestic_palette", "standard_domestic_lino_bathroom" ],
      "fill_ter": "t_floor",
      "rows": [
        "..................%.....",
        ".%.....%..G.....u....%..",
        "........................",
        "...ooo.jjj----..^.ooo...",
        ".|oo=oo|||----|||ooyoo|.",
        ".|===?==!||~~||ffh   F|.",
        ".|/====@@|i  L|ff  J O|.",
        ".|=====@@|i  (|h   J 5|.",
        ".o=bdd===|i  (|   AJ 1o.",
        ".|||||||+|           2|.",
        ".|WZ|q|R           674|.",
        ".|++|+|R     y|VVT    |.",
        ".|           |||||||  |.",
        ".|T      ((  +____B|R |.",
        ".||+|||||||  |Q8StB|R |.",
        ".o,,$${,+[| L|||||||R o.",
        ".|P,,,,,|||*o||H l    |.",
        ".|r,,,,&&|#--#|H l x  |.",
        ".|r},,,&&|#--#|H l    |.",
        ".|r,,,,,]|#--#|s    yy|.",
        ".|oo,oo|||#--#|||ooyoo|.",
        "...ooo.....--.....ooo...",
        "........X..--..%........",
        "...........--p.........."
      ],
      "terrain": {
        "~": "t_door_glass_c",
        "_": "t_linoleum_gray",
        "#": [ [ "t_shrub", 2 ], "t_shrub_strawberry", "t_shrub_blueberry" ],
        "%": [ [ "t_region_tree_nut", 5 ], [ "t_region_tree_shade", 4 ], [ "t_region_tree_fruit", 2 ] ],
        "=": "t_carpet_purple",
        ",": "t_carpet_red",
        "G": "t_region_groundcover_urban",
        "?": "t_carpet_purple",
        "!": "t_carpet_purple",
        "@": "t_carpet_purple",
        "/": "t_carpet_purple",
        "d": "t_carpet_purple",
        "b": "t_carpet_purple",
        "$": "t_carpet_red",
        "{": "t_carpet_red",
        "v": "t_carpet_red",
        "&": "t_carpet_red",
        "[": "t_carpet_red",
        "P": "t_carpet_red",
        "r": "t_carpet_red",
        "}": "t_carpet_red",
        "]": "t_carpet_red",
        "W": "t_linoleum_gray",
        "Z": "t_linoleum_gray"
      },
      "furniture": {
        "!": "f_table",
        "$": "f_dresser",
        "&": "f_bed",
        "?": "f_exercise",
        "/": "f_punching_bag",
        "0": "f_table",
        "{": "f_wardrobe",
        "}": "f_chair",
        "[": "f_gunsafe_ml",
        "]": "f_table",
        "(": "f_table"
      },
      "items": {
        "!": { "item": "nightstand", "chance": 40 },
        "$": [
          { "item": "SUS_dresser_mens", "chance": 50, "repeat": [ 1, 2 ] },
          { "item": "SUS_dresser_womens", "chance": 50, "repeat": [ 1, 2 ] }
        ],
        "{": [
          { "item": "SUS_wardrobe_mens", "chance": 50, "repeat": [ 1, 2 ] },
          { "item": "SUS_wardrobe_womens", "chance": 50, "repeat": [ 1, 2 ] }
        ],
        "]": { "item": "nightstand", "chance": 40 },
        "[": { "item": "guns_pistol_common", "chance": 50 },
        "(": { "item": "table_foyer", "chance": 50 }
      },
      "place_loot": [ { "item": "television", "x": 19, "y": 17, "chance": 100 } ],
      "rotation": [ 2 ]
    }
  },
  {
    "type": "mapgen",
    "om_terrain": "lsm_house004_1",
    "weight": 40,
    "method": "json",
    "object": {
      "palettes": [ "standard_domestic_palette", "standard_domestic_lino_bathroom" ],
      "fill_ter": "t_floor",
      "rows": [
        "..................%.....",
        ".%.....%..G..........%..",
        "........................",
        "...ooo.jjj----..^.ooo...",
        ".|oo=oo|||----|||ooyoo|.",
        ".|===?==!||~~||ffh   F|.",
        ".|/====@@|i  L|ff  J O|.",
        ".|=====@@|i  (|h   J 5|.",
        ".o=bdd===|i  (|   AJ 1o.",
        ".|||||||+|           2|.",
        ".|WZ|q|R           674|.",
        ".|++|+|R     y|ccT    |.",
        ".|           |||||||  |.",
        ".|T      ((  +____B|R |.",
        ".||+|||||||  |Q8StB|R |.",
        ".o,,$${,+[| L|||||||R o.",
        ".|P,,,,,|||*o||H l    |.",
        ".|r,,,,&&|#--#|H l x  |.",
        ".|r},,,&&|#--#|H l    |.",
        ".|r,,,,,]|#--#|s    yy|.",
        ".|oo,oo|||#--#|||ooyoo|.",
        "...ooo.....--.....ooo...",
        "........X..--..%........",
        "...........--p.........."
      ],
      "terrain": {
        "~": "t_door_glass_c",
        "_": "t_linoleum_gray",
        "#": [ [ "t_shrub", 2 ], "t_shrub_strawberry", "t_shrub_blueberry" ],
        "%": [ [ "t_region_tree_nut", 5 ], [ "t_region_tree_shade", 4 ], [ "t_region_tree_fruit", 2 ] ],
        "=": "t_carpet_purple",
        ",": "t_carpet_red",
        "G": "t_region_groundcover_urban",
        "?": "t_carpet_purple",
        "!": "t_carpet_purple",
        "@": "t_carpet_purple",
        "/": "t_carpet_purple",
        "d": "t_carpet_purple",
        "b": "t_carpet_purple",
        "$": "t_carpet_red",
        "{": "t_carpet_red",
        "v": "t_carpet_red",
        "&": "t_carpet_red",
        "[": "t_carpet_red",
        "P": "t_carpet_red",
        "r": "t_carpet_red",
        "}": "t_carpet_red",
        "]": "t_carpet_red",
        "W": "t_linoleum_gray",
        "Z": "t_linoleum_gray"
      },
      "furniture": {
        "!": "f_table",
        "$": "f_dresser",
        "&": "f_bed",
        "c": "f_glass_cabinet",
        "?": "f_exercise",
        "/": "f_punching_bag",
        "0": "f_table",
        "{": "f_wardrobe",
        "}": "f_chair",
        "[": "f_gunsafe_ml",
        "]": "f_table",
        "(": "f_table"
      },
      "items": {
        "!": { "item": "nightstand", "chance": 40 },
        "$": [
          { "item": "SUS_dresser_mens", "chance": 50, "repeat": [ 1, 2 ] },
          { "item": "SUS_dresser_womens", "chance": 50, "repeat": [ 1, 2 ] }
        ],
        "{": [
          { "item": "SUS_wardrobe_mens", "chance": 50, "repeat": [ 1, 2 ] },
          { "item": "SUS_wardrobe_womens", "chance": 50, "repeat": [ 1, 2 ] }
        ],
        "]": { "item": "nightstand", "chance": 40 },
        "[": [
          { "item": "guns_rifle_common", "chance": 40 },
          { "item": "guns_rifle_obscure", "chance": 15 },
          { "item": "guns_shotgun_common", "chance": 30 }
        ],
        "(": { "item": "table_foyer", "chance": 50 }
      },
      "place_loot": [
        { "group": "boxing_books", "x": [ 4, 5 ], "y": 8, "chance": 20, "repeat": [ 1, 2 ] },
        { "item": "mag_porn", "x": [ 4, 5 ], "y": 8, "chance": 80, "repeat": [ 1, 2 ] },
        { "group": "stoner", "x": [ 4, 5 ], "y": 8, "chance": 30, "repeat": [ 1, 3 ] },
        { "group": "book_gunref", "x": 7, "y": [ 10, 11 ], "chance": 50, "repeat": [ 1, 2 ] },
        { "item": "glock_17", "x": [ 15, 16 ], "y": 11, "chance": 100 },
        { "item": "9mm", "x": [ 15, 16 ], "y": 11, "chance": 100 },
        { "item": "glockmag", "x": [ 15, 16 ], "y": 11, "chance": 100 },
        { "item": "television", "x": 19, "y": 17, "chance": 100 }
      ],
      "rotation": [ 2 ]
    }
  },
  {
    "type": "mapgen",
    "om_terrain": "lsm_house004_1",
    "weight": 10,
    "method": "json",
    "object": {
      "palettes": [ "standard_domestic_palette", "standard_domestic_lino_bathroom" ],
      "fill_ter": "t_floor",
      "rows": [
        "..................%.....",
        ".%.....%..G..........%..",
        "........................",
        "...ooo.jjj----..^.ooo...",
        ".|oo=oo|||----|||ooyoo|.",
        ".|===?==!||~~||ffh   F|.",
        ".|/====@@|i  L|ff  J O|.",
        ".|=====@@|i  (|h   J 5|.",
        ".o=b::===|i  (|   AJ 1o.",
        ".|||||||+|           2|.",
        ".|WZ|q|R           674|.",
        ".|++|+|R     y|ccT    |.",
        ".|           |||||||  |.",
        ".|T      (( )+____B|R |.",
        ".||+|||||||))|Q8StB|R |.",
        ".o,,$${,+[| L|||||||R o.",
        ".|P,,,,,|||`o||H l    |.",
        ".|r,,,,&&|#--#|H l x  |.",
        ".|r},,,&&|#--#|H l    |.",
        ".|r,,,,,]|#--#|s    yy|.",
        ".|oo,oo|||#--#|||ooyoo|.",
        "...ooo.....--.....ooo...",
        "........X..--..%........",
        "...........--p.........."
      ],
      "terrain": {
        "~": "t_door_glass_c",
        "_": "t_linoleum_gray",
        "#": [ [ "t_shrub", 2 ], "t_shrub_strawberry", "t_shrub_blueberry" ],
        "%": [ [ "t_region_tree_nut", 5 ], [ "t_region_tree_shade", 4 ], [ "t_region_tree_fruit", 2 ] ],
        "=": "t_carpet_purple",
        ",": "t_carpet_red",
        "`": "t_door_frame",
        "G": "t_region_groundcover_urban",
        "?": "t_carpet_purple",
        "!": "t_carpet_purple",
        "@": "t_carpet_purple",
        ":": "t_carpet_purple",
        "/": "t_carpet_purple",
        "d": "t_carpet_purple",
        "b": "t_carpet_purple",
        "$": "t_carpet_red",
        "{": "t_carpet_red",
        "v": "t_carpet_red",
        "&": "t_carpet_red",
        "[": "t_carpet_red",
        "P": "t_carpet_red",
        "r": "t_carpet_red",
        "}": "t_carpet_red",
        "]": "t_carpet_red",
        "W": "t_linoleum_gray",
        "Z": "t_linoleum_gray"
      },
      "furniture": {
        "!": "f_table",
        "$": "f_dresser",
        ":": "f_dresser",
        "&": "f_bed",
        "c": "f_glass_cabinet",
        "?": "f_exercise",
        "/": "f_punching_bag",
        "0": "f_table",
        "{": "f_wardrobe",
        "}": "f_chair",
        "[": "f_gunsafe_ml",
        "]": "f_table",
        "(": "f_table"
      },
      "items": {
        "!": { "item": "nightstand", "chance": 40 },
        "$": [
          { "item": "SUS_dresser_mens", "chance": 50, "repeat": [ 1, 2 ] },
          { "item": "SUS_dresser_womens", "chance": 50, "repeat": [ 1, 2 ] }
        ],
        "{": [
          { "item": "SUS_wardrobe_mens", "chance": 50, "repeat": [ 1, 2 ] },
          { "item": "SUS_wardrobe_womens", "chance": 50, "repeat": [ 1, 2 ] }
        ],
        "]": { "item": "nightstand", "chance": 40 },
        "[": [
          { "item": "guns_rifle_common", "chance": 40 },
          { "item": "guns_rifle_obscure", "chance": 15 },
          { "item": "guns_shotgun_common", "chance": 30 }
        ],
        "(": { "item": "table_foyer", "chance": 50 }
      },
      "place_loot": [
        { "group": "book_gunref", "x": 7, "y": [ 10, 11 ], "chance": 50, "repeat": [ 1, 2 ] },
        { "item": "corpse", "x": 18, "y": 13, "chance": 100 },
        { "item": "rag", "x": 18, "y": 14, "chance": 75, "repeat": [ 4, 5 ] },
        { "item": "9mm_casing", "x": [ 11, 12 ], "y": [ 13, 22 ], "chance": 100, "repeat": [ 8, 13 ] },
        { "item": "2x4", "x": 11, "y": [ 15, 17 ], "chance": 75, "repeat": [ 2, 3 ] },
        { "item": "hinge", "x": 11, "y": 15, "chance": 100 },
        { "item": "splinter", "x": 11, "y": 15, "chance": 100, "repeat": [ 2, 5 ] },
        { "item": "television", "x": 19, "y": 17, "chance": 100 }
      ],
      "fields": { ")": [ { "field": "fd_blood" } ] },
      "rotation": [ 2 ]
    }
  },
  {
    "type": "mapgen",
    "om_terrain": "lsm_house004_r",
    "weight": 50,
    "method": "json",
    "object": {
      "palettes": [ "roof_palette" ],
      "fill_ter": "t_open_air",
      "rows": [
        "                        ",
        "                        ",
        "                        ",
        "   222            222   ",
        " 222.22222    22522.222 ",
        " |.......|2222|.......3 ",
        " |....................3 ",
        " |....................3 ",
        " |...............=....3 ",
        " |....................3 ",
        " |....................3 ",
        " |....................3 ",
        " |....................3 ",
        " |....................3 ",
        " |..................X.3 ",
        " |....................3 ",
        " |.......|----|.....N.3 ",
        " |.......|    |.......3 ",
        " |.......|    |.......3 ",
        " |.......|    |.......3 ",
        " ---.-----    -----.--- ",
        "   ---            ---   ",
        "                        ",
        "                        "
      ],
      "terrain": { ".": "t_shingle_flat_roof", "=": "t_shingle_flat_roof", "X": "t_shingle_flat_roof", "N": "t_shingle_flat_roof" },
      "rotation": [ 2 ]
    }
  },
  {
    "type": "mapgen",
    "om_terrain": "lsm_house004_r",
    "weight": 10,
    "method": "json",
    "object": {
      "palettes": [ "roof_palette" ],
      "fill_ter": "t_open_air",
      "rows": [
        "                        ",
        "                        ",
        "                        ",
        "   222            222   ",
        " 222.22222    22522.222 ",
        " |.......|2222|.......3 ",
        " |....................3 ",
        " |....................3 ",
        " |...............=....3 ",
        " |....................3 ",
        " |....................3 ",
        " |........t...........3 ",
        " |....................3 ",
        " |....................3 ",
        " |..................X.3 ",
        " |....................3 ",
        " |.......|----|.....N.3 ",
        " |.......|    |.......3 ",
        " |.......|    |.......3 ",
        " |.......|    |.......3 ",
        " ---.-----    -----.--- ",
        "   ---            ---   ",
        "                        ",
        "                        "
      ],
      "terrain": {
        ".": "t_shingle_flat_roof",
        "=": "t_shingle_flat_roof",
        "X": "t_shingle_flat_roof",
        "N": "t_shingle_flat_roof",
        "t": "t_shingle_flat_roof"
      },
      "furniture": { "t": "f_brazier" },
      "place_loot": [
        { "group": "stash_food", "x": [ 7, 8 ], "y": [ 11, 12 ], "chance": 100, "repeat": [ 4, 7 ] },
        { "group": "alcohol", "x": [ 7, 8 ], "y": [ 11, 12 ], "chance": 100, "repeat": [ 2, 3 ] },
        { "group": "trash", "x": [ 2, 21 ], "y": [ 6, 15 ], "chance": 100, "repeat": [ 6, 10 ] },
        { "item": "sleeping_bag", "x": 13, "y": 11, "chance": 100 },
        { "item": "2x4", "x": 12, "y": 15, "chance": 100, "repeat": [ 2, 3 ] }
      ],
      "rotation": [ 2 ]
    }
  }
]
