[
  {
    "type": "mapgen",
    "om_terrain": "lsm_house039_1",
    "weight": 250,
    "method": "json",
    "object": {
      "palettes": [ "lsm_residential", "lsm_residential_items", "lsm_residential_ground" ],
      "fill_ter": "t_floor_waxed",
      "rows": [
        "(,,,,,,,,,,,,,,p.%..%..(",
        "(,,,,,,,,,,,,,,.%.%%%.%(",
        "(,,,,,,,,,,,,,,...%..%.(",
        "(,,,,,,,,,,,,,,.%%.%..%(",
        "(,,,,,,,,,,,,,,!..!!!%.(",
        "(,,,,,,,,,,,,,,.!%.%.!!(",
        "(,,,,,,,,,,,,,,--<)!!!!(",
        "(,,,,,,,/,,,,,,))))!!!!(",
        "(#{{{{{{#{{{{{{#####!!!(",
        "(#------/------|z <#!!.(",
        "(#-------------*   #...(",
        "(#-------------|z L#...(",
        "(#-------------||+|#...(",
        "(#-------------|$ q#...(",
        "(#-------------|$ q#..%(",
        "(#-------------||+|#...(",
        "(#-------------|--Z#^..(",
        "(#-----NNN--UUU|g-W#...(",
        "(###################...(",
        "(.----------...jjj.....(",
        "(.-)------)-.........%.(",
        "(.-<--------.......X...(",
        "(..............KG%.....(",
        "(((((((((((((((((((((((("
      ],
      "terrain": {
        ",": "t_pavement",
        "#": "t_brick_wall",
        "%": [ [ "t_region_tree_nut", 5 ], [ "t_region_tree_shade", 4 ], [ "t_region_tree_fruit", 2 ] ],
        ")": "t_concrete_wall",
        "{": "t_door_metal_locked",
        "/": "t_gates_mech_control",
        "!": "t_region_groundcover_urban",
        "-": "t_concrete",
        "(": "t_privacy_fence",
        "N": "t_concrete",
        "U": "t_concrete",
        "W": "t_concrete",
        "Z": "t_concrete",
        "g": "t_concrete",
        "K": "t_region_groundcover_urban",
        "G": "t_region_groundcover_urban"
      },
      "furniture": { "!": [ "f_boulder_medium", "f_boulder_large" ], "$": "f_rack" },
      "items": { "$": { "item": "clothing_outdoor_shoes", "chance": 40, "repeat": [ 1, 2 ] } },
      "place_vehicles": [
        { "vehicle": "electric_car", "x": 5, "y": 13, "chance": 25, "rotation": 90 },
        { "vehicle": "suv_electric", "x": 12, "y": 14, "chance": 25, "rotation": 90 }
      ]
    }
  },
  {
    "type": "mapgen",
    "om_terrain": "lsm_house039_2",
    "weight": 250,
    "method": "json",
    "object": {
      "palettes": [ "lsm_residential", "lsm_residential_items", "lsm_residential_upper", "lsm_residential_lino_bth" ],
      "fill_ter": "t_floor_waxed",
      "rows": [
        "........................",
        "........................",
        "........................",
        "........................",
        "........................",
        ".////////////////////...",
        "./,,,,,,,,,,,,,,,>,,/...",
        "./,,,,,,,,,,,,,,,,,,/...",
        ".#:::::::::::::*#o##/...",
        ".# ?xxx?y  A!y$ |<>#....",
        ".#a     s       |++#....",
        ".#a lll E          #....",
        ".#            L||+|#....",
        ".#?sHHHs      V|S_t#....",
        ".#R      h    V||||#....",
        ".#R     fff   y64JJ#^...",
        ".#R    hfffh      3o....",
        ".#y      h  y6FO512#....",
        ".#::~::::::####oo###....",
        "./,,,,,,,,,/............",
        "./,,,,,,,,,/............",
        "./,>,,&,&,&/............",
        ".///////////............",
        "........................"
      ],
      "terrain": {
        "~": "t_door_glass_c",
        "#": "t_brick_wall",
        ",": "t_concrete",
        "/": "t_concrete_railing",
        "_": "t_linoleum_gray",
        "&": "t_concrete"
      },
      "furniture": { "!": "f_piano", "$": "f_table", "?": "f_speaker_cabinet", "&": "f_deckchair" },
      "items": { "$": { "item": "table_foyer", "chance": 50 } },
      "place_loot": [ { "item": "stereo", "x": 4, "y": 9 }, { "item": "television", "x": 5, "y": 9 } ]
    }
  },
  {
    "type": "mapgen",
    "om_terrain": "lsm_house039_3",
    "weight": 250,
    "method": "json",
    "object": {
      "palettes": [ "lsm_residential", "lsm_residential_items", "lsm_residential_upper", "lsm_residential_lino_bth" ],
      "fill_ter": "t_floor_waxed",
      "rows": [
        "........................",
        "........................",
        "........................",
        "........................",
        "........................",
        ".//////.................",
        "./,,,,/.................",
        "./!,,!/.................",
        ".##~o##oo###oo####o#....",
        ".#b  y y I|yrrrP|> #....",
        ".#D      I|  h P|  #....",
        ".#|d  @@  |||+|||  o....",
        ".#|d C@@C +        o....",
        ".#|||||||||y  RRR &#....",
        ".#d+ C@@C +  y|||+|#....",
        ".#d+  @@  ||+||BB_w#....",
        ".#||     b|q Q|8___#^...",
        ".#$   xx D|qzQ|88St#....",
        ".###o##oo#######oo##....",
        "........................",
        "........................",
        "........................",
        "........................",
        "........................"
      ],
      "terrain": {
        "~": "t_door_glass_c",
        "_": "t_linoleum_gray",
        "#": "t_brick_wall",
        ",": "t_concrete",
        "/": "t_concrete_railing",
        "!": "t_concrete",
        "Q": "t_null"
      },
      "furniture": { "!": "f_deckchair", "$": "f_ergometer", "&": "f_table" },
      "items": { "&": { "item": "table_foyer", "chance": 50 } },
      "place_loot": [ { "item": "television", "x": 6, "y": 17 } ]
    }
  },
  {
    "type": "mapgen",
    "om_terrain": "lsm_house039_r",
    "weight": 250,
    "method": "json",
    "object": {
      "palettes": [ "lsm_residential_roof" ],
      "fill_ter": "t_open_air",
      "rows": [
        "                        ",
        "                        ",
        "                        ",
        "                        ",
        "                        ",
        "                        ",
        "                        ",
        "                        ",
        " -------------------    ",
        " 3.................|    ",
        " 3.................|    ",
        " 3~................|    ",
        " 3~........ooo.....|    ",
        " 3.........ooo.....|    ",
        " 3.........ooo.....|    ",
        " 3.................|    ",
        " 3..X............=.5    ",
        " 3.................|    ",
        " 2222222222222222222    ",
        "                        ",
        "                        ",
        "                        ",
        "                        ",
        "                        "
      ]
    }
  }
]
