[
  {
    "type": "mapgen",
    "om_terrain": "lsm_house007_1",
    "weight": 125,
    "method": "json",
    "object": {
      "palettes": [ "standard_domestic_palette", "standard_domestic_lino_bathroom" ],
      "fill_ter": "t_floor",
      "rows": [
        "%%%%%%%%%%%%%%%%%%%%%%%%",
        "%...#..................%",
        "%(.............#.......%",
        "%....--............(...%",
        "%..||~~|||oo|o|||oo||..%",
        "%..|i  q|O5J|BB|!@@T|..%",
        "%..oi  W|  1|_S| @@ o..%",
        "%.#oi  Z|3 2|_8|    |..%",
        "%..|y  y|6 F|_t|+|dD|..%",
        "%.#||  ||  ||+|| ||||..%",
        "%.^|R====         +w|..%",
        "%.#|RE=l=    b    +w|#.%",
        "%..|===H=||  ||||+|||..%",
        "%..|x==H=   hff|  dd|..%",
        "%..ox==H=    ff|    o..%",
        "%.#o=====|    h|I @@o#.%",
        "%..|??sss|y Ly |I yT|..%",
        "%..||ooo||o*|o||o||||..%",
        "%../000000000000{&&{/..%",
        "%.#/0000000000000000/..%",
        "%..///////0000///////..%",
        "%....#....----.......(.%",
        "%.........----p..#.....%",
        "%%%%%%%%%%%,,%%%%%%%%%%%"
      ],
      "terrain": {
        "#": [ "t_shrub", "t_shrub", "t_shrub_strawberry", "t_shrub_blueberry" ],
        "(": [ [ "t_region_tree_nut", 5 ], [ "t_region_tree_shade", 4 ], [ "t_region_tree_fruit", 2 ] ],
        "%": "t_chainfence",
        ",": "t_chaingate_c",
        "~": "t_door_glass_c",
        "/": "t_railing_h",
        "_": "t_linoleum_gray",
        "=": "t_carpet_green",
        "0": "t_floor_noroof",
        "H": "t_carpet_green",
        "E": "t_carpet_green",
        "R": "t_carpet_green",
        "?": "t_carpet_green",
        "l": "t_carpet_green",
        "s": "t_carpet_green",
        "x": "t_carpet_green",
        "w": "t_null",
        "{": "t_floor_noroof",
        "&": "t_floor_noroof"
      },
      "furniture": { "!": "f_table", "{": "f_chair", "&": "f_table", "?": [ "f_indoor_plant", "f_indoor_plant_y" ] },
      "items": { "!": { "item": "nightstand", "chance": 35 } },
      "place_loot": [ { "item": "television", "x": 4, "y": 13 } ],
      "rotation": [ 2 ]
    }
  },
  {
    "type": "mapgen",
    "om_terrain": "lsm_house007_1",
    "weight": 15,
    "method": "json",
    "object": {
      "palettes": [ "standard_domestic_palette", "standard_domestic_lino_bathroom" ],
      "fill_ter": "t_floor",
      "rows": [
        "%%%%%%%%%%%%%%%%%%%%%%%%",
        "%...#..................%",
        "%(.............#.......%",
        "%....--............(...%",
        "%..||~~|||oo|o|||o[||..%",
        "%..|i `q|O5J|BB|!@@T|..%",
        "%..oi` W| `1|_S|`@@ o..%",
        "%.#oi  Z|3 2|_8|  ` |..%",
        "%..|y` y|6 F|_t|}|dD|..%",
        "%.#||` ||  ||}||`||||..%",
        "%.^|R==== `  `    +w|..%",
        "%.#|RE=l=`   b  ` +w|#.%",
        "%..|===H=||  ||||}|||..%",
        "%..|x==H=   hff| `dd|..%",
        "%..ox==H=` ` ff|    o..%",
        "%.#o=====|   `h|I`@@o#.%",
        "%..|??sss|y Ly |I yT|..%",
        "%..||ooo||o*|o||[||||..%",
        "%../000000000000{&&{/..%",
        "%.#/0000000000000000/..%",
        "%..///////0000///////..%",
        "%....#....----.......(.%",
        "%.........----p..#.....%",
        "%%%%%%%%%%%],%%%%%%%%%%%"
      ],
      "terrain": {
        "#": [ "t_shrub", "t_shrub", "t_shrub_strawberry", "t_shrub_blueberry" ],
        "(": [ [ "t_region_tree_nut", 5 ], [ "t_region_tree_shade", 4 ], [ "t_region_tree_fruit", 2 ] ],
        "%": "t_chainfence",
        ",": "t_chaingate_c",
        "~": "t_door_glass_c",
        "/": "t_railing_h",
        "_": "t_linoleum_gray",
        "=": "t_carpet_purple",
        "0": "t_floor_noroof",
        "H": "t_carpet_purple",
        "E": "t_carpet_purple",
        "R": "t_carpet_purple",
        "?": "t_carpet_purple",
        "l": "t_carpet_purple",
        "s": "t_carpet_purple",
        "x": "t_carpet_purple",
        "w": "t_null",
        "{": "t_floor_noroof",
        "&": "t_floor_noroof",
        "}": "t_door_o",
        "[": "t_window_open",
        "]": "t_chaingate_o"
      },
      "furniture": { "!": "f_table", "{": "f_chair", "&": "f_table", "?": [ "f_indoor_plant", "f_indoor_plant_y" ] },
      "items": { "!": { "item": "nightstand", "chance": 35 } },
      "place_loot": [ { "item": "television", "x": 4, "y": 13 } ],
      "monster": { "`": { "monster": "mon_cat" } },
      "rotation": [ 2 ]
    }
  },
  {
    "type": "mapgen",
    "om_terrain": "lsm_house007_1",
    "weight": 125,
    "method": "json",
    "object": {
      "palettes": [ "standard_domestic_palette", "standard_domestic_lino_bathroom" ],
      "fill_ter": "t_floor",
      "rows": [
        "%%%%%%%%%%%%%%%%%%%%%%%%",
        "%...#..................%",
        "%(..----.......#.......%",
        "%...----...........(...%",
        "%..||~~|||oo|o|||oo||..%",
        "%..|i  q|O5J|BB|!@@T|..%",
        "%..oi  W|  1|_S| @@ o..%",
        "%.#oi  Z|3 2|_8|    |..%",
        "%..|y  y|6 F|_t|+|dD|..%",
        "%.#||  ||  ||+|| ||||..%",
        "%.^|R====         +w|..%",
        "%.#|RE=l=    b    +w|#.%",
        "%..|===H=||  ||||+|||..%",
        "%..|x==H=   hff|  dd|..%",
        "%..ox==H=    ff|    o..%",
        "%.#o=====|&   h|I @@o#.%",
        "%..|??sss|y L  |I yT|..%",
        "%..||ooo||o*|o||o||||..%",
        "%.........----.........%",
        "%..00000..----..00000..%",
        "%..00000...--...00000..%",
        "%..00000...--...00000..%",
        "%..........--..........%",
        "%%%%%%%%%%%,,%%%%%%%%%%%"
      ],
      "terrain": {
        "`": "t_region_groundcover_urban",
        "#": [ "t_shrub", "t_shrub", "t_shrub_strawberry", "t_shrub_blueberry" ],
        "(": [ [ "t_region_tree_nut", 5 ], [ "t_region_tree_shade", 4 ], [ "t_region_tree_fruit", 2 ] ],
        "%": "t_chainfence",
        ",": "t_chaingate_c",
        "~": "t_door_glass_c",
        "_": "t_linoleum_gray",
        "=": "t_carpet_yellow",
        "0": "t_dirtmound",
        "H": "t_carpet_yellow",
        "E": "t_carpet_yellow",
        "R": "t_carpet_yellow",
        "?": "t_carpet_yellow",
        "l": "t_carpet_yellow",
        "s": "t_carpet_yellow",
        "x": "t_carpet_yellow",
        "w": "t_null"
      },
      "furniture": { "!": "f_table", "{": "f_chair", "&": "f_rack", "?": [ "f_indoor_plant", "f_indoor_plant_y" ] },
      "items": {
        "!": { "item": "nightstand", "chance": 35 },
        "0": { "item": "hydro", "chance": 50 },
        "&": [ { "item": "farming_seeds", "chance": 35 }, { "item": "farming_tools", "chance": 50 } ]
      },
      "place_loot": [
        { "item": "television", "x": 4, "y": 13 },
        { "item": "straw_hat", "x": 12, "y": 16 },
        { "item": "g_shovel", "x": [ 17, 20 ], "y": 18 },
        { "item": "hoe", "x": [ 17, 20 ], "y": 18 },
        { "item": "shovel", "x": [ 17, 20 ], "y": 18 }
      ],
      "rotation": [ 2 ]
    }
  },
  {
    "type": "mapgen",
    "om_terrain": "lsm_house007_r",
    "weight": 250,
    "method": "json",
    "object": {
      "palettes": [ "roof_palette" ],
      "fill_ter": "t_open_air",
      "rows": [
        "                        ",
        "                        ",
        "                        ",
        "                        ",
        "   222222222222222222   ",
        "   |................3   ",
        "   |..............=.3   ",
        "   |................3   ",
        "   |................3   ",
        "   |................3   ",
        "   |................3   ",
        "   |X...............3   ",
        "   |................3   ",
        "   |N...............3   ",
        "   |................3   ",
        "   |................3   ",
        "   |................3   ",
        "   -----------------3   ",
        "                        ",
        "                        ",
        "                        ",
        "                        ",
        "                        ",
        "                        "
      ],
      "terrain": { ".": "t_shingle_flat_roof", "=": "t_shingle_flat_roof", "X": "t_shingle_flat_roof", "N": "t_shingle_flat_roof" },
      "rotation": [ 2 ]
    }
  }
]
