[
  {
    "type": "mapgen",
    "om_terrain": "lsm_house029_1",
    "weight": 250,
    "method": "json",
    "object": {
      "palettes": [ "lsm_residential", "lsm_residential_items", "lsm_residential_ground", "lsm_residential_lino_bth" ],
      "fill_ter": "t_floor_waxed",
      "rows": [
        ".----...................",
        "..----.....00.....%.....",
        "...----p#::##:::##.....%",
        "....----:`y#6   O#......",
        ".X...---/`L#6 4 5:......",
        "......###  #2 3 J:......",
        "......:!   #1   F#0.....",
        "......:!      h ####0...",
        "..%...##V    ff #q~#....",
        "......0#V   hffh#q~/....",
        "......0#R  ######UU#0...",
        "......^#R  HHHsy####....",
        ".##:::###  ,,, E:0--..G.",
        ".#    D#a  ,,, `/---..K.",
        ".:C   y##  lxlTy:0--.G..",
        ".:@@  d#R  #######::##..",
        ".:@@  d#R  #ZW88#C@@C#..",
        ".:C    #R  +___S# @@ #..",
        ".#     +   #BB_t#d   :..",
        ".##:::##+#+######D   :..",
        "......#$ #  y!!y#y  h#..",
        "......#$Q#      +  rr#..",
        ".%....#####:##:###::##..",
        "........................"
      ],
      "terrain": {
        "#": "t_concrete_wall",
        "_": "t_linoleum_gray",
        "0": [ [ "t_shrub", 2 ], "t_shrub_strawberry", "t_shrub_blueberry" ],
        "%": [ [ "t_region_tree_nut", 5 ], [ "t_region_tree_shade", 4 ], [ "t_region_tree_fruit", 2 ] ],
        "`": "t_carpet_red",
        "/": "t_door_metal_pickable",
        "~": "t_concrete",
        "Q": "t_floor_waxed",
        "W": "t_linoleum_gray",
        "Z": "t_linoleum_gray",
        "G": "t_region_groundcover_urban",
        "K": "t_region_groundcover_urban",
        ",": "t_carpet_purple"
      },
      "furniture": { "!": "f_table", "$": "f_clothing_rail" },
      "items": {
        "!": { "item": "table_foyer", "chance": 50 },
        "$": [ { "item": "dress_shop", "chance": 30, "repeat": [ 1, 2 ] }, { "item": "jackets", "chance": 30, "repeat": [ 1, 2 ] } ]
      },
      "place_loot": [ { "item": "television", "x": 12, "y": 14 } ]
    }
  },
  {
    "type": "mapgen",
    "om_terrain": "lsm_house029_r",
    "weight": 250,
    "method": "json",
    "object": {
      "palettes": [ "lsm_residential_roof" ],
      "fill_ter": "t_open_air",
      "rows": [
        "                        ",
        "                        ",
        "        ----------      ",
        "        3........|      ",
        "        3........|      ",
        "      333........|      ",
        "      3..........|      ",
        "      3.......=..|||    ",
        "      33...........|    ",
        "       3...........|    ",
        "       3...........|    ",
        "       5........||||    ",
        " 3333333........|       ",
        " 3......~....A..|       ",
        " 3..............|       ",
        " 3..............||||||  ",
        " 3...................|  ",
        " 3.......X...........|  ",
        " 3.............&.....|  ",
        " 222222..............|  ",
        "      2..............|  ",
        "      2..............|  ",
        "      2222222222222222  ",
        "                        "
      ]
    }
  }
]
