[
  {
    "type": "mapgen",
    "om_terrain": "lsm_house025_b",
    "weight": 250,
    "method": "json",
    "object": {
      "palettes": [ "lsm_residential", "lsm_residential_items", "lsm_residential_bsmt" ],
      "fill_ter": "t_thconc_floor",
      "rows": [
        "^^^^^^^^^^^^^^^^^^^^^^^^",
        "^^^^^^^^^^^^^^^^^^^^^^^^",
        "^^^^^^^^^^^^^^^^^^^^^^^^",
        "^^^^^^^^^^^^^^^^^^^^^^^^",
        "^^####################^^",
        "^^#zzzz     g  !    b#^^",
        "^^#zzz               #^^",
        "^^#zz  #        #    #^^",
        "^^#                UU#^^",
        "^^#                 N#^^",
        "^^#<                N#^^",
        "^^#              T  q#^^",
        "^^#W   #        #   q#^^",
        "^^#                  #^^",
        "^^#Z S               #^^",
        "^^####################^^",
        "^^^^^^^^^^^^^^^^^^^^^^^^",
        "^^^^^^^^^^^^^^^^^^^^^^^^",
        "^^^^^^^^^^^^^^^^^^^^^^^^",
        "^^^^^^^^^^^^^^^^^^^^^^^^",
        "^^^^^^^^^^^^^^^^^^^^^^^^",
        "^^^^^^^^^^^^^^^^^^^^^^^^",
        "^^^^^^^^^^^^^^^^^^^^^^^^",
        "^^^^^^^^^^^^^^^^^^^^^^^^"
      ],
      "furniture": { "!": "f_home_furnace" }
    }
  },
  {
    "type": "mapgen",
    "om_terrain": "lsm_house025_1",
    "weight": 250,
    "method": "json",
    "object": {
      "palettes": [
        "lsm_residential",
        "lsm_residential_items",
        "lsm_residential_ground",
        "lsm_residential_lino_ktch",
        "lsm_residential_lino_bth"
      ],
      "fill_ter": "t_floor",
      "rows": [
        "........p!----!.........",
        ".%.......!----!.....X...",
        ".........!----!.......%.",
        "......jjj------jjj......",
        "..##oo####o*o#####oo##..",
        "..#@@C D|L  l H|C   D#..",
        "..o@@   |$  l H|@@  yo..",
        "..o     |V     |@@   o..",
        "..#ddy  |y  HHH|C  dd#..",
        "..#||||+|| ||||||+|||#..",
        "..#>+        $$ ___66#^.",
        "..#|||+|R       _____#..",
        "..#888_|R   h   3___Y#..",
        "..#____|R   ff  2___Oo..",
        "..#tSBB|y  hffhy1F5JJ#..",
        "..##o#####*#oo####oo##..",
        ".........---............",
        "......u..---............",
        "..............{{{{{[[[[.",
        "............../````[?,[.",
        "..%...........{````~,,[.",
        "..............{````[,?[.",
        ".........%....{{{{{[[[[.",
        "........................"
      ],
      "terrain": {
        "#": "t_wall_r",
        "_": "t_linoleum_gray",
        "-": "t_concrete",
        "0": [ [ "t_shrub", 2 ], "t_shrub_strawberry", "t_shrub_blueberry" ],
        "%": [ [ "t_region_tree_nut", 5 ], [ "t_region_tree_shade", 4 ], [ "t_region_tree_fruit", 2 ] ],
        "/": "t_chickenwire_gate_c",
        "{": "t_chickenwire_fence",
        "[": "t_wall_wood",
        ",": "t_dirt",
        "`": [ [ "t_dirt", 2 ], "t_region_groundcover_urban" ],
        "~": "t_door_makeshift_o",
        "?": "t_dirt",
        "Y": "t_linoleum_gray",
        "!": "t_dirtmound"
      },
      "furniture": { "!": "f_region_flower", "$": "f_table" },
      "items": { "$": { "item": "table_foyer", "chance": 100 } },
      "monster": { "?": { "monster": "mon_chicken" } },
      "place_loot": [
        { "item": "straw_pile", "x": [ 20, 21 ], "y": [ 19, 21 ], "chance": 75, "repeat": [ 3, 5 ] },
        { "item": "birdfood", "x": [ 15, 18 ], "y": [ 19, 21 ], "chance": 50, "repeat": [ 2, 3 ] }
      ]
    }
  },
  {
    "type": "mapgen",
    "om_terrain": "lsm_house025_r",
    "weight": 250,
    "method": "json",
    "object": {
      "palettes": [ "lsm_residential_roof" ],
      "fill_ter": "t_open_air",
      "rows": [
        "                        ",
        "                        ",
        "                        ",
        "                        ",
        "  --------------------  ",
        "  3..................|  ",
        "  3..................|  ",
        "  3..................|  ",
        "  3..................|  ",
        "  3..................|  ",
        "  3..................5  ",
        "  3..................|  ",
        "  3...............=..|  ",
        "  3....N.............|  ",
        "  3..................|  ",
        "  22222222222222222222  ",
        "                        ",
        "                        ",
        "                   .... ",
        "                   .... ",
        "                   .... ",
        "                   .... ",
        "                   .... ",
        "                        "
      ]
    }
  }
]
