[
  {
    "//": "Variant 1: cell",
    "type": "mapgen",
    "om_terrain": "lsm_cabinstrange_b",
    "weight": 100,
    "method": "json",
    "object": {
      "palettes": [ "lsm_forest_ruinedbldg" ],
      "fill_ter": "t_rock",
      "rows": [
        "                        ",
        "                        ",
        "                        ",
        "                        ",
        "                        ",
        "                        ",
        "                        ",
        "                        ",
        "                        ",
        "             _[_!!_     ",
        "             _[_____    ",
        "             _[_____    ",
        "             _[_____    ",
        "             _[____     ",
        "           ___[[.[[     ",
        "           _<_____$     ",
        "           _______$     ",
        "           ___ $$       ",
        "                        ",
        "                        ",
        "                        ",
        "                        ",
        "                        ",
        "                        "
      ],
      "terrain": { "<": "t_ladder_up", "_": "t_dirtfloor", "[": "t_bars", "$": "t_dirtfloor", ".": "t_door_bar_locked" },
      "furniture": { "$": "f_crate_c", "!": "f_floor_mattress" },
      "items": {
        "$": [
          { "item": "foodintincan", "chance": 40, "repeat": [ 1, 2 ] },
          { "item": "cannedfood", "chance": 50, "repeat": [ 4, 5 ] },
          { "item": "cleaning", "chance": 30, "repeat": [ 1, 2 ] },
          { "item": "SUS_bathroom_medicine", "chance": 10, "repeat": [ 1, 2 ] }
        ]
      },
      "place_loot": [ { "item": "pot", "x": 18, "y": 13 } ]
    }
  },
  {
    "//": "Variant 2: book ",
    "type": "mapgen",
    "om_terrain": "lsm_cabinstrange_b",
    "weight": 100,
    "method": "json",
    "object": {
      "palettes": [ "lsm_forest_ruinedbldg" ],
      "fill_ter": "t_rock",
      "rows": [
        "                        ",
        "                        ",
        "                        ",
        "                        ",
        "                        ",
        "                        ",
        "                        ",
        "                        ",
        "                        ",
        "                        ",
        "                        ",
        "                        ",
        "                        ",
        "                        ",
        "                        ",
        "         ___<____%      ",
        "         ________%      ",
        "         ________!      ",
        "         _________      ",
        "         _________      ",
        "         _________      ",
        "         _________      ",
        "         __`!!!`__      ",
        "                        "
      ],
      "terrain": { "_": "t_dirtfloor", "<": "t_ladder_up", "%": "t_dirtfloor", "`": "t_dirtfloor", "!": "t_dirtfloor" },
      "furniture": { "!": "f_table", "%": "f_bed", "`": "f_brazier" },
      "place_loot": [
        { "item": "candle", "x": [ 9, 17 ], "y": [ 16, 20 ], "chance": 50, "repeat": [ 10, 15 ] },
        { "item": "paper", "x": [ 9, 17 ], "y": [ 15, 20 ], "chance": 50, "repeat": [ 20, 40 ] },
        { "item": "candle", "x": 12, "y": 22 },
        { "item": "candle", "x": 14, "y": 22 },
        { "item": "glock_17", "x": 17, "y": 17 },
        { "item": "etched_skull", "x": 14, "y": 21 },
        { "item": "holybook_satanic", "x": 13, "y": 22 }
      ]
    }
  },
  {
    "//": "Variant 3: Collapsed Tunnel ",
    "type": "mapgen",
    "om_terrain": "lsm_cabinstrange_b",
    "weight": 100,
    "method": "json",
    "object": {
      "palettes": [ "lsm_forest_ruinedbldg" ],
      "fill_ter": "t_rock",
      "rows": [
        "                        ",
        "                        ",
        "                        ",
        "                        ",
        "                        ",
        "                        ",
        "                        ",
        "                        ",
        "                        ",
        "                        ",
        "                        ",
        "       QQQ              ",
        "       QQ__  ___Q       ",
        "       ____  ___Q       ",
        "       _________Q       ",
        "      __  __<__         ",
        "      _________      ** ",
        "       ______________X* ",
        "       _____  s_______  ",
        "       QQQ              ",
        "       QQ               ",
        "                        ",
        "                        ",
        "                        "
      ],
      "terrain": {
        "<": "t_ladder_up",
        "_": "t_dirtfloor",
        "s": "t_dirtfloor",
        "*": "t_dirtmound",
        "Q": "t_dirtmound",
        "X": "t_dirtmound"
      },
      "furniture": { "s": "f_tourist_table", "*": [ [ "f_boulder_medium", 3 ], "f_boulder_large" ] },
      "items": {
        "X": [
          { "item": "corpse_male", "chance": 100 },
          { "item": "flask_liquor", "chance": 100 },
          { "item": "guns_pistol_common", "chance": 100 },
          { "item": "clothing_outdoor_set", "chance": 100 },
          { "item": "rock_debris", "chance": 100, "repeat": [ 2, 3 ] },
          { "item": "rock_debris_soil", "chance": 100, "repeat": [ 4, 5 ] }
        ],
        "s": [
          { "item": "bags", "chance": 100 },
          { "item": "softdrinks_canned", "chance": 100, "repeat": [ 2, 5 ] },
          { "item": "snacks", "chance": 100, "repeat": [ 2, 5 ] }
        ],
        "Q": { "item": "rock_debris_soil", "chance": 100 }
      },
      "place_loot": [
        { "item": "oil_lamp", "x": 19, "y": 18 },
        { "item": "2x4", "x": 10, "y": [ 16, 15 ], "chance": 100, "repeat": [ 8, 12 ] },
        { "item": "mp3", "x": 21, "y": 18 },
        { "item": "shovel", "x": 21, "y": 18 }
      ]
    }
  },
  {
    "//": "Variant 1: covered",
    "type": "mapgen",
    "om_terrain": "lsm_cabinstrange_1",
    "weight": 250,
    "method": "json",
    "object": {
      "palettes": [ "lsm_forest", "lsm_forest_ruinedbldg" ],
      "fill_ter": "t_region_groundcover_forest",
      "rows": [
        "                        ",
        "                        ",
        "             ****       ",
        "             ****       ",
        "             ****       ",
        "    :                   ",
        "                        ",
        "        :        :      ",
        "     |||/=/|||#=||||    ",
        "     |__:__:_|:____|    ",
        "     =:______|_::__|:   ",
        "     /_____:_+_____|    ",
        "     |_:::_:_|___:_/:   ",
        "     |_____:_|__:__=    ",
        "     |||/||/||__:__+    ",
        "     |____::K|_____=:   ",
        "     /_:___::|_:___| ~~ ",
        "    :=___:_:_|_:_:_|: ~ ",
        "    :|_:::___+__:__/    ",
        "    :|_:__:__|____:|    ",
        "     |||0/||||||=|||    ",
        "                        ",
        "                        ",
        "                        "
      ],
      "terrain": { "_": "t_floor", ":": "t_floor_noroof", "K": [ [ "t_ladder_down", 2 ], [ "t_floor", 1 ] ], "~": "t_pit_shallow" },
      "furniture": { "K": [ "f_rubble_rock", "f_null" ] },
      "place_vehicles": [ { "vehicle": "quad_bike", "x": 15, "y": 3, "chance": 30, "fuel": 80, "status": 50, "rotation": 0 } ],
      "place_loot": [
        { "item": "pine_bough", "x": [ 13, 16 ], "y": [ 2, 4 ], "chance": 100, "repeat": [ 30, 40 ] },
        { "group": "rock_debris", "x": [ 6, 18 ], "y": [ 9, 19 ], "repeat": [ 10, 20 ] }
      ]
    }
  },
  {
    "type": "mapgen",
    "om_terrain": "lsm_cabinstrange_r",
    "weight": 250,
    "method": "json",
    "object": {
      "fill_ter": "t_open_air",
      "rows": [
        "                        ",
        "                        ",
        "                        ",
        "                        ",
        "                        ",
        "                        ",
        "                        ",
        "                        ",
        "     ...............    ",
        "     ... .. .. .....    ",
        "     . ........  ...    ",
        "     ...... ........    ",
        "     ..   . ..... ..    ",
        "     ...... .... ...    ",
        "     ........... ...    ",
        "     ..... .........    ",
        "     .. ... ... ....    ",
        "     .... . ... . ..    ",
        "     .    ...... ...    ",
        "     .. .. ....... .    ",
        "     ...............    ",
        "                        ",
        "                        ",
        "                        "
      ],
      "terrain": { ".": "t_shingle_flat_roof" }
    }
  }
]
