[
  {
    "type": "GENERIC",
    "id": "lsm_money_one",
    "name": { "str": "one dollar bill" },
    "description": "A one dollar bill, pretty useless now though.",
    "weight": "1 g",
    "to_hit": -3,
    "color": "green",
    "symbol": ",",
    "material": [ "paper" ],
    "volume": "1 ml",
    "price": 0
  },
  {
    "type": "GENERIC",
    "id": "lsm_money_ten",
    "name": { "str": "ten dollar bill" },
    "description": "A ten dollar bill, pretty useless now though.",
    "weight": "1 g",
    "to_hit": -3,
    "color": "green",
    "symbol": ",",
    "material": [ "paper" ],
    "volume": "1 ml",
    "price": 0
  },
  {
    "type": "GENERIC",
    "id": "lsm_money_twenty",
    "name": { "str": "twenty dollar bill" },
    "description": "A twenty dollar bill, pretty useless now though.",
    "weight": "1 g",
    "to_hit": -3,
    "color": "green",
    "symbol": ",",
    "material": [ "paper" ],
    "volume": "1 ml",
    "price": 0
  },
  {
    "id": "lsm_coin_quarter",
    "type": "GENERIC",
    "category": "other",
    "name": { "str": "coin" },
    "description": "A now-ancient form of currency.  Stripped of its original purpose, it now serves, faithfully, flippant Flippists for free.",
    "weight": "6 g",
    "volume": "1 ml",
    "price": 25,
    "price_postapoc": 1,
    "material": [ "silver" ],
    "symbol": "o",
    "color": "light_gray",
    "use_action": [ "COIN_FLIP" ]
  },
  {
    "id": "lsm_coin_nickel",
    "type": "GENERIC",
    "category": "other",
    "name": { "str": "coin" },
    "description": "An ancient form of currency bearing the inscription \"E PLURIBUS UNUM.\"",
    "weight": "5 g",
    "volume": "1 ml",
    "price": 5,
    "price_postapoc": 9,
    "material": [ "copper" ],
    "symbol": "o",
    "color": "light_gray",
    "use_action": [ "COIN_FLIP" ]
  }
]
