[
  {
    "type": "COMESTIBLE",
    "id": "bell_pepper",
    "name": { "str": "bell pepper" },
    "weight": "113 g",
    "color": "green",
    "comestible_type": "FOOD",
    "symbol": "%",
    "quench": 2,
    "healthy": 1,
    "calories": 31,
    "description": "A green bell pepper.  It could be cooked.",
    "price": 20,
    "material": [ "veggy" ],
    "volume": "250 ml",
    "flags": [ "SMOKABLE", "RAW" ],
    "smoking_result": "dry_veggy",
    "fun": -5,
    "vitamins": [ [ "calcium", 2 ], [ "vitC", 12 ], [ "vitA", 8 ] ]
  },
  {
    "type": "COMESTIBLE",
    "id": "cooked_bell_pepper",
    "name": { "str": "cooked bell pepper" },
    "copy-from": "bell_pepper",
    "color": "green",
    "spoils_in": "2 days",
    "description": "A cored and cooked bell pepper.  It is far more enjoyable now that the seeds are removed.",
    "price": 0,
    "delete": { "flags": [ "RAW" ] },
    "fun": 1,
    "vitamins": [ [ "vitC", 32 ], [ "vitA", 40 ], [ "calcium", 4 ] ]
  },
  {
    "type": "COMESTIBLE",
    "id": "seed_bell_pepper",
    "copy-from": "seed",
    "price": 50,
    "name": { "str_sp": "bell pepper seeds" },
    "description": "Some bell pepper seeds.",
    "seed_data": { "plant_name": "bell pepper", "fruit": "bell_pepper", "byproducts": [ "withered" ], "grow": "70 days" }
  }
]
