[
  {
    "id": "porkbelly",
    "copy-from": "flesh",
    "type": "COMESTIBLE",
    "name": { "str": "chunk of porkbelly", "str_pl": "chunks of porkbelly" },
    "description": "Fatty cut of pork from the belly, popular in some cuisine.  With proper technique, can be used to create bacon.  Not safe to consume in its current raw form.",
    "weight": "296 g",
    "volume": "250 ml",
    "price": 650,
    "price_postapoc": 150,
    "spoils_in": "1 day",
    "calories": 1300,
    "healthy": -1,
    "fun": -10,
    "vitamins": [ [ "vitC", 0 ], [ "calcium", 0 ], [ "iron", 0 ], [ "vitB", 0 ] ],
    "flags": [ "SMOKABLE", "RAW" ],
    "smoking_result": "meat_smoked"
  }
]
