[
  {
    "type": "palette",
    "id": "lsm_apartments",
    "//": "terrain and furniture. Add item spawn tags in addition to this palette. ",
    "furniture": {
      "a": "f_fireplace",
      "b": "f_bigmirror",
      "d": "f_dresser",
      "f": "f_table",
      "h": "f_chair",
      "i": "f_bench",
      "k": "f_woodstove",
      "l": "f_coffee_table",
      "m": "f_glass_fridge",
      "n": "f_dishwasher",
      "q": "f_rack",
      "r": "f_desk",
      "s": "f_table",
      "v": "f_safe_l",
      "w": "f_rack_wood",
      "x": "f_entertainment_center",
      "y": [ "f_indoor_plant", "f_indoor_plant_y" ],
      "z": "f_cardboard_box",
      "A": "f_stool",
      "B": "f_bathtub",
      "C": "f_table",
      "D": "f_wardrobe",
      "E": "f_armchair",
      "F": "f_fridge",
      "H": "f_sofa",
      "I": "f_desk",
      "J": "f_counter",
      "L": "f_rack_coat",
      "N": "f_workbench",
      "O": "f_oven",
      "P": "f_filing_cabinet",
      "Q": "f_rack_wood",
      "R": "f_bookcase",
      "S": "f_sink",
      "§": "f_floor_lamp",
      "U": "f_utility_shelf",
      "V": "f_glass_cabinet",
      "W": "f_washer",
      "Y": "f_trashcan",
      "Z": "f_dryer",
      "1": "f_cupboard",
      "2": "f_cupboard",
      "3": "f_cupboard",
      "4": "f_cupboard",
      "5": "f_sink",
      "6": "f_rack_wood",
      "7": "f_cupboard",
      "8": "f_counter",
      "9": "f_shower",
      "@": "f_bed"
    }
  },
  {
    "type": "palette",
    "id": "lsm_apartments_items",
    "//": "used in conjunction with lsm_apartments. Load this palette after lsm_apartments.",
    "items": {
      "a": { "item": "stash_wood", "chance": 30, "repeat": [ 2, 5 ] },
      "d": [
        { "item": "SUS_dresser_mens", "chance": 50, "repeat": [ 1, 2 ] },
        { "item": "SUS_dresser_womens", "chance": 50, "repeat": [ 1, 2 ] }
      ],
      "f": [
        { "item": "dishes_dining", "chance": 30 },
        { "item": "tea_dishes", "chance": 10, "repeat": [ 1, 2 ] },
        { "item": "baked_goods", "chance": 5 },
        { "item": "groce_condiment", "chance": 10, "repeat": [ 1, 2 ] },
        { "item": "dining", "chance": 10 }
      ],
      "l": [
        { "item": "elecsto_persele", "chance": 10, "repeat": [ 1, 3 ] },
        { "item": "livingroom", "chance": 10, "repeat": [ 1, 3 ] }
      ],
      "s": [
        { "item": "consumer_electronics", "chance": 10, "repeat": [ 1, 3 ] },
        { "item": "livingroom", "chance": 10, "repeat": [ 1, 3 ] }
      ],
      "m": { "item": "SUS_fridge", "chance": 80 },
      "n": { "item": "SUS_dishwasher", "chance": 70 },
      "q": [
        { "item": "tools_home", "chance": 40 },
        { "item": "cleaning", "chance": 30, "repeat": [ 1, 2 ] },
        { "item": "mechanics", "chance": 1, "repeat": [ 1, 2 ] },
        { "item": "camping", "chance": 10 },
        { "item": "tools_survival", "chance": 5, "repeat": [ 1, 2 ] }
      ],
      "r": [ { "item": "office_paper", "chance": 5 }, { "item": "office", "chance": 25 } ],
      "v": [
        { "item": "home_display_case", "chance": 30 },
        { "item": "guns_pistol_common", "chance": 50, "ammo": 90, "magazine": 100 }
      ],
      "w": [
        { "item": "shower", "chance": 20 },
        { "item": "cleaning", "chance": 30, "repeat": [ 1, 2 ] },
        { "item": "bed", "chance": 30, "repeat": [ 1, 2 ] }
      ],
      "x": { "item": "consumer_electronics", "chance": 10, "repeat": [ 1, 3 ] },
      "B": { "item": "shower", "chance": 10, "repeat": [ 1, 2 ] },
      "C": { "item": "nightstand", "chance": 30, "repeat": [ 1, 2 ] },
      "D": [
        { "item": "SUS_wardrobe_mens", "chance": 50, "repeat": [ 1, 2 ] },
        { "item": "SUS_wardrobe_womens", "chance": 50, "repeat": [ 1, 2 ] }
      ],
      "F": { "item": "SUS_fridge", "chance": 100 },
      "I": [ { "item": "SUS_desks_bedroom_unisex", "chance": 5 }, { "item": "office", "chance": 25 } ],
      "J": { "item": "kitchen_counters", "chance": 5 },
      "L": { "item": "unisex_coat_rack", "chance": 30, "repeat": [ 1, 4 ] },
      "N": [
        { "item": "tools_common", "chance": 20, "repeat": [ 1, 2 ] },
        { "item": "hardware", "chance": 30, "repeat": [ 1, 2 ] },
        { "item": "cleaning", "chance": 10, "repeat": [ 1, 2 ] }
      ],
      "O": { "item": "SUS_oven", "chance": 100 },
      "P": { "item": "office_paper", "chance": 100 },
      "Q": [
        { "item": "shower", "chance": 20 },
        { "item": "cleaning", "chance": 30, "repeat": [ 1, 2 ] },
        { "item": "bed", "chance": 30, "repeat": [ 1, 2 ] }
      ],
      "R": { "item": "homebooks", "chance": 30, "repeat": [ 1, 4 ] },
      "S": [ { "item": "SUS_bathroom_sink", "chance": 80 }, { "item": "SUS_bathroom_medicine", "chance": 20 } ],
      "U": [
        { "item": "home_hw", "chance": 20, "repeat": [ 1, 2 ] },
        { "item": "cleaning", "chance": 40, "repeat": [ 1, 2 ] },
        { "item": "camping", "chance": 5, "repeat": [ 1, 2 ] }
      ],
      "V": { "item": "home_display_case", "chance": 50 },
      "Y": { "item": "trash", "chance": 30, "repeat": [ 1, 4 ] },
      "1": [ { "item": "SUS_dishes", "chance": 100 }, { "item": "SUS_silverware", "chance": 100 } ],
      "2": { "item": "SUS_cookware", "chance": 100 },
      "3": [ { "item": "SUS_utensils", "chance": 50 }, { "item": "SUS_knife_drawer", "chance": 50 } ],
      "4": { "item": "SUS_junk_drawer", "chance": 100 },
      "5": { "item": "SUS_kitchen_sink", "chance": 100 },
      "6": [ { "item": "SUS_pantry", "chance": 25 }, { "item": "cannedfood", "chance": 20, "repeat": [ 1, 2 ] } ],
      "7": [ { "item": "SUS_breakfast_cupboard", "chance": 30 }, { "item": "SUS_coffee_cupboard", "chance": 50 } ],
      "8": [
        { "item": "SUS_hair_drawer", "chance": 30 },
        { "item": "SUS_bathroom_cabinet", "chance": 30 },
        { "item": "SUS_bathroom_medicine", "chance": 30 },
        { "item": "harddrugs", "chance": 2 }
      ],
      "9": { "item": "shower", "chance": 30, "repeat": [ 1, 2 ] },
      "@": { "item": "bed", "chance": 50 },
      "Z": { "item": "laundry", "chance": 100 },
      "W": { "item": "laundry", "chance": 50 },
      "z": [
        { "item": "allsporting", "chance": 40, "repeat": [ 1, 2 ] },
        { "item": "chem_home", "chance": 50, "repeat": [ 1, 2 ] },
        { "item": "child_items", "chance": 30, "repeat": [ 1, 2 ] },
        { "item": "stash_drugs", "chance": 1 },
        { "item": "maps", "chance": 7 }
      ]
    }
  },
  {
    "type": "palette",
    "id": "lsm_apartments_bsmt",
    "//": "Intended to be used in conjunction with lsm_apartments. Load the residential palette first, then this one to overwrite certain common symbols with ones more appropriate for basements.  Symbols still open for use: ! $ % & _ = ~ - ? / , and more",
    "terrain": {
      "^": "t_rock",
      "#": "t_concrete_wall",
      "_": "t_floor",
      ".": "t_thconc_floor",
      "c": "t_null",
      "|": "t_wall",
      "?": "t_generator_broken",
      "{": "t_machinery_heavy",
      "}": "t_machinery_light",
      "[": "t_sai_box",
      "<": "t_stairs_up",
      ">": "t_stairs_down",
      "j": "t_elevator",
      "K": "t_elevator_control",
      "G": "t_elevator_control_off",
      "X": "t_console_broken",
      "u": "t_atm"
    },
    "monsters": {
      "!": [ { "monster": "GROUP_ROACH", "chance": 70 }, { "monster": "GROUP_ZOMBIE", "chance": 100 } ],
      ".": [ { "monster": "GROUP_ROACH", "chance": 80 }, { "monster": "GROUP_ZOMBIE", "chance": 60 } ]
    }
  },
  {
    "type": "palette",
    "id": "lsm_apartments_lino_ktch",
    "//": "Intended to be used in conjunction with lsm_apartments. Load the residential palette first, then this one to add gray linoleum flooring under kitchen furniture",
    "terrain": {
      "O": "t_linoleum_gray",
      "F": "t_linoleum_gray",
      "m": "t_linoleum_gray",
      "5": "t_linoleum_gray",
      "n": "t_linoleum_gray",
      "J": "t_linoleum_gray",
      "1": "t_linoleum_gray",
      "2": "t_linoleum_gray",
      "3": "t_linoleum_gray",
      "4": "t_linoleum_gray",
      "6": "t_linoleum_gray",
      "7": "t_linoleum_gray"
    }
  },
  {
    "type": "palette",
    "id": "lsm_apartments_lino_bth",
    "//": "Intended to be used in conjunction with lsm_apartments. Load the residential palette first, then this one to add gray linoleum flooring under bathroom furniture",
    "terrain": {
      "B": "t_linoleum_gray",
      "9": "t_linoleum_gray",
      "t": "t_linoleum_gray",
      "S": "t_linoleum_gray",
      "8": "t_linoleum_gray",
      "Q": "t_linoleum_gray",
      "w": "t_linoleum_gray"
    }
  }
]
