[
  {
    "type": "palette",
    "id": "lsm_commercial_furniture",
    "//": "terrain and furniture. Add item spawn tags in addition to this palette. ",
    "furniture": {
      "a": "f_table",
      "b": "f_table",
      "c": "f_table",
      "d": "f_table",
      "e": "f_counter",
      "f": "f_counter",
      "g": "f_counter",
      "h": "f_counter",
      "i": "f_counter_gate_c",
      "k": "f_rack_wood",
      "l": "f_rack_wood",
      "m": "f_rack_wood",
      "n": "f_rack_wood",
      "q": "f_cupboard",
      "r": "f_cupboard",
      "s": "f_cupboard",
      "v": "f_cupboard",
      "w": "f_rack",
      "x": "f_rack",
      "y": "f_rack",
      "z": "f_rack",
      "A": "f_utility_shelf",
      "B": "f_utility_shelf",
      "C": "f_utility_shelf",
      "D": "f_utility_shelf",
      "E": "f_workbench",
      "F": "f_workbench",
      "H": "f_cardboard_box",
      "I": "f_cardboard_box",
      "J": "f_cardboard_box",
      "L": "f_cardboard_box",
      "M": "f_trashcan",
      "N": "f_trashcan",
      "O": "f_vending_c",
      "P": "f_vending_c",
      "Q": "f_coffee_table",
      "R": "f_coffee_table",
      "V": "f_recycle_bin",
      "W": "f_locker",
      "Y": "f_locker",
      "Z": "f_locker",
      "!": "f_clothing_rail",
      "@": "f_clothing_rail",
      ";": "f_clothing_rail",
      "Ћ": "f_clothing_rail",
      "ɸ": "f_bulletin",
      "?": "f_bulletin",
      "¢": "f_crate_c",
      "£": "f_crate_c",
      "§": "f_crate_c",
      "ª": "f_crate_c",
      "²": "f_air_conditioner",
      "³": "f_desk",
      "È": "f_desk",
      "Ì": "f_desk",
      "Ð": "f_desk",
      "Ñ": "f_chair",
      "Ü": "f_chair",
      "Ý": "f_chair",
      "Þ": "f_bench",
      "ß": "f_bench",
      "ç": "f_sofa",
      "÷": "f_sofa",
      "Ǧ": "f_armchair",
      "Ŕ": "f_armchair",
      "ɷ": "f_stool",
      "ɲ": "f_stool",
      "ʞ": "f_filing_cabinet",
      "ͳ": "f_filing_cabinet",
      "Ϟ": "f_filing_cabinet",
      "Ш": "f_bookcase",
      "ŧ": "f_bookcase",
      "Ƒ": "f_speaker_cabinet",
      "ſ": "f_sink",
      "Ə": "f_sink",
      "Ƌ": "f_displaycase",
      "ƈ": "f_displaycase",
      "Ɠ": "f_displaycase",
      "Ʊ": "f_displaycase",
      "ǐ": "f_glass_cabinet",
      "ǘ": "f_glass_cabinet",
      "ȹ": "f_glass_fridge",
      "ʗ": "f_glass_fridge",
      "ʓ": "f_glass_fridge",
      "ʐ": "f_fridge",
      "ʬ": "f_fridge",
      "ʪ": "f_oven",
      "ʶ": "f_oven",
      "˝": "f_sink",
      "ˤ": "f_sink",
      "Ț": "f_dishwasher",
      "Ⱦ": "f_dishwasher",
      "ʝ": "f_washer",
      "ʘ": "f_dryer",
      "˾": "f_bathtub",
      "ͱ": "f_shower",
      "Ξ": "f_safe_l",
      "Λ": "f_safe_l",
      "Δ": "f_bigmirror",
      "Γ": "f_bigmirror",
      "ΐ": "f_rack_coat",
      "Π": "f_rack_coat",
      "Σ": "f_floor_lamp",
      "Φ": "f_floor_lamp",
      "Ω": [ "f_indoor_plant", "f_indoor_plant_y" ],
      "ε": [ "f_indoor_plant", "f_indoor_plant_y" ],
      "δ": "f_bed",
      "ΰ": "f_wardrobe",
      "χ": "f_ladder",
      "ଦ": "f_pool_table"
    }
  },
  {
    "type": "palette",
    "id": "lsm_commercial_items",
    "//": "used in conjunction with lsm_commercial_furniture. Load this palette after lsm_commercial_furniture.",
    "items": {
      "³": [ { "item": "office_supplies", "chance": 50, "repeat": [ 1, 2 ] } ],
      "Ξ": [ { "item": "lsm_safe_commercial", "chance": 50, "repeat": [ 2, 3 ] } ],
      "W": [ { "item": "lsm_locker_civilian", "chance": 40, "repeat": [ 2, 3 ] } ],
      "Ð": [ { "item": "elecsto_pcs", "chance": 100 } ],
      "ʞ": [ { "item": "lsm_filingcabinet", "chance": 50, "repeat": [ 2, 3 ] } ],
      "ʪ": [ { "item": "SUS_oven", "chance": 50, "repeat": [ 2, 3 ] } ],
      "ΐ": [ { "item": "lsm_coatrack", "chance": 50, "repeat": [ 2, 4 ] } ],
      "M": [ { "item": "trash", "chance": 50, "repeat": [ 3, 5 ] } ],
      "ଦ": [ { "item": "pool_table", "chance": 30, "repeat": [ 1, 2 ] } ]
    }
  },
  {
    "type": "palette",
    "id": "lsm_commercial_items_looted",
    "//": "used in conjunction with lsm_commercial_furniture. Load this palette after lsm_commercial_furniture.",
    "furniture": { "Ξ": "f_safe_o", "Λ": "f_safe_o" },
    "items": {
      "³": [ { "item": "office_supplies", "chance": 25, "repeat": [ 1, 2 ] } ],
      "W": [ { "item": "lsm_locker_civilian", "chance": 50, "repeat": [ 3, 5 ] } ],
      "Ð": [ { "item": "elecsto_pcs", "chance": 10 } ],
      "ʞ": [ { "item": "lsm_filingcabinet", "chance": 20, "repeat": [ 3, 5 ] } ],
      "ʪ": [ { "item": "lsm_filingcabinet", "chance": 20, "repeat": [ 3, 5 ] } ],
      "ΐ": [ { "item": "lsm_coatrack", "chance": 20, "repeat": [ 2, 4 ] } ],
      "M": [ { "item": "trash", "chance": 50, "repeat": [ 3, 5 ] } ],
      "ଦ": [ { "item": "pool_table", "chance": 30, "repeat": [ 1, 2 ] } ]
    }
  },
  {
    "type": "palette",
    "id": "lsm_commercial_butcher",
    "//": "used in conjunction with lsm_commercial_furniture. Load this palette after lsm_commercial_furniture.",
    "items": {
      "ʐ": [ { "item": "butcher_raw_meat", "chance": 50, "repeat": [ 1, 2 ] } ],
      "e": [ { "item": "butcher_tools", "chance": 50, "repeat": [ 1, 2 ] } ],
      "w": [ { "item": "lsm_butcher_fridge", "chance": 50, "repeat": [ 1, 2 ] } ],
      "x": [ { "item": "lsm_butcher_shelfstable", "chance": 50, "repeat": [ 1, 2 ] } ],
      "ȹ": [ { "item": "lsm_butcher_packaged", "chance": 50, "repeat": [ 1, 2 ] } ],
      "y": [ { "item": "lsm_butcher_shelfcondiments", "chance": 50, "repeat": [ 1, 2 ] } ],
      "Y": [ { "item": "lsm_butcher_gearlocker", "chance": 50, "repeat": [ 1, 2 ] } ],
      "f": [ { "item": "lsm_cleaning_foodservice", "chance": 100, "repeat": [ 2, 3 ] } ],
      "Ш": [ { "item": "lsm_butcher_cookbooks", "chance": 50, "repeat": [ 1, 2 ] } ],
      "q": [ { "item": "lsm_butcher_behindcounter", "chance": 100, "repeat": [ 2, 3 ] } ]
    }
  },
  {
    "type": "palette",
    "id": "lsm_commercial_coffee",
    "//": "used in conjunction with lsm_commercial_furniture. Load this palette after lsm_commercial_furniture.",
    "items": {
      "ɸ": [ { "item": "newspaper", "chance": 100, "repeat": [ 2, 4 ] } ],
      "¢": [ { "item": "lsm_coffee_bulk", "chance": 100, "repeat": [ 20, 30 ] } ],
      "a": [ { "item": "coffee_trash", "chance": 10 }, { "item": "coffee_dishes", "chance": 15 } ],
      "Ш": [ { "item": "novels", "chance": 50, "repeat": [ 2, 4 ] }, { "item": "magazines", "chance": 50, "repeat": [ 2, 4 ] } ],
      "q": [ { "item": "coffee_dishes", "chance": 75, "repeat": [ 4, 8 ] } ],
      "g": [ { "item": "coffee_prep", "chance": 20 } ],
      "h": [ { "item": "coffee_condiments", "chance": 50, "repeat": [ 2, 4 ] } ],
      "ʗ": [ { "item": "pizza_soda", "chance": 50, "repeat": [ 2, 4 ] } ],
      "ȹ": [ { "item": "coffee_freezer", "chance": 50, "repeat": [ 2, 4 ] } ],
      "ƈ": [ { "item": "baked_goods", "chance": 85, "repeat": [ 2, 5 ] } ],
      "k": [ { "item": "coffee_newsstand", "chance": 90, "repeat": [ 1, 8 ] } ],
      "Ț": [ { "item": "coffee_dishes", "chance": 75, "repeat": [ 4, 8 ] } ],
      "ʪ": [ { "item": "oven", "chance": 80, "repeat": [ 1, 3 ] } ],
      "ʐ": [ { "item": "coffee_fridge", "chance": 80, "repeat": [ 2, 8 ] } ],
      "Ƌ": [ { "item": "coffee_display_2", "chance": 85, "repeat": [ 1, 8 ] } ],
      "Q": [ { "item": "coffee_table", "chance": 35 } ],
      "f": [ { "item": "coffee_counter", "chance": 20 } ],
      "N": [ { "item": "coffee_trash", "chance": 75, "repeat": [ 4, 6 ] } ]
    }
  },
  {
    "type": "palette",
    "id": "lsm_commercial_liquor",
    "//": "used in conjunction with lsm_commercial_furniture. Load this palette after lsm_commercial_furniture.",
    "items": {
      " ": [ { "item": "found_on_ground_inside", "chance": 3 } ],
      "k": [ { "item": "lsm_liquorstore_redwine", "chance": 40, "repeat": [ 1, 3 ] } ],
      "l": [ { "item": "lsm_liquorstore_whitewine", "chance": 40, "repeat": [ 1, 3 ] } ],
      "m": [ { "item": "lsm_liquorstore_fortwine", "chance": 40, "repeat": [ 1, 3 ] } ],
      "n": [ { "item": "lsm_liquorstore_specliquor", "chance": 40, "repeat": [ 1, 3 ] } ],
      "ª": [ { "item": "wines_worthy", "chance": 40, "repeat": [ 1, 3 ] } ],
      "Ƌ": [ { "item": "wines_worthy", "chance": 40, "repeat": [ 1, 3 ] } ],
      "ʓ": [ { "item": "softdrinks_canned", "chance": 100, "repeat": [ 2, 4 ] } ],
      "q": [ { "item": "lsm_liquorstore_empties", "chance": 50, "repeat": [ 5, 8 ] } ],
      "r": [ { "item": "lsm_store_packing", "chance": 50, "repeat": [ 2, 3 ] } ],
      "x": [ { "item": "lsm_liquorstore_spiritslight", "chance": 40, "repeat": [ 1, 2 ] } ],
      "y": [ { "item": "lsm_liquorstore_spiritsdark", "chance": 40, "repeat": [ 1, 2 ] } ],
      "z": [ { "item": "lsm_liquorstore_spiritsmisc", "chance": 40, "repeat": [ 1, 2 ] } ],
      "ʐ": [ { "item": "fridgesnacks", "chance": 100, "repeat": [ 3, 5 ] } ],
      "ʗ": [ { "item": "lsm_liquorstore_coldmisc", "chance": 40, "repeat": [ 1, 2 ] } ],
      "ȹ": [ { "item": "lsm_liquorstore_coldbeer", "chance": 40, "repeat": [ 1, 2 ] } ],
      "A": [ { "item": "lsm_liquorstore_specliquor", "chance": 40, "repeat": [ 1, 2 ] } ],
      "w": [ { "item": "beer", "chance": 40, "repeat": [ 2, 3 ] } ],
      "B": [ { "item": "lsm_liquorstore_spirits", "chance": 40, "repeat": [ 1, 2 ] } ],
      "H": [ { "item": "beer", "chance": 40, "repeat": [ 1, 2 ] } ],
      "¢": [ { "item": "lsm_liquorstore_expliquor", "c hance": 40, "repeat": [ 1, 2 ] } ],
      "ǐ": [ { "item": "lsm_liquorstore_expliquor", "chance": 40, "repeat": [ 1, 2 ] } ],
      "ϡ": { "item": "keg_beer", "chance": 25 }
    },
    "vehicles": { "ϗ": { "vehicle": "shopping_cart", "chance": 50, "status": 1 } }
  },
  {
    "type": "palette",
    "id": "lsm_commercial_liquor_looted",
    "//": "used in conjunction with lsm_commercial_furniture. Load this palette after lsm_commercial_furniture.",
    "items": {
      ",": [
        { "item": "found_on_ground_inside", "chance": 2 },
        { "item": "trash", "chance": 2, "repeat": [ 1, 2 ] },
        { "item": "lsm_liquorstore_coldbeer", "chance": 2 },
        { "item": "lsm_liquorstore_spiritslight", "chance": 2 }
      ],
      "k": [ { "item": "lsm_liquorstore_redwine", "chance": 5, "repeat": [ 1, 2 ] } ],
      "l": [ { "item": "lsm_liquorstore_whitewine", "chance": 5, "repeat": [ 1, 2 ] } ],
      "m": [ { "item": "lsm_liquorstore_fortwine", "chance": 5, "repeat": [ 1, 2 ] } ],
      "n": [ { "item": "lsm_liquorstore_specliquor", "chance": 5, "repeat": [ 1, 2 ] } ],
      "ʓ": [ { "item": "softdrinks_canned", "chance": 15, "repeat": [ 1, 2 ] } ],
      "q": [ { "item": "lsm_liquorstore_empties", "chance": 50, "repeat": [ 5, 8 ] } ],
      "r": [ { "item": "lsm_store_packing", "chance": 50, "repeat": [ 2, 3 ] } ],
      "x": [ { "item": "lsm_liquorstore_spiritslight", "chance": 5, "repeat": [ 1, 2 ] } ],
      "y": [ { "item": "lsm_liquorstore_spiritsdark", "chance": 5, "repeat": [ 1, 2 ] } ],
      "z": [ { "item": "lsm_liquorstore_spiritsmisc", "chance": 5, "repeat": [ 1, 2 ] } ],
      "ʐ": [ { "item": "fridgesnacks", "chance": 10, "repeat": [ 3, 5 ] } ],
      "ʗ": [ { "item": "lsm_liquorstore_coldmisc", "chance": 5, "repeat": [ 1, 2 ] } ],
      "ȹ": [ { "item": "lsm_liquorstore_coldbeer", "chance": 5, "repeat": [ 1, 2 ] } ],
      "A": [ { "item": "lsm_liquorstore_specliquor", "chance": 5, "repeat": [ 1, 2 ] } ],
      "w": [ { "item": "beer", "chance": 5, "repeat": [ 1, 2 ] } ],
      "B": [ { "item": "lsm_liquorstore_spirits", "chance": 5, "repeat": [ 1, 2 ] } ],
      "H": [ { "item": "beer", "chance": 5, "repeat": [ 1, 2 ] } ],
      "ϡ": { "item": "keg_beer", "chance": 5 }
    },
    "vehicles": { "ϗ": { "vehicle": "shopping_cart", "chance": 10, "status": 1 } },
    "nested": {
      "Ø": { "chunks": [ [ "building_glassdoor_1x1", 3 ], [ "building_glassdoorsmashed_1x1", 1 ] ] },
      "Ƌ": { "chunks": [ [ "building_displaycase_1x1", 1 ], [ "building_displaycase_smashed_1x1", 5 ] ] },
      ",": { "chunks": [ [ "lsm_liquorstore_breakv", 1 ], [ "lsm_liquorstore_breakb", 1 ], [ "null", 12 ] ] }
    }
  },
  {
    "type": "palette",
    "id": "lsm_commercial_bar_restaurant",
    "//": "used in conjunction with lsm_commercial_furniture. Load this palette after lsm_commercial_furniture.",
    "furniture": {
      "Ю": "f_counter",
      "Ԋ": "f_counter",
      "Й": "f_clothing_rail",
      "Л": "f_linen_stand",
      "Ϥ": "f_utility_shelf",
      "ϛ": "f_fridge",
      "ϙ": "f_fridge",
      "Ͼ": "f_utility_shelf",
      "Ͽ": "f_utility_shelf",
      "Љ": "f_utility_shelf",
      "Џ": "f_utility_shelf",
      "Д": "f_piano",
      "Щ": "f_pinball_machine"
    },
    "item": {
      " ": [ { "item": "dinner_napkin", "chance": 1 } ],
      "w": [ { "item": "glass", "chance": 100, "repeat": [ 4, 6 ] } ],
      "x": [ { "item": "wine_glass", "chance": 100, "repeat": [ 4, 6 ] } ],
      "D": [
        { "item": "knife_steak", "chance": 100, "repeat": [ 10, 12 ] },
        { "item": "fork", "chance": 100, "repeat": [ 10, 12 ] },
        { "item": "spoon", "chance": 100, "repeat": [ 10, 12 ] },
        { "item": "dinner_napkin", "chance": 100, "repeat": [ 10, 12 ] }
      ],
      "Ț": [ { "item": "ceramic_plate", "chance": 100, "repeat": [ 6, 12 ] } ],
      "C": [ { "item": "ceramic_plate", "chance": 100, "repeat": [ 6, 12 ] } ],
      "Ͼ": [ { "item": "box_medium", "chance": 100, "repeat": [ 1, 2 ] } ],
      "Љ": [ { "item": "box_medium", "chance": 100, "repeat": [ 1, 2 ] } ],
      "ʬ": [ { "item": "egg_chicken", "prob": 50, "repeat": [ 10, 14 ] } ]
    },
    "items": {
      "»": [ { "item": "lsm_bar_floor", "chance": 3 } ],
      "Ƌ": [ { "item": "lsm_sports_memorabilia", "chance": 75, "repeat": [ 1, 2 ] } ],
      "Й": [ { "item": "lsm_restaurant_uniform", "chance": 75, "repeat": [ 1, 2 ] } ],
      "Л": [ { "item": "lsm_restaurant_laundry", "chance": 75, "repeat": [ 2, 3 ] } ],
      "¢": [ { "item": "lsm_liquorstore_coldbeer", "chance": 50, "repeat": [ 2, 3 ] } ],
      "£": [ { "item": "lsm_liquorstore_coldmisc", "chance": 50, "repeat": [ 2, 3 ] } ],
      "m": [ { "item": "lsm_liquorstore_spiritslight", "chance": 50, "repeat": [ 2, 3 ] } ],
      "n": [ { "item": "lsm_liquorstore_spiritsdark", "chance": 50, "repeat": [ 3, 5 ] } ],
      "k": [ { "item": "lsm_liquorstore_redwine", "chance": 50, "repeat": [ 1, 2 ] } ],
      "l": [ { "item": "lsm_liquorstore_whitewine", "chance": 50, "repeat": [ 1, 2 ] } ],
      "ʗ": [
        { "item": "lsm_liquorstore_coldbeer", "chance": 50, "repeat": [ 1, 2 ] },
        { "item": "lsm_liquorstore_coldmisc", "chance": 50, "repeat": [ 1, 2 ] }
      ],
      "ʐ": [ { "item": "softdrinks_canned", "chance": 50, "repeat": [ 2, 3 ] } ],
      "L": [ { "item": "lsm_liquorstore_redwine", "chance": 50, "repeat": [ 2, 3 ] } ],
      "J": [ { "item": "lsm_liquorstore_whitewine", "chance": 50, "repeat": [ 2, 3 ] } ],
      "Ϧ": { "item": "keg_beer", "chance": 100 },
      "Ͽ": { "item": "lsm_restaurant_bulksauce", "chance": 50, "repeat": [ 1, 2 ] },
      "Ͼ": [ { "item": "lsm_restaurant_produce", "chance": 50, "repeat": [ 3, 5 ] } ],
      "Љ": [ { "item": "lsm_restaurant_meat", "chance": 50, "repeat": [ 2, 4 ] } ],
      "Џ": [ { "item": "lsm_restaurant_dairy", "chance": 50, "repeat": [ 2, 5 ] } ],
      "Ə": [ { "item": "lsm_cleaning_foodservice", "chance": 50, "repeat": [ 2, 3 ] } ],
      "ʬ": [ { "item": "lsm_restaurant_dairy", "chance": 40, "repeat": [ 2, 3 ] } ],
      "ϛ": [ { "item": "lsm_restaurant_meat", "chance": 40, "repeat": [ 2, 3 ] } ],
      "ϙ": [ { "item": "lsm_restaurant_produce", "chance": 40, "repeat": [ 2, 3 ] } ],
      "H": [ { "item": "lsm_restaurant_bulkoil", "chance": 50, "repeat": [ 1, 2 ] } ],
      "y": [ { "item": "clothing_outdoor_shoes", "chance": 50, "repeat": [ 2, 3 ] } ],
      "Ϥ": [ { "item": "lsm_restaurant_cooking_utensils", "chance": 50, "repeat": [ 1, 2 ] } ],
      "d": [ { "item": "office_breakroom", "chance": 25 } ],
      "h": [ { "item": "lsm_restaurant_preptable", "chance": 30, "repeat": [ 1, 2 ] } ]
    },
    "nested": {
      "f": {
        "chunks": [
          [ "lsm_restaurant_patronmeal", 3 ],
          [ "lsm_bar_patrondrink", 3 ],
          [ "lsm_bar_patronbill", 1 ],
          [ "lsm_restaurant_patronbill", 1 ],
          [ "null", 14 ]
        ]
      },
      "b": {
        "chunks": [
          [ "lsm_restaurant_patronmeal", 3 ],
          [ "lsm_bar_patrondrink", 3 ],
          [ "lsm_bar_patronbill", 1 ],
          [ "lsm_restaurant_patronbill", 1 ],
          [ "null", 14 ]
        ]
      },
      "a": { "chunks": [ [ "lsm_bar_patrondrink", 3 ], [ "lsm_bar_patronbill", 1 ], [ "null", 14 ] ] },
      "c": {
        "chunks": [
          [ "lsm_restaurant_patronmeal", 3 ],
          [ "lsm_bar_patrondrink", 3 ],
          [ "lsm_bar_patronbill", 1 ],
          [ "lsm_restaurant_patronbill", 1 ],
          [ "null", 14 ]
        ]
      },
      "Ԋ": { "chunks": [ [ "lsm_bar_patrondrink", 3 ], [ "lsm_bar_patronbill", 1 ], [ "null", 13 ] ] },
      "g": { "chunks": [ [ "lsm_restaurant_foodup", 2 ], [ "null", 14 ] ] },
      "¹": { "chunks": [ [ "lsm_rats", 2 ], [ "null", 45 ] ] },
      "_": { "chunks": [ [ "lsm_rats", 2 ], [ "null", 45 ] ] },
      "¿": { "chunks": [ [ "lsm_bar_rest_floor", 3 ],[ "lsm_general_encounters", 1 ], [ "null", 25 ] ] },
      "»": { "chunks": [ [ "lsm_bar_rest_floor", 3 ],[ "lsm_general_encounters", 1 ], [ "null", 25] ] },
      ",": { "chunks": [ [ "lsm_bar_rest_floor", 3 ],[ "lsm_general_encounters", 1 ], [ "null", 25 ] ] },
      " ": { "chunks":  [ [ "lsm_bar_rest_floor", 3 ],[ "lsm_general_encounters", 1 ], [ "null", 25 ] ]}
    }
  },
  

  
  {
    "type": "palette",
    "id": "lsm_commercial_yoga",
    "//": "used in conjunction with lsm_commercial_furniture. Load this palette after lsm_commercial_furniture.",
	
	
	 
	  "item": {
		"߷": [{"item": "yoga_mat", "chance": 50 }],
		"B": [{"item": "yoga_mat_roll", "chance": 100 , "repeat": [ 2, 3 ]	}	]
		,
		"Ш": [{"item": "bottle_metal","chance": 100 , "repeat": [ 4, 6 ]	}	]
		
    },
    "items": {
		"Y": [{"item": "lsm_yoga_lockers", "chance": 40, "repeat": [ 2, 3 ] }],
		"@": [{"item": "lsm_yoga_clothing", "chance": 50, "repeat": [ 3, 5 ] }]
		
		
    }
 
   
  }
  
  
  
  
  
  
  
  
  
  
  
  
  
  
  
  
  
  
  
  
  
  
  
  
  
  
  
  
  
  
  
  
  
  
  
  
  
  
  
  
]
