[
  {
    "type": "overmap_terrain",
    "id": [
      "lsm_house001_b",
      "lsm_house006_b",
      "lsm_house011_b",
      "lsm_house013_b",
      "lsm_house025_b",
      "lsm_house028_b",
      "lsm_house030_b",
      "lsm_house031_b",
      "lsm_house033_b",
      "lsm_house034_b",
      "lsm_house036_b",
      "lsm_house037_b",
      "lsm_house038_b",
      "lsm_house040_b",
      "lsm_house041_b"
    ],
    "copy-from": "generic_city_house_basement"
  },
  {
    "type": "overmap_terrain",
    "id": [
      "lsm_house001_1",
      "lsm_house002_1",
      "lsm_house003_1",
      "lsm_house004_1",
      "lsm_house005_1",
      "lsm_house006_1",
      "lsm_house007_1",
      "lsm_house008_1",
      "lsm_house008_2",
      "lsm_house009_1",
      "lsm_house010_1",
      "lsm_house011_1",
      "lsm_house011_2",
      "lsm_house012_1",
      "lsm_house013_1",
      "lsm_house013_2",
      "lsm_house014_1",
      "lsm_house015_1",
      "lsm_house016_1",
      "lsm_house017_1",
      "lsm_house018_1",
      "lsm_house019_1",
      "lsm_house020_1",
      "lsm_house021_1",
      "lsm_house022_1",
      "lsm_house023_1",
      "lsm_house024_1",
      "lsm_house025_1",
      "lsm_house026_1",
      "lsm_house027_1",
      "lsm_house028_1",
      "lsm_house029_1",
      "lsm_house030_1",
      "lsm_house030_2",
      "lsm_house031_1",
      "lsm_house032_1",
      "lsm_house033_1",
      "lsm_house034_1",
      "lsm_house034_2",
      "lsm_house035_1",
      "lsm_house035_2",
      "lsm_house036_1",
      "lsm_house036_2",
      "lsm_house036_3",
      "lsm_house037_1",
      "lsm_house037_2",
      "lsm_house038_1",
      "lsm_house038_2",
      "lsm_house039_1",
      "lsm_house039_2",
      "lsm_house039_3",
      "lsm_house040_1",
      "lsm_house040_2",
      "lsm_house041_1",
      "lsm_house041_2"
    ],
    "copy-from": "generic_city_house"
  },
  {
    "type": "overmap_terrain",
    "id": [
      "lsm_house001_r",
      "lsm_house002_r",
      "lsm_house003_r",
      "lsm_house004_r",
      "lsm_house005_r",
      "lsm_house006_r",
      "lsm_house007_r",
      "lsm_house008_r",
      "lsm_house009_r",
      "lsm_house010_r",
      "lsm_house011_r",
      "lsm_house012_r",
      "lsm_house013_r",
      "lsm_house014_r",
      "lsm_house015_r",
      "lsm_house016_r",
      "lsm_house017_r",
      "lsm_house018_r",
      "lsm_house019_r",
      "lsm_house020_r",
      "lsm_house021_r",
      "lsm_house022_r",
      "lsm_house023_r",
      "lsm_house024_r",
      "lsm_house025_r",
      "lsm_house026_r",
      "lsm_house027_r",
      "lsm_house028_r",
      "lsm_house029_r",
      "lsm_house030_r",
      "lsm_house031_r",
      "lsm_house032_r",
      "lsm_house033_r",
      "lsm_house034_r",
      "lsm_house035_r",
      "lsm_house036_r",
      "lsm_house037_r",
      "lsm_house038_r",
      "lsm_house039_r",
      "lsm_house040_r",
      "lsm_house041_r"
    ],
    "copy-from": "generic_city_house_roof"
  }
]
