[
  {
    "type": "region_overlay",
    "regions": [ "all" ],
    "city": {
      "houses": {
        "lsm_house001": 50,
        "lsm_house002": 50,
        "lsm_house003": 50,
        "lsm_house004": 50,
        "lsm_house005": 50,
        "lsm_house006": 50,
        "lsm_house007": 50,
        "lsm_house008": 50,
        "lsm_house009": 50,
        "lsm_house010": 50,
        "lsm_house011": 10,
        "lsm_house012": 50,
        "lsm_house013": 50,
        "lsm_house014": 50,
        "lsm_house015": 50,
        "lsm_house016": 50,
        "lsm_house017": 50,
        "lsm_house018": 50,
        "lsm_house019": 50,
        "lsm_house020": 50,
        "lsm_house021": 50,
        "lsm_house022": 50,
        "lsm_house023": 50,
        "lsm_house024": 50,
        "lsm_house025": 50,
        "lsm_house026": 50,
        "lsm_house027": 50,
        "lsm_house028": 50,
        "lsm_house029": 25,
        "lsm_house030": 25,
        "lsm_house031": 50,
        "lsm_house032": 50,
        "lsm_house033": 50,
        "lsm_house034": 50,
        "lsm_house035": 50,
        "lsm_house036": 30,
        "lsm_house037": 30,
        "lsm_house038": 5,
        "lsm_house039": 15,
        "lsm_house040": 50,
        "lsm_house041": 50
      },
      "shops": { "lsm_bar_01": 400, "lsm_liqstore01": 400, "lsm_mixeduse01": 200 }
    }
  }
]
