[
  {
    "type": "overmap_terrain",
    "id": "lsm_cabinstrange_b",
    "name": "hole",
    "sym": "<",
    "color": "dark_gray",
    "see_cost": 5,
    "flags": [ "RISK_LOW", "SOURCE_SAFETY" ]
  },
  {
    "type": "overmap_terrain",
    "id": "lsm_cabinstrange_1",
    "name": "forest",
    "sym": "F",
    "color": "green",
    "see_cost": 5,
    "extras": "build"
  },
  {
    "type": "overmap_terrain",
    "id": "lsm_cabinstrange_r",
    "name": "roof",
    "sym": "#",
    "color": "brown",
    "see_cost": 5
  },
  {
    "type": "overmap_terrain",
    "id": "lsm_forest_enc",
    "name": "forest",
    "sym": "F",
    "color": "green",
    "see_cost": 5,
    "flags": [ "RISK_LOW", "SOURCE_SAFETY" ]
  }
]
