[
  {
    "type": "overmap_terrain",
    "id": [ "lsm_bar_01_basement" ],
    "copy-from": "generic_city_house_basement"
  },
  {
    "type": "overmap_terrain",
    "id": [ "lsm_bar_01_first" ],
    "copy-from": "generic_city_building",
    "name": "bar and grill",
    "color": "i_magenta"
  },
  {
    "type": "overmap_terrain",
    "id": [ "lsm_bar_01_second" ],
    "copy-from": "generic_city_building",
    "name": "bar and grill",
    "color": "i_magenta"
  },
  {
    "type": "overmap_terrain",
    "id": [ "lsm_bar_01_roof" ],
    "copy-from": "generic_city_building",
    "name": "bar and grill roof",
    "color": "i_magenta"
  },
  {
    "type": "overmap_terrain",
    "id": [ "lsm_liqstore01_first" ],
    "copy-from": "s_liquor"
  },
  {
    "type": "overmap_terrain",
    "id": [ "lsm_liqstore01_roof" ],
    "copy-from": "s_liquor_roof"
  },
  {
    "type": "overmap_terrain",
    "id": [ "lsm_mixeduse01_bA", "lsm_mixeduse01_bB" ],
    "copy-from": "generic_city_house_basement"
  },
  {
    "type": "overmap_terrain",
    "id": [ "lsm_mixeduse01_1A", "lsm_mixeduse01_1B" ],
    "copy-from": "apartments_tower_any",
    "name": "Mixed-Use Building",
    "sym": "A",
    "color": "brown"
  },
  {
    "type": "overmap_terrain",
    "id": [ "lsm_mixeduse01_2A", "lsm_mixeduse01_2B" ],
    "copy-from": "apartments_tower_any",
    "name": "Mixed-Use Building",
    "sym": "A",
    "color": "brown"
  },
  {
    "type": "overmap_terrain",
    "id": [ "lsm_mixeduse01_3A", "lsm_mixeduse01_3B" ],
    "copy-from": "apartments_tower_any",
    "name": "Mixed-Use Building",
    "sym": "A",
    "color": "brown"
  },
  {
    "type": "overmap_terrain",
    "id": [ "lsm_mixeduse01_rA", "lsm_mixeduse01_rB" ],
    "copy-from": "apartments_tower_any",
    "name": "Mixed-Use Building",
    "sym": "A",
    "color": "brown"
  }
]
