[
  {
    "type": "overmap_special",
    "id": "lsm_cabinstrange",
    "overmaps": [
      { "point": [ -1, 0, 0 ], "overmap": "forest" },
      { "point": [ -1, 1, 0 ], "overmap": "forest" },
      { "point": [ 0, -1, 0 ], "overmap": "forest" },
      { "point": [ 0, -2, 0 ], "overmap": "forest" },
      { "point": [ -1, -1, 0 ], "overmap": "forest" },
      { "point": [ -2, -1, 0 ], "overmap": "forest" },
      { "point": [ 1, -1, 0 ], "overmap": "forest" },
      { "point": [ 0, 0, -1 ], "overmap": "lsm_cabinstrange_b_north" },
      { "point": [ 0, 0, 0 ], "overmap": "lsm_cabinstrange_1_north" },
      { "point": [ 0, 0, 1 ], "overmap": "lsm_cabinstrange_r_north" },
      { "point": [ 1, 0, 0 ], "overmap": "forest" },
      { "point": [ 1, 1, 0 ], "overmap": "forest" },
      { "point": [ 0, 2, 0 ], "overmap": "forest" },
      { "point": [ 0, 1, 0 ], "overmap": "forest" }
    ],
    "locations": [ "wilderness" ],
    "city_distance": [ 40, -1 ],
    "city_sizes": [ 0, 20 ],
    "occurrences": [ 0, 1 ],
    "flags": [ "CLASSIC", "WILDERNESS" ]
  },
  {
    "type": "overmap_special",
    "id": "lsm_forest_enc",
    "overmaps": [
      { "point": [ 0, 0, 0 ], "overmap": "forest" },
      { "point": [ 1, 0, 0 ], "overmap": "forest" },
      { "point": [ 2, 0, 0 ], "overmap": "forest" },
      { "point": [ 0, 1, 0 ], "overmap": "lsm_forest_enc_north" },
      { "point": [ 1, 1, 0 ], "overmap": "forest" },
      { "point": [ 0, 2, 0 ], "overmap": "forest" },
      { "point": [ 1, 2, 0 ], "overmap": "forest" },
      { "point": [ 0, -1, 0 ], "overmap": "forest" },
      { "point": [ 1, -1, 0 ], "overmap": "forest" }
    ],
    "locations": [ "wilderness" ],
    "city_distance": [ 20, -1 ],
    "city_sizes": [ 0, 20 ],
    "occurrences": [ 0, 1 ],
    "flags": [ "CLASSIC", "WILDERNESS" ]
  }
]
