[
  {
    "type": "city_building",
    "id": "lsm_house001",
    "locations": [ "land" ],
    "overmaps": [
      { "point": [ 0, 0, -1 ], "overmap": "lsm_house001_b_north" },
      { "point": [ 0, 0, 0 ], "overmap": "lsm_house001_1_north" },
      { "point": [ 0, 0, 1 ], "overmap": "lsm_house001_r_north" }
    ]
  },
  {
    "type": "city_building",
    "id": "lsm_house002",
    "locations": [ "land" ],
    "overmaps": [
      { "point": [ 0, 0, 0 ], "overmap": "lsm_house002_1_north" },
      { "point": [ 0, 0, 1 ], "overmap": "lsm_house002_r_north" }
    ]
  },
  {
    "type": "city_building",
    "id": "lsm_house003",
    "locations": [ "land" ],
    "overmaps": [
      { "point": [ 0, 0, 0 ], "overmap": "lsm_house003_1_north" },
      { "point": [ 0, 0, 1 ], "overmap": "lsm_house003_r_north" }
    ]
  },
  {
    "type": "city_building",
    "id": "lsm_house004",
    "locations": [ "land" ],
    "overmaps": [
      { "point": [ 0, 0, 0 ], "overmap": "lsm_house004_1_north" },
      { "point": [ 0, 0, 1 ], "overmap": "lsm_house004_r_north" }
    ]
  },
  {
    "type": "city_building",
    "id": "lsm_house005",
    "locations": [ "land" ],
    "overmaps": [
      { "point": [ 0, 0, 0 ], "overmap": "lsm_house005_1_north" },
      { "point": [ 0, 0, 1 ], "overmap": "lsm_house005_r_north" }
    ]
  },
  {
    "type": "city_building",
    "id": "lsm_house006",
    "locations": [ "land" ],
    "overmaps": [
      { "point": [ 0, 0, -1 ], "overmap": "lsm_house006_b_north" },
      { "point": [ 0, 0, 0 ], "overmap": "lsm_house006_1_north" },
      { "point": [ 0, 0, 1 ], "overmap": "lsm_house006_r_north" }
    ]
  },
  {
    "type": "city_building",
    "id": "lsm_house007",
    "locations": [ "land" ],
    "overmaps": [
      { "point": [ 0, 0, 0 ], "overmap": "lsm_house007_1_north" },
      { "point": [ 0, 0, 1 ], "overmap": "lsm_house007_r_north" }
    ]
  },
  {
    "type": "city_building",
    "id": "lsm_house008",
    "locations": [ "land" ],
    "overmaps": [
      { "point": [ 0, 0, 0 ], "overmap": "lsm_house008_1_north" },
      { "point": [ 0, 0, 1 ], "overmap": "lsm_house008_2_north" },
      { "point": [ 0, 0, 2 ], "overmap": "lsm_house008_r_north" }
    ]
  },
  {
    "type": "city_building",
    "id": "lsm_house009",
    "locations": [ "land" ],
    "overmaps": [
      { "point": [ 0, 0, 0 ], "overmap": "lsm_house009_1_north" },
      { "point": [ 0, 0, 1 ], "overmap": "lsm_house009_r_north" }
    ]
  },
  {
    "type": "city_building",
    "id": "lsm_house010",
    "locations": [ "land" ],
    "overmaps": [
      { "point": [ 0, 0, 0 ], "overmap": "lsm_house010_1_north" },
      { "point": [ 0, 0, 1 ], "overmap": "lsm_house010_r_north" }
    ]
  },
  {
    "type": "city_building",
    "id": "lsm_house011",
    "locations": [ "land" ],
    "overmaps": [
      { "point": [ 0, 0, -1 ], "overmap": "lsm_house011_b_north", "locations": [ "land" ] },
      { "point": [ 0, 0, 0 ], "overmap": "lsm_house011_1_north", "locations": [ "land" ] },
      { "point": [ 0, 0, 1 ], "overmap": "lsm_house011_2_north", "locations": [ "land" ] },
      { "point": [ 0, 0, 2 ], "overmap": "lsm_house011_r_north", "locations": [ "land" ] }
    ]
  },
  {
    "type": "city_building",
    "id": "lsm_house012",
    "locations": [ "land" ],
    "overmaps": [
      { "point": [ 0, 0, 0 ], "overmap": "lsm_house012_1_north" },
      { "point": [ 0, 0, 1 ], "overmap": "lsm_house012_r_north" }
    ]
  },
  {
    "type": "city_building",
    "id": "lsm_house013",
    "locations": [ "land" ],
    "overmaps": [
      { "point": [ 0, 0, -1 ], "overmap": "lsm_house013_b_north" },
      { "point": [ 0, 0, 0 ], "overmap": "lsm_house013_1_north" },
      { "point": [ 0, 0, 1 ], "overmap": "lsm_house013_2_north" },
      { "point": [ 0, 0, 2 ], "overmap": "lsm_house013_r_north" }
    ]
  },
  {
    "type": "city_building",
    "id": "lsm_house014",
    "locations": [ "land" ],
    "overmaps": [
      { "point": [ 0, 0, 0 ], "overmap": "lsm_house014_1_north" },
      { "point": [ 0, 0, 1 ], "overmap": "lsm_house014_r_north" }
    ]
  },
  {
    "type": "city_building",
    "id": "lsm_house015",
    "locations": [ "land" ],
    "overmaps": [
      { "point": [ 0, 0, 0 ], "overmap": "lsm_house015_1_north" },
      { "point": [ 0, 0, 1 ], "overmap": "lsm_house015_r_north" }
    ]
  },
  {
    "type": "city_building",
    "id": "lsm_house016",
    "locations": [ "land" ],
    "overmaps": [
      { "point": [ 0, 0, 0 ], "overmap": "lsm_house016_1_north" },
      { "point": [ 0, 0, 1 ], "overmap": "lsm_house016_r_north" }
    ]
  },
  {
    "type": "city_building",
    "id": "lsm_house017",
    "locations": [ "land" ],
    "overmaps": [
      { "point": [ 0, 0, 0 ], "overmap": "lsm_house017_1_north" },
      { "point": [ 0, 0, 1 ], "overmap": "lsm_house017_r_north" }
    ]
  },
  {
    "type": "city_building",
    "id": "lsm_house018",
    "locations": [ "land" ],
    "overmaps": [
      { "point": [ 0, 0, 0 ], "overmap": "lsm_house018_1_north" },
      { "point": [ 0, 0, 1 ], "overmap": "lsm_house018_r_north" }
    ]
  },
  {
    "type": "city_building",
    "id": "lsm_house019",
    "locations": [ "land" ],
    "overmaps": [
      { "point": [ 0, 0, 0 ], "overmap": "lsm_house019_1_north" },
      { "point": [ 0, 0, 1 ], "overmap": "lsm_house019_r_north" }
    ]
  },
  {
    "type": "city_building",
    "id": "lsm_house020",
    "locations": [ "land" ],
    "overmaps": [
      { "point": [ 0, 0, 0 ], "overmap": "lsm_house020_1_north" },
      { "point": [ 0, 0, 1 ], "overmap": "lsm_house020_r_north" }
    ]
  },
  {
    "type": "city_building",
    "id": "lsm_house021",
    "locations": [ "land" ],
    "overmaps": [
      { "point": [ 0, 0, 0 ], "overmap": "lsm_house021_1_north" },
      { "point": [ 0, 0, 1 ], "overmap": "lsm_house021_r_north" }
    ]
  },
  {
    "type": "city_building",
    "id": "lsm_house022",
    "locations": [ "land" ],
    "overmaps": [
      { "point": [ 0, 0, 0 ], "overmap": "lsm_house022_1_north" },
      { "point": [ 0, 0, 1 ], "overmap": "lsm_house022_r_north" }
    ]
  },
  {
    "type": "city_building",
    "id": "lsm_house023",
    "locations": [ "land" ],
    "overmaps": [
      { "point": [ 0, 0, 0 ], "overmap": "lsm_house023_1_north" },
      { "point": [ 0, 0, 1 ], "overmap": "lsm_house023_r_north" }
    ]
  },
  {
    "type": "city_building",
    "id": "lsm_house024",
    "locations": [ "land" ],
    "overmaps": [
      { "point": [ 0, 0, 0 ], "overmap": "lsm_house024_1_north" },
      { "point": [ 0, 0, 1 ], "overmap": "lsm_house024_r_north" }
    ]
  },
  {
    "type": "city_building",
    "id": "lsm_house025",
    "locations": [ "land" ],
    "overmaps": [
      { "point": [ 0, 0, -1 ], "overmap": "lsm_house025_b_north" },
      { "point": [ 0, 0, 0 ], "overmap": "lsm_house025_1_north" },
      { "point": [ 0, 0, 1 ], "overmap": "lsm_house025_r_north" }
    ]
  },
  {
    "type": "city_building",
    "id": "lsm_house026",
    "locations": [ "land" ],
    "overmaps": [
      { "point": [ 0, 0, 0 ], "overmap": "lsm_house026_1_north" },
      { "point": [ 0, 0, 1 ], "overmap": "lsm_house026_r_north" }
    ]
  },
  {
    "type": "city_building",
    "id": "lsm_house027",
    "locations": [ "land" ],
    "overmaps": [
      { "point": [ 0, 0, 0 ], "overmap": "lsm_house027_1_north" },
      { "point": [ 0, 0, 1 ], "overmap": "lsm_house027_r_north" }
    ]
  },
  {
    "type": "city_building",
    "id": "lsm_house028",
    "locations": [ "land" ],
    "overmaps": [
      { "point": [ 0, 0, -1 ], "overmap": "lsm_house028_b_north" },
      { "point": [ 0, 0, 0 ], "overmap": "lsm_house028_1_north" },
      { "point": [ 0, 0, 1 ], "overmap": "lsm_house028_r_north" }
    ]
  },
  {
    "type": "city_building",
    "id": "lsm_house029",
    "locations": [ "land" ],
    "overmaps": [
      { "point": [ 0, 0, 0 ], "overmap": "lsm_house029_1_north" },
      { "point": [ 0, 0, 1 ], "overmap": "lsm_house029_r_north" }
    ]
  },
  {
    "type": "city_building",
    "id": "lsm_house030",
    "locations": [ "land" ],
    "overmaps": [
      { "point": [ 0, 0, -1 ], "overmap": "lsm_house030_b_north" },
      { "point": [ 0, 0, 0 ], "overmap": "lsm_house030_1_north" },
      { "point": [ 0, 0, 1 ], "overmap": "lsm_house030_2_north" },
      { "point": [ 0, 0, 2 ], "overmap": "lsm_house030_r_north" }
    ]
  },
  {
    "type": "city_building",
    "id": "lsm_house031",
    "locations": [ "land" ],
    "overmaps": [
      { "point": [ 0, 0, -1 ], "overmap": "lsm_house031_b_north" },
      { "point": [ 0, 0, 0 ], "overmap": "lsm_house031_1_north" },
      { "point": [ 0, 0, 1 ], "overmap": "lsm_house031_r_north" }
    ]
  },
  {
    "type": "city_building",
    "id": "lsm_house032",
    "locations": [ "land" ],
    "overmaps": [
      { "point": [ 0, 0, 0 ], "overmap": "lsm_house032_1_north" },
      { "point": [ 0, 0, 1 ], "overmap": "lsm_house032_r_north" }
    ]
  },
  {
    "type": "city_building",
    "id": "lsm_house033",
    "locations": [ "land" ],
    "overmaps": [
      { "point": [ 0, 0, -1 ], "overmap": "lsm_house033_b_north" },
      { "point": [ 0, 0, 0 ], "overmap": "lsm_house033_1_north" },
      { "point": [ 0, 0, 1 ], "overmap": "lsm_house033_r_north" }
    ]
  },
  {
    "type": "city_building",
    "id": "lsm_house034",
    "locations": [ "land" ],
    "overmaps": [
      { "point": [ 0, 0, -1 ], "overmap": "lsm_house034_b_north" },
      { "point": [ 0, 0, 0 ], "overmap": "lsm_house034_1_north" },
      { "point": [ 0, 0, 1 ], "overmap": "lsm_house034_2_north" },
      { "point": [ 0, 0, 2 ], "overmap": "lsm_house034_r_north" }
    ]
  },
  {
    "type": "city_building",
    "id": "lsm_house035",
    "locations": [ "land" ],
    "overmaps": [
      { "point": [ 0, 0, 0 ], "overmap": "lsm_house035_1_north" },
      { "point": [ 0, 0, 1 ], "overmap": "lsm_house035_2_north" },
      { "point": [ 0, 0, 2 ], "overmap": "lsm_house035_r_north" }
    ]
  },
  {
    "type": "city_building",
    "id": "lsm_house036",
    "locations": [ "land" ],
    "overmaps": [
      { "point": [ 0, 0, -1 ], "overmap": "lsm_house036_b_north" },
      { "point": [ 0, 0, 0 ], "overmap": "lsm_house036_1_north" },
      { "point": [ 0, 0, 1 ], "overmap": "lsm_house036_2_north" },
      { "point": [ 0, 0, 2 ], "overmap": "lsm_house036_3_north" },
      { "point": [ 0, 0, 3 ], "overmap": "lsm_house036_r_north" }
    ]
  },
  {
    "type": "city_building",
    "id": "lsm_house037",
    "locations": [ "land" ],
    "overmaps": [
      { "point": [ 0, 0, -1 ], "overmap": "lsm_house037_b_north" },
      { "point": [ 0, 0, 0 ], "overmap": "lsm_house037_1_north" },
      { "point": [ 0, 0, 1 ], "overmap": "lsm_house037_2_north" },
      { "point": [ 0, 0, 2 ], "overmap": "lsm_house037_r_north" }
    ]
  },
  {
    "type": "city_building",
    "id": "lsm_house038",
    "locations": [ "land" ],
    "overmaps": [
      { "point": [ 0, 0, -1 ], "overmap": "lsm_house038_b_north" },
      { "point": [ 0, 0, 0 ], "overmap": "lsm_house038_1_north" },
      { "point": [ 0, 0, 1 ], "overmap": "lsm_house038_2_north" },
      { "point": [ 0, 0, 2 ], "overmap": "lsm_house038_r_north" }
    ]
  },
  {
    "type": "city_building",
    "id": "lsm_house039",
    "locations": [ "land" ],
    "overmaps": [
      { "point": [ 0, 0, 0 ], "overmap": "lsm_house039_1_north" },
      { "point": [ 0, 0, 1 ], "overmap": "lsm_house039_2_north" },
      { "point": [ 0, 0, 2 ], "overmap": "lsm_house039_3_north" },
      { "point": [ 0, 0, 3 ], "overmap": "lsm_house039_r_north" }
    ]
  },
  {
    "type": "city_building",
    "id": "lsm_house040",
    "locations": [ "land" ],
    "overmaps": [
      { "point": [ 0, 0, -1 ], "overmap": "lsm_house040_b_north" },
      { "point": [ 0, 0, 0 ], "overmap": "lsm_house040_1_north" },
      { "point": [ 0, 0, 1 ], "overmap": "lsm_house040_2_north" },
      { "point": [ 0, 0, 2 ], "overmap": "lsm_house040_r_north" }
    ]
  },
  {
    "type": "city_building",
    "id": "lsm_house041",
    "locations": [ "land" ],
    "overmaps": [
      { "point": [ 0, 0, -1 ], "overmap": "lsm_house041_b_north" },
      { "point": [ 0, 0, 0 ], "overmap": "lsm_house041_1_north" },
      { "point": [ 0, 0, 1 ], "overmap": "lsm_house041_2_north" },
      { "point": [ 0, 0, 2 ], "overmap": "lsm_house041_r_north" }
    ]
  },
  {
    "type": "city_building",
    "id": "lsm_bar_01",
    "locations": [ "land" ],
    "overmaps": [
      { "point": [ 0, 0, -1 ], "overmap": "lsm_bar_01_basement_north" },
      { "point": [ 0, 0, 0 ], "overmap": "lsm_bar_01_first_north" },
      { "point": [ 0, 0, 1 ], "overmap": "lsm_bar_01_second_north" },
      { "point": [ 0, 0, 2 ], "overmap": "lsm_bar_01_roof_north" }
    ]
  },
  {
    "type": "city_building",
    "id": "lsm_liqstore01",
    "locations": [ "land" ],
    "overmaps": [
      { "point": [ 0, 0, 0 ], "overmap": "lsm_liqstore01_first_north" },
      { "point": [ 0, 0, 1 ], "overmap": "lsm_liqstore01_roof_north" }
    ]
  },
  {
    "type": "city_building",
    "id": "lsm_mixeduse01",
    "locations": [ "land" ],
    "overmaps": [
      { "point": [ 0, 0, -1 ], "overmap": "lsm_mixeduse01_bA_north" },
      { "point": [ 0, 1, -1 ], "overmap": "lsm_mixeduse01_bB_north" },
      { "point": [ 0, 0, 0 ], "overmap": "lsm_mixeduse01_1A_north" },
      { "point": [ 0, 1, 0 ], "overmap": "lsm_mixeduse01_1B_north" },
      { "point": [ 0, 0, 1 ], "overmap": "lsm_mixeduse01_2A_north" },
      { "point": [ 0, 1, 1 ], "overmap": "lsm_mixeduse01_2B_north" },
      { "point": [ 0, 0, 2 ], "overmap": "lsm_mixeduse01_3A_north" },
      { "point": [ 0, 1, 2 ], "overmap": "lsm_mixeduse01_3B_north" },
      { "point": [ 0, 0, 3 ], "overmap": "lsm_mixeduse01_rA_north" },
      { "point": [ 0, 1, 3 ], "overmap": "lsm_mixeduse01_rB_north" }
    ]
  }
]
