[
  {
    "type": "mapgen",
    "method": "json",
    "nested_mapgen_id": "building_glassdoor_1x1",
    "object": { "mapgensize": [ 1, 1 ], "rows": [ "x" ], "terrain": { "x": [ [ "t_door_glass_c", 2 ], [ "t_door_glass_o", 1 ] ] } }
  },
  {
    "type": "mapgen",
    "method": "json",
    "nested_mapgen_id": "building_glassdoorsmashed_1x1",
    "object": {
      "mapgensize": [ 1, 1 ],
      "rows": [ "x" ],
      "terrain": { "x": "t_mdoor_frame" },
      "item": { "x": [ { "item": "glass_shard", "repeat": [ 12, 24 ] } ] }
    }
  },
  {
    "type": "mapgen",
    "method": "json",
    "nested_mapgen_id": "building_displaycase_1x1",
    "object": { "mapgensize": [ 1, 1 ], "rows": [ "x" ], "terrain": { "x": "t_null" }, "furniture": { "x": "f_glass_cabinet" } }
  },
  {
    "type": "mapgen",
    "method": "json",
    "nested_mapgen_id": "building_displaycase_smashed_1x1",
    "object": {
      "mapgensize": [ 1, 1 ],
      "rows": [ "x" ],
      "terrain": { "x": "t_null" },
      "item": {
        "x": [
          { "item": "2x4", "count": [ 1, 4 ] },
          { "item": "splinter", "count": [ 1, 4 ] },
          { "item": "nail", "charges": [ 4, 8 ] },
          { "item": "glass_shard", "count": [ 16, 100 ] },
          { "item": "scrap", "count": [ 0, 2 ] }
        ]
      }
    }
  },
  {
    "type": "mapgen",
    "method": "json",
    "nested_mapgen_id": "building_dooropen_1x1",
    "object": { "mapgensize": [ 1, 1 ], "rows": [ "x" ], "terrain": { "x": "t_door_o" } }
  },
  {
    "type": "mapgen",
    "method": "json",
    "nested_mapgen_id": "building_door_smashed_1x1",
    "object": {
      "mapgensize": [ 1, 1 ],
      "rows": [ "x" ],
      "terrain": { "x": "t_door_frame" },
      "item": {
        "x": [
          { "item": "2x4", "count": [ 3, 6 ] },
          { "item": "splinter", "count": [ 3, 6 ] },
          { "item": "nail", "charges": [ 6, 12 ] }
        ]
      }
    }
  },
  {
    "type": "mapgen",
    "method": "json",
    "nested_mapgen_id": "building_metaldooropen_1x1",
    "object": { "mapgensize": [ 1, 1 ], "rows": [ "x" ], "terrain": { "x": "t_door_metal_o" } }
  },
  {
    "type": "mapgen",
    "method": "json",
    "nested_mapgen_id": "building_metaldoor_smashed_1x1",
    "object": {
      "mapgensize": [ 1, 1 ],
      "rows": [ "x" ],
      "terrain": { "x": "t_mdoor_frame" },
      "item": { "x": [ { "item": "spike", "count": [ 2, 4 ] }, { "item": "scrap", "count": [ 3, 6 ] } ] }
    }
  }
]
