[
  {
    "type": "mapgen",
    "method": "json",
    "nested_mapgen_id": "lsm_rooftop_chunks_6x6",
    "object": {
      "mapgensize": [ 6, 6 ],
      "rows": [
        "______",
        "______",
        "______",
        "______",
        "______",
        "______"
      ],
      "terrain": { "_": "t_null" },
      "place_nested": [
        {
          "chunks": [
            [ "null", 5 ],
            [ "roof_2x2_golf", 5 ],
            [ "roof_6x6_survivor", 5 ],
            [ "lsm_rooftop_6x6_solar", 5 ],
            [ "lsm_rooftop_6x6_crow", 10 ],
            [ "roof_3x3_wine", 5 ]
          ],
          "x": [ 0, 0 ],
          "y": [ 0, 0 ]
        }
      ]
    }
  },
  {
    "type": "mapgen",
    "method": "json",
    "nested_mapgen_id": "lsm_rooftop_6x6_solar",
    "object": {
      "mapgensize": [ 6, 6 ],
      "rows": [
        "______",
        "_xxx__",
        "_xxx__",
        "_xxx__",
        "______",
        "______"
      ],
      "terrain": { "_": "t_null" },
      "furniture": { "x": "f_solar_unit" }
    }
  },
  {
    "type": "mapgen",
    "method": "json",
    "nested_mapgen_id": "lsm_rooftop_6x6_crow",
    "object": {
      "mapgensize": [ 6, 6 ],
      "rows": [
        "____x_",
        "_x____",
        "___x__",
        "x_____",
        "____x_",
        "x_____"
      ],
      "terrain": { "_": "t_null" },
      "monster": { "x": { "monster": "mon_crow" } }
    }
  }
]
