[
  {
    "type": "mapgen",
    "method": "json",
    "nested_mapgen_id": "lsm_liquorstore_encounter",
    "object": {
      "mapgensize": [ 2, 2 ],
      "rows": [
        "__",
        "__"
      ],
      "terrain": { "_": "t_null" },
      "place_nested": [
        {
          "chunks": [
            [ "null", 5 ],
            [ "lsm_liquorstore_breakv", 10 ],
            [ "lsm_liquorstore_breakb", 10 ],
            [ "lsm_liquorstore_bowling", 5 ],
            [ "lsm_liquorstore_backpack", 5 ],
            [ "lsm_liquorstore_empties1", 5 ],
            [ "lsm_liquorstore_empties2", 5 ],
            [ "lsm_liquorstore_manq", 5 ]
          ],
          "x": [ 0, 2 ],
          "y": [ 0, 2 ]
        }
      ]
    }
  },
  {
    "type": "mapgen",
    "method": "json",
    "nested_mapgen_id": "lsm_liquorstore_manq",
    "object": {
      "mapgensize": [ 2, 2 ],
      "rotation": [ 0, 3 ],
      "rows": [
        "_x",
        "__"
      ],
      "terrain": { "_": "t_null" },
      "furniture": { "x": "f_mannequin" },
      "item": { "x": [ { "item": "beer", "chance": 100 }, { "item": "hat_ball", "chance": 100 } ] }
    }
  },
  {
    "type": "mapgen",
    "method": "json",
    "nested_mapgen_id": "lsm_liquorstore_empties1",
    "object": {
      "mapgensize": [ 2, 2 ],
      "rotation": [ 0, 3 ],
      "rows": [
        "_x",
        "__"
      ],
      "terrain": { "_": "t_null" },
      "liquids": { "x": { "liquid": "beer" } },
      "place_loot": [
        { "item": "can_drink", "x": [ 0, 3 ], "y": [ 0, 3 ], "repeat": [ 6, 8 ] },
        { "item": "bottle_glass", "x": 0, "y": 1 },
        { "item": "rum", "x": 0, "y": 1 }
      ]
    }
  },
  {
    "type": "mapgen",
    "method": "json",
    "nested_mapgen_id": "lsm_liquorstore_empties2",
    "object": {
      "mapgensize": [ 2, 2 ],
      "rotation": [ 0, 3 ],
      "rows": [
        "_x",
        "__"
      ],
      "terrain": { "_": "t_null" },
      "liquids": { "x": { "liquid": "single_malt_whiskey" } },
      "place_loot": [
        { "item": "can_drink", "x": [ 0, 3 ], "y": [ 0, 3 ], "repeat": [ 1, 3 ] },
        { "item": "bottle_glass", "x": [ 0, 3 ], "y": [ 0, 3 ], "repeat": [ 1, 3 ] },
        { "item": "beer", "x": 1, "y": 1 }
      ]
    }
  },
  {
    "type": "mapgen",
    "method": "json",
    "nested_mapgen_id": "lsm_liquorstore_backpack",
    "object": {
      "mapgensize": [ 2, 2 ],
      "rotation": [ 0, 3 ],
      "rows": [
        "__",
        "__"
      ],
      "terrain": { "_": "t_null" },
      "place_loot": [
        { "item": "backpack", "x": 0, "y": 1 },
        { "item": "beer", "x": 0, "y": 1, "repeat": [ 6, 8 ] },
        { "item": "rum", "x": 0, "y": 1 }
      ]
    }
  },
  {
    "type": "mapgen",
    "method": "json",
    "nested_mapgen_id": "lsm_liquorstore_bowling",
    "object": {
      "mapgensize": [ 2, 2 ],
      "rotation": [ 0, 3 ],
      "rows": [
        "xx",
        "__"
      ],
      "terrain": { "_": "t_null" },
      "nested": { "x": { "chunks": [ [ "lsm_liquorstore_breakv", 2 ] ] } },
      "place_loot": [
        { "item": "glass_shard", "x": 0, "y": 0, "repeat": [ 4, 6 ] },
        { "item": "vodka", "x": 0, "y": 1 },
        { "item": "rum", "x": 1, "y": 1 },
        { "item": "bowling_ball", "x": 0, "y": 0 }
      ]
    }
  },
  {
    "type": "mapgen",
    "method": "json",
    "nested_mapgen_id": "lsm_liquorstore_breakv",
    "object": {
      "mapgensize": [ 1, 1 ],
      "rotation": [ 0, 3 ],
      "rows": [ "_" ],
      "terrain": { "_": "t_null" },
      "liquids": { "_": { "liquid": "vodka" } },
      "place_loot": [ { "item": "glass_shard", "x": 0, "y": 0, "repeat": [ 4, 6 ] } ]
    }
  },
  {
    "type": "mapgen",
    "method": "json",
    "nested_mapgen_id": "lsm_liquorstore_breakb",
    "object": {
      "mapgensize": [ 1, 1 ],
      "rotation": [ 0, 3 ],
      "rows": [ "_" ],
      "terrain": { "_": "t_null" },
      "liquids": { "_": { "liquid": "beer" } },
      "place_loot": [ { "item": "glass_shard", "x": 0, "y": 0, "repeat": [ 4, 6 ] } ]
    }
  },
  {
    "type": "mapgen",
    "method": "json",
    "nested_mapgen_id": "lsm_restaurant_foodup",
    "object": {
      "mapgensize": [ 1, 1 ],
      "rotation": [ 0, 3 ],
      "rows": [ "_" ],
      "terrain": { "_": "t_null" },
      "place_loot": [
        { "item": "ceramic_plate", "x": 0, "y": 0, "chance": 100 },
        { "group": "lsm_restaurant_meals", "x": 0, "y": 0, "chance": 20 }
      ]
    }
  },
  {
    "type": "mapgen",
    "method": "json",
    "nested_mapgen_id": "lsm_restaurant_patronmeal",
    "object": {
      "mapgensize": [ 1, 1 ],
      "rotation": [ 0, 3 ],
      "rows": [ "_" ],
      "terrain": { "_": "t_null" },
      "place_loot": [
        { "item": "ceramic_plate", "x": 0, "y": 0, "chance": 100 },
        { "item": "knife_steak", "x": 0, "y": 0, "chance": 100 },
        { "item": "fork", "x": 0, "y": 0, "chance": 100 },
        { "item": "spoon", "x": 0, "y": 0, "chance": 100 },
        { "item": "dinner_napkin", "x": 0, "y": 0, "chance": 100 },
        { "group": "lsm_restaurant_meals", "x": 0, "y": 0, "chance": 50 }
      ]
    }
  },
  {
    "type": "mapgen",
    "method": "json",
    "nested_mapgen_id": "lsm_bar_patrondrink",
    "object": {
      "mapgensize": [ 1, 1 ],
      "rotation": [ 0, 3 ],
      "rows": [ "_" ],
      "terrain": { "_": "t_null" },
      "place_loot": [ { "group": "lsm_bar_drinks", "x": 0, "y": 0, "chance": 50 } ]
    }
  },
  {
    "type": "mapgen",
    "method": "json",
    "nested_mapgen_id": "lsm_bar_patronbill",
    "object": {
      "mapgensize": [ 1, 1 ],
      "rotation": [ 0, 3 ],
      "rows": [ "_" ],
      "terrain": { "_": "t_null" },
      "place_loot": [ { "item": "receipt_bar", "x": 0, "y": 0, "chance": 50 } ]
    }
  },
  {
    "type": "mapgen",
    "method": "json",
    "nested_mapgen_id": "lsm_restaurant_patronbill",
    "object": {
      "mapgensize": [ 1, 1 ],
      "rotation": [ 0, 3 ],
      "rows": [ "_" ],
      "terrain": { "_": "t_null" },
      "place_loot": [ { "item": "receipt_restaurant", "x": 0, "y": 0, "chance": 50 } ]
    }
  },
  {
    "type": "mapgen",
    "method": "json",
    "nested_mapgen_id": "lsm_bar_rest_floor",
    "object": {
      "mapgensize": [ 1, 1 ],
      "rotation": [ 0, 3 ],
      "rows": [ "_" ],
      "terrain": { "_": "t_null" },
      "nested": {
        "_": { "chunks": [ [ "lsm_rats", 6 ], [ "lsm_liquorstore_breakb", 2 ], [ "lsm_liquorstore_breakv", 2 ], [ "null", 40 ] ] }
      }
    }
  }
]
