[
  {
    "type": "mapgen",
    "om_terrain": "lsm_house035_1",
    "weight": 250,
    "method": "json",
    "object": {
      "palettes": [
        "lsm_residential",
        "lsm_residential_items",
        "lsm_residential_ground",
        "lsm_residential_lino_ktch",
        "lsm_residential_lino_bth"
      ],
      "fill_ter": "t_floor",
      "rows": [
        "[.........)))))))p.....[",
        "[.......%.))))))).$$$$.[",
        "[.!...!...))))))).$$$$.[",
        "[.........)))))))....!.[",
        "[.--------)))))))-----.[",
        "[.-.../...)))))))./..-.[",
        "[.-.......)))))))....-.[",
        "[.-(((###o###o####o##-.[",
        "[.-/((#JJ5F3hff|DC@@#-.[",
        "[.-(((oO____  h|  @@#-.[",
        "[.-(((#6612_   +    o-.[",
        "[.-(((#||||    |||++#-.[",
        "[.-(((#t__+    |Q|dd#-.[",
        "[.-(((o8S9|RR  |+|||#-.[",
        "[.-/((#||||||    b=&o-.[",
        "[.-(((#CyrrD|       *-.[",
        "[.-(((o@ h  +      L#-.[",
        "[.-(((#@   d|y  x  V#-.[",
        "[.-(((#||||||      so-.[",
        "[.-/((oZ__*        E#..[",
        "[.--<-#W_<|RRRlHHHly#^.[",
        "[.----##o#######o####..[",
        "[......................[",
        "[[[[[[[[[[[[[[[[[[[[[[[["
      ],
      "terrain": {
        "#": "t_wall_b",
        "[": "t_privacy_fence",
        "/": "t_column",
        ")": "t_pavement",
        "(": "t_dirt",
        "$": "t_dirtmound",
        "%": [ [ "t_region_tree_nut", 5 ], [ "t_region_tree_shade", 4 ], [ "t_region_tree_fruit", 2 ] ],
        "_": "t_linoleum_gray",
        "Q": "t_null",
        "!": "t_region_groundcover_urban"
      },
      "furniture": { "!": [ "f_boulder_medium", "f_boulder_large" ], "$": "f_region_flower", "&": "f_rack", "=": "f_table" },
      "items": {
        "=": { "item": "table_foyer", "chance": 50 },
        "&": { "item": "clothing_outdoor_shoes", "chance": 40, "repeat": [ 1, 2 ] }
      },
      "place_loot": [ { "item": "television", "x": 16, "y": 17 } ],
      "place_vehicles": [ { "vehicle": "car", "x": 14, "y": 3, "chance": 20, "rotation": 90 } ]
    }
  },
  {
    "type": "mapgen",
    "om_terrain": "lsm_house035_2",
    "weight": 250,
    "method": "json",
    "object": {
      "palettes": [
        "lsm_residential",
        "lsm_residential_items",
        "lsm_residential_upper",
        "lsm_residential_lino_ktch",
        "lsm_residential_lino_bth"
      ],
      "fill_ter": "t_floor",
      "rows": [
        "........................",
        "........................",
        "........................",
        "........................",
        "...))))))))))))))))))...",
        "...),,,,,,,,,,,,,,,,)...",
        "...),,,,,qqq,,,,!$!,)...",
        "...),,###o##o/###oo##...",
        "...),,#xRdd|= Rs l H#...",
        "...),,#    |b RE l H#...",
        "...),,#C   +  RT l Ho...",
        "...),,o@@ y|i      y#...",
        "...),,#@@ D|i   A__5#...",
        "...),,#|||||i  h6__O#...",
        "...),,#8S|RR  ff4__Jo...",
        "...),,o__+   hff31FJ#...",
        "...),,#t9|y   ||||||#...",
        "...),,#|||L   |Tyrrr#...",
        "...),,*       +   h o...",
        "...),,#|*|||+||   @@#^..",
        "...)>,#z >|zzz|ddC@@#...",
        "...)))##o########o###...",
        "........................",
        "........................"
      ],
      "terrain": {
        "#": "t_wall_b",
        "/": "t_door_glass_c",
        "_": "t_linoleum_gray",
        ")": "t_railing_v",
        ",": "t_floor_noroof",
        "!": "t_floor_noroof",
        "$": "t_floor_noroof",
        "q": "t_floor_noroof",
        "A": "t_linoleum_gray"
      },
      "furniture": { "!": "f_deckchair", "$": "f_tourist_table", "=": "f_table" },
      "items": { "=": { "item": "table_foyer", "chance": 50 } },
      "place_loot": [ { "item": "television", "x": 7, "y": 8 } ]
    }
  },
  {
    "type": "mapgen",
    "om_terrain": "lsm_house035_r",
    "weight": 250,
    "method": "json",
    "object": {
      "palettes": [ "lsm_residential_roof" ],
      "fill_ter": "t_open_air",
      "rows": [
        "                        ",
        "                        ",
        "                        ",
        "                        ",
        "                        ",
        "                        ",
        "                        ",
        "      ---------------   ",
        "      3.............|   ",
        "      3.............|   ",
        "      3.............|   ",
        "      3..........X..|   ",
        "      3.............|   ",
        "      3.............|   ",
        "      3.............|   ",
        "      3.N...........|   ",
        "      3.........=...|   ",
        "      3.............|   ",
        "      3.............|   ",
        "      3.............5   ",
        "      3.............|   ",
        "      222222222222222   ",
        "                        ",
        "                        "
      ]
    }
  }
]
