[
  {
    "type": "mapgen",
    "om_terrain": "lsm_house021_1",
    "weight": 250,
    "method": "json",
    "object": {
      "palettes": [ "lsm_residential", "lsm_residential_items", "lsm_residential_ground", "lsm_residential_lino_bth" ],
      "fill_ter": "t_floor_waxed",
      "rows": [
        "...---p...............%.",
        "...---###oo#####.....ʭ..",
        ".00---#yC@@C |D###oo###.",
        ".0#o*o#d @@  + |d II P#.",
        ".0#&  |d     |||d h  C#.",
        ".0#~ L|  b  y|z+    @@#.",
        "..o   |+||||||D|    @@#.",
        "..o     yRRRR|||+|||||#.",
        "..#$sE             +__o.",
        "..#s]]]]]   VV ~y  |ZW#.",
        "..#H]]l]]   ||+||| |||#.",
        "..#H]]l]]  a|8__B|  +Q#.",
        "..#H]]l]]  a|8StB|+|||#.",
        "..os]]]]]   |||||| bdd#.",
        "..o$sE      1O523|   C#.",
        "..#y            4|  @@o.",
        "..#?A  yyy  JJJ F|  @@o.",
        "..###o*o##      6|D  C#.",
        "..!,,,,,i#   h   ||+||#.",
        "..,,,,,,i#   ff  |8__B#.",
        "..,=,=,,i#y hffh |8StB#.",
        "..!!!!!!!####oo########.",
        "....u.....^..........%..",
        "........................"
      ],
      "terrain": {
        "#": "t_adobe_brick_wall",
        "_": "t_linoleum_gray",
        ",": "t_floor_noroof",
        "%": [ [ "t_region_tree_nut", 5 ], [ "t_region_tree_shade", 4 ], [ "t_region_tree_fruit", 2 ] ],
        "0": "t_shrub_lilac",
        "!": "t_railing_v",
        "]": "t_carpet_purple",
        "i": "t_floor_noroof",
        "W": "t_linoleum_gray",
        "Z": "t_linoleum_gray",
        "=": "t_floor_noroof",
        "l": "t_carpet_purple",
        "Q": "t_null",
        "ʭ": "t_region_groundcover_urban"
      },
      "furniture": { "~": "f_table", "$": "f_speaker_cabinet", "?": "f_piano", "&": "f_rack", "=": "f_deckchair" },
      "items": { "~": { "item": "table_foyer", "chance": 50 }, "&": { "item": "clothing_outdoor_shoes", "chance": 50 } }
    }
  },
  {
    "type": "mapgen",
    "om_terrain": "lsm_house021_r",
    "weight": 250,
    "method": "json",
    "object": {
      "palettes": [ "lsm_residential_roof" ],
      "fill_ter": "t_open_air",
      "rows": [
        "                        ",
        "      ----------        ",
        "      3........-------- ",
        "  33333...............| ",
        "  3...................| ",
        "  3...................| ",
        "  3...................| ",
        "  3...................| ",
        "  3...................| ",
        "  3...................| ",
        "  3.............A.....| ",
        "  3........~..........| ",
        "  3........~..........| ",
        "  3...................| ",
        "  3...................| ",
        "  3...................| ",
        "  3............=......| ",
        "  33333333............| ",
        "         3............| ",
        "         3............| ",
        "         3............| ",
        "         25222222222222 ",
        "                        ",
        "                        "
      ]
    }
  }
]
