[
  {
    "type": "mapgen",
    "om_terrain": "lsm_house002_1",
    "weight": 250,
    "method": "json",
    "object": {
      "palettes": [ "standard_domestic_palette", "standard_domestic_lino_bathroom", "standard_domestic_lino_kitchen" ],
      "fill_ter": "t_floor",
      "rows": [
        "%.%.%...%.%..%..%.%...%.",
        "........................",
        "..&.........&.^.&.&.....",
        ".||||||||oo||o|||||oo||.",
        ".|}W[___O5J1[BB[,+,,,!|.",
        ".|}Z[_h____2[_t[d[{,@@|.",
        ".|}U[hff___6[_S[[[{,@@|.",
        ".|}U[_ffh__F[_8[][?,,D|&",
        ".|+[[_h____Y[+[[+[[,,d|.",
        ".o__________      +,b,|.",
        ".*_((___RR__VV y  [[[[|.",
        ".|+[[[  [[[[[[[[  +,,/|.",
        ".|}[TE  EsT[b,,+  [,,/|&",
        ".|}[y     H[,,,[[[[?,z|&",
        ".|q[~   l H[r,,[[dd,,!|.",
        ".|[[~   l H[r=,[D,,,@@|.",
        ".|$[~   l H[r,,[[[z,@@|.",
        ".|+[L      [z,,+z[b,,!|&",
        ".|    ssEys[0,,[d[z,,z|.",
        ".|*|||ooo||||oo||||oo||.",
        ".---......&&...&&&&.....",
        ".-------------..........",
        ".-------------..........",
        "...........---.p........"
      ],
      "terrain": {
        "[": "t_wall_b",
        "&": [ [ "t_shrub", 2 ], "t_shrub_strawberry", "t_shrub_blueberry" ],
        "%": [ [ "t_region_tree_nut", 5 ], [ "t_region_tree_shade", 4 ], [ "t_region_tree_fruit", 2 ] ],
        ",": "t_carpet_green",
        "_": "t_linoleum_gray",
        "}": "t_thconc_floor",
        "W": "t_thconc_floor",
        "Z": "t_thconc_floor",
        "U": "t_thconc_floor",
        "q": "t_thconc_floor",
        "(": "t_linoleum_gray",
        "f": "t_linoleum_gray",
        "h": "t_linoleum_gray",
        "R": "t_linoleum_gray",
        "Y": "t_linoleum_gray",
        "{": "t_carpet_green",
        "?": "t_carpet_green",
        "!": "t_carpet_green",
        "@": "t_carpet_green",
        "D": "t_carpet_green",
        "d": "t_carpet_green",
        "b": "t_carpet_green",
        "/": "t_carpet_green",
        "0": "t_carpet_green",
        "r": "t_carpet_green",
        "z": "t_carpet_green",
        "=": "t_carpet_green"
      },
      "furniture": {
        "!": "f_table",
        "$": "f_rack_wood",
        "=": "f_chair",
        "~": "f_table",
        "?": [ "f_indoor_plant", "f_indoor_plant_y" ],
        "/": "f_bookcase",
        "0": "f_floor_lamp",
        "{": "f_table",
        "]": "f_clothing_rail",
        "(": "f_table"
      },
      "items": {
        "!": { "item": "nightstand", "chance": 35 },
        "$": { "item": "clothing_outdoor_shoes", "chance": 35 },
        "r": [ { "item": "misc_smoking", "chance": 25 }, { "item": "magazines", "chance": 25 } ],
        "/": { "item": "homebooks", "chance": 30, "repeat": 2 },
        "(": { "item": "table_foyer", "chance": 30 },
        "]": [ { "item": "SUS_wardrobe_mens", "chance": 50 }, { "item": "SUS_wardrobe_womens", "chance": 50 } ]
      },
      "place_loot": [
        { "item": "television", "x": 4, "y": 15, "chance": 100 },
        { "item": "television", "x": 18, "y": 6, "chance": 100 },
        { "group": "drugs_pharmacy", "x": 14, "y": 5, "chance": 20, "repeat": [ 1, 2 ] },
        { "group": "drugs_analgesic", "x": 13, "y": [ 5, 7 ], "chance": 5 },
        { "group": "livingroom", "x": [ 5, 8 ], "y": [ 13, 17 ], "chance": 15, "repeat": [ 1, 3 ] }
      ],
      "rotation": [ 2 ]
    }
  },
  {
    "type": "mapgen",
    "om_terrain": "lsm_house002_1",
    "weight": 40,
    "method": "json",
    "object": {
      "palettes": [ "standard_domestic_palette", "standard_domestic_lino_bathroom", "standard_domestic_lino_kitchen" ],
      "fill_ter": "t_floor",
      "rows": [
        "%.%.%...%.%..%..%.%...%.",
        "........................",
        "..&.........&.^.&.&.....",
        ".||||||||))||)|||||))||.",
        ".|}W[hh_O5J1[BB[,+,Dd!|.",
        ".|}Z[______2[_t[d[{,@@|.",
        ".|}U[______6[_S[[[{,@@|.",
        ".|}U[__G___F[_8[][?,,,|&",
        ".|+[[______Y[+[[+[[,,,|.",
        ".)R_________      +,b,|.",
        ".*R_________VV y  [[[[|.",
        ".|+[[[  [[[[[[[[  +,,/|.",
        ".|}[Ty    T[b,,+  [,,/|&",
        ".|}[y      [,,,[[[[?,,|&",
        ".|q[~      [r,,[[,,,,!|.",
        ".|[[~H     [r=,[,,,,@@|.",
        ".|$[~H  l  [r,,[[[,,@@|.",
        ".|+[LH  l  [z,,+,[b,,!|&",
        ".|EssHEElss[0dd[,[,Ddd|.",
        ".|*|||)))||||))||||))||.",
        ".---......&&...&&&&.....",
        ".-------------..........",
        ".-------------..........",
        "...........---.p........"
      ],
      "terrain": {
        "[": "t_wall_b",
        "+": [ "t_door_frame", "t_door_o" ],
        "*": [ "t_door_boarded", "t_door_boarded_damaged" ],
        ")": "t_window_boarded_noglass",
        "&": [ [ "t_shrub", 2 ], "t_shrub_strawberry", "t_shrub_blueberry" ],
        "%": [ [ "t_region_tree_nut", 5 ], [ "t_region_tree_shade", 4 ], [ "t_region_tree_fruit", 2 ] ],
        ",": "t_carpet_green",
        "_": "t_linoleum_gray",
        "}": "t_thconc_floor",
        "W": "t_thconc_floor",
        "Z": "t_thconc_floor",
        "U": "t_thconc_floor",
        "q": "t_thconc_floor",
        "(": "t_linoleum_gray",
        "f": "t_linoleum_gray",
        "h": "t_linoleum_gray",
        "R": "t_linoleum_gray",
        "Y": "t_linoleum_gray",
        "G": "t_linoleum_gray",
        "{": "t_carpet_green",
        "?": "t_carpet_green",
        "!": "t_carpet_green",
        "@": "t_carpet_green",
        "D": "t_carpet_green",
        "d": "t_carpet_green",
        "b": "t_carpet_green",
        "/": "t_carpet_green",
        "0": "t_carpet_green",
        "r": "t_carpet_green",
        "z": "t_carpet_green",
        "=": "t_carpet_green"
      },
      "furniture": {
        "!": "f_table",
        "$": "f_rack_wood",
        "b": [ "f_bigmirror", "f_bigmirror_b" ],
        "G": "f_brazier",
        "=": "f_chair",
        "~": "f_table",
        "?": [ "f_indoor_plant", "f_indoor_plant_y" ],
        "/": "f_bookcase",
        "0": "f_floor_lamp",
        "{": "f_table",
        "]": "f_clothing_rail",
        "(": "f_table"
      },
      "items": {
        "!": { "item": "nightstand", "chance": 35 },
        "$": { "item": "clothing_outdoor_shoes", "chance": 35 },
        "(": { "item": "table_foyer", "chance": 30 },
        "]": [ { "item": "SUS_wardrobe_mens", "chance": 50 }, { "item": "SUS_wardrobe_womens", "chance": 50 } ]
      },
      "place_loot": [
        { "item": "television", "x": 4, "y": 15, "chance": 100 },
        { "item": "television", "x": 18, "y": 6, "chance": 100 },
        { "item": "hammer", "x": 7, "y": 8, "chance": 50 },
        { "item": "nail", "x": 6, "y": 8, "chance": 100 },
        { "item": "2x4", "x": [ 5, 10 ], "y": [ 7, 11 ], "chance": 75, "repeat": [ 6, 10 ] },
        { "group": "stash_food", "x": [ 5, 10 ], "y": [ 7, 11 ], "chance": 100, "repeat": [ 4, 7 ] },
        { "group": "trash", "x": [ 2, 21 ], "y": [ 4, 18 ], "chance": 100, "repeat": [ 15, 30 ] }
      ],
      "rotation": [ 2 ]
    }
  },
  {
    "type": "mapgen",
    "om_terrain": "lsm_house002_1",
    "weight": 10,
    "method": "json",
    "object": {
      "palettes": [ "standard_domestic_palette", "standard_domestic_lino_bathroom", "standard_domestic_lino_kitchen" ],
      "fill_ter": "t_floor",
      "rows": [
        "%.%.%...%.%..%..%.%...%.",
        "........................",
        "..&.........&.^.&.&.....",
        ".||||||||))||)|||||))||.",
        ".|}W[hh_O5J1[BB[,+,Dd!|.",
        ".|}Z[______2[_t[d[{,@@|.",
        ".|}U[______6[_S[[[{,@@|.",
        ".|}U[__G___F[_8[][?,,,|&",
        ".|+[[______Y[+[[+[[,,,|.",
        ".)R_________      +,b,|.",
        ".*R_________VV y  [[[[|.",
        ".|+[[[  [[[[[[[[  +,,/|.",
        ".|}[Ty    T[b,,+  [,,/|&",
        ".|}[y      [,,,[[[[?,,|&",
        ".|q[~      [r,,[[,,,,!|.",
        ".|[[~H     [r=,[,,,,@@|.",
        ".|$[~H  l  [r,,[[[,,@@|.",
        ".|+[LH  l  [z,,+,[b,,!|&",
        ".|EssHEElss[0dd[,[,Ddd|.",
        ".|*|||)))||||))||||))||.",
        ".---......&&...&&&&.....",
        ".-------------..........",
        ".-------------..........",
        "...........---.p........"
      ],
      "terrain": {
        "[": "t_wall_b",
        "+": [ "t_door_frame", "t_door_o" ],
        "*": [ "t_door_boarded", "t_door_boarded_damaged" ],
        ")": "t_window_boarded_noglass",
        "&": [ [ "t_shrub", 2 ], "t_shrub_strawberry", "t_shrub_blueberry" ],
        "%": [ [ "t_region_tree_nut", 5 ], [ "t_region_tree_shade", 4 ], [ "t_region_tree_fruit", 2 ] ],
        ",": "t_carpet_green",
        "_": "t_linoleum_gray",
        "}": "t_thconc_floor",
        "W": "t_thconc_floor",
        "Z": "t_thconc_floor",
        "U": "t_thconc_floor",
        "q": "t_thconc_floor",
        "(": "t_linoleum_gray",
        "f": "t_linoleum_gray",
        "h": "t_linoleum_gray",
        "R": "t_linoleum_gray",
        "Y": "t_linoleum_gray",
        "G": "t_linoleum_gray",
        "{": "t_carpet_green",
        "?": "t_carpet_green",
        "!": "t_carpet_green",
        "@": "t_carpet_green",
        "D": "t_carpet_green",
        "d": "t_carpet_green",
        "b": "t_carpet_green",
        "/": "t_carpet_green",
        "0": "t_carpet_green",
        "r": "t_carpet_green",
        "z": "t_carpet_green",
        "=": "t_carpet_green"
      },
      "furniture": {
        "!": "f_table",
        "$": "f_rack_wood",
        "b": [ "f_bigmirror", "f_bigmirror_b" ],
        "G": "f_brazier",
        "=": "f_chair",
        "~": "f_table",
        "?": [ "f_indoor_plant", "f_indoor_plant_y" ],
        "/": "f_bookcase",
        "0": "f_floor_lamp",
        "{": "f_table",
        "]": "f_clothing_rail",
        "(": "f_table"
      },
      "items": {
        "!": { "item": "nightstand", "chance": 35 },
        "$": { "item": "clothing_outdoor_shoes", "chance": 35 },
        "(": { "item": "table_foyer", "chance": 30 },
        "]": [ { "item": "SUS_wardrobe_mens", "chance": 50 }, { "item": "SUS_wardrobe_womens", "chance": 50 } ]
      },
      "place_loot": [
        { "item": "television", "x": 4, "y": 15, "chance": 100 },
        { "item": "television", "x": 18, "y": 6, "chance": 100 },
        { "item": "hammer", "x": 7, "y": 8, "chance": 50 },
        { "item": "nail", "x": 6, "y": 8, "chance": 100 },
        { "item": "2x4", "x": [ 5, 10 ], "y": [ 7, 11 ], "chance": 75, "repeat": [ 6, 10 ] },
        { "group": "stash_food", "x": [ 5, 10 ], "y": [ 7, 11 ], "chance": 100, "repeat": [ 4, 7 ] },
        { "item": "corpse", "x": 13, "y": 13, "chance": 100 },
        { "group": "guns_shotgun_common", "x": 13, "y": 13, "chance": 100 },
        { "group": "clothing_outdoor_pants", "x": 13, "y": 13, "chance": 100 },
        { "group": "clothing_outdoor_torso", "x": 13, "y": 13, "chance": 100 },
        { "group": "clothing_outdoor_shoes", "x": 13, "y": 13, "chance": 100 },
        { "group": "trash", "x": [ 2, 21 ], "y": [ 4, 18 ], "chance": 100, "repeat": [ 15, 30 ] }
      ],
      "rotation": [ 2 ]
    }
  },
  {
    "type": "mapgen",
    "om_terrain": "lsm_house002_r",
    "weight": 250,
    "method": "json",
    "object": {
      "palettes": [ "roof_palette" ],
      "fill_ter": "t_open_air",
      "rows": [
        "                        ",
        "                        ",
        "                        ",
        " 2222222222222422222222 ",
        " |....................3 ",
        " |....................3 ",
        " |....................3 ",
        " |....................3 ",
        " |....................3 ",
        " |..............=.....3 ",
        " |....................3 ",
        " |....................3 ",
        " |....................3 ",
        " |....................3 ",
        " |...N................3 ",
        " |....................3 ",
        " |....................3 ",
        " |....................3 ",
        " |....................3 ",
        " ---------------------- ",
        "                        ",
        "                        ",
        "                        ",
        "                        "
      ],
      "terrain": { ".": "t_shingle_flat_roof", "=": "t_shingle_flat_roof", "N": "t_shingle_flat_roof" },
      "rotation": [ 2 ]
    }
  }
]
