[
  {
    "type": "mapgen",
    "om_terrain": "lsm_house010_1",
    "weight": 50,
    "method": "json",
    "object": {
      "palettes": [ "standard_domestic_palette", "standard_domestic_lino_bathroom" ],
      "fill_ter": "t_floor_waxed",
      "rows": [
        "........................",
        ".#####~~##oo#######oo##.",
        ".#1O5F      yy|y sHHHs#.",
        ".o2      h    |       o.",
        ".o2 J Y|hff  a|E  ll xo.",
        ".#4 J R| ffh a|T  ll  #.",
        ".#7   R| h    |R  ||||#.",
        ".#666         |R  |Z W#.",
        ".#|||||           ||+|#.",
        ".#    +  T           yo.",
        ".#!   ||||   RRRy b  yo.",
        ".o@@ d|Uz|  y|||||||+|#.",
        ".o@@ d|U +   + rrr|8_Q#^",
        ".#!  y|||| i||  h |8__#.",
        ".#||+||  + i|d   @|S_B#.",
        ".#D  D|qL| i|d  !@|t_B#.",
        ".#########*o##oo####o##.",
        ".0000000``--```````````.",
        ".0000000----............",
        ".0000000----............",
        ".0000000....%........%..",
        ".0000000........%.......",
        ".0000000p...............",
        ".0000000................"
      ],
      "terrain": {
        "`": [ "t_shrub", "t_shrub", "t_shrub_strawberry", "t_shrub_blueberry" ],
        "%": [ [ "t_region_tree_nut", 5 ], [ "t_region_tree_shade", 4 ], [ "t_region_tree_fruit", 2 ] ],
        "_": "t_linoleum_gray",
        "~": "t_door_glass_c",
        "Q": "t_floor_waxed",
        "0": "t_pavement"
      },
      "furniture": { "!": "f_table" },
      "place_loot": [ { "item": "television", "x": 21, "y": 4 } ],
      "rotation": [ 2 ]
    }
  },
  {
    "type": "mapgen",
    "om_terrain": "lsm_house010_1",
    "weight": 50,
    "method": "json",
    "object": {
      "palettes": [ "standard_domestic_palette", "standard_domestic_lino_bathroom", "standard_domestic_lino_kitchen" ],
      "fill_ter": "t_floor_waxed",
      "rows": [
        "........................",
        ".##oo####:::::##o##o###.",
        ".#!  D|d|sHHHs|JO5F146#.",
        ".o@@  + |H    |______6o.",
        ".o@@  |d|H l a|JJJ_327#.",
        ".#!   |||H l a|||| |||#.",
        "-#||+||RR          h y:.",
        "-*                ff  :.",
        "-#|||||||  RRRRy hffh :.",
        ".o@! |dd|  ||||V  ff  :.",
        ".o@  |++|  |ZW|V   h y:.",
        ".#D     +  |++||||||||#.",
        ".#|||||||         y|BB#^",
        ".#PrrrP|y   b||||  +_8#.",
        ".o  h  +     + q|++|_S#.",
        ".#R   R|iii L|Uq|QQ|_t#.",
        ".##o#o#####*o#######o##.",
        "......%%%%%--%%%%%./....",
        "...........--...........",
        "...,,,.....--.....,,,...",
        "...,&,.....--.....,&,...",
        "...,,,.....--.....,,,...",
        "...........--...........",
        "...........--..........."
      ],
      "terrain": {
        "_": "t_linoleum_gray",
        ",": "t_dirtmound",
        "%": "t_shrub_lilac",
        "/": "t_region_groundcover_urban",
        "&": "t_region_groundcover_urban",
        "Q": "t_floor_waxed"
      },
      "furniture": { "!": "f_table", "&": "f_boulder_large", "/": [ [ "f_null", 2 ], "f_ladder" ] },
      "rotation": [ 2 ]
    }
  },
  {
    "type": "mapgen",
    "om_terrain": "lsm_house010_r",
    "weight": 50,
    "method": "json",
    "object": {
      "palettes": [ "roof_palette" ],
      "fill_ter": "t_open_air",
      "rows": [
        "                        ",
        " 2222222222222222222222 ",
        " |....................3 ",
        " |....................3 ",
        " |...........~........3 ",
        " |...........~........3 ",
        " |....................3 ",
        " |....................3 ",
        " |....................3 ",
        " |....................3 ",
        " |....................3 ",
        " |....................3 ",
        " |....................5 ",
        " |....................3 ",
        " |....................3 ",
        " |....................3 ",
        " ---------------------- ",
        "                        ",
        "                        ",
        "                        ",
        "                        ",
        "                        ",
        "                        ",
        "                        "
      ],
      "terrain": { ".": "t_shingle_flat_roof", "~": "t_shingle_flat_roof" },
      "rotation": [ 2 ]
    }
  },
  {
    "type": "mapgen",
    "om_terrain": "lsm_house010_r",
    "weight": 50,
    "method": "json",
    "object": {
      "palettes": [ "roof_palette" ],
      "fill_ter": "t_open_air",
      "rows": [
        "                        ",
        " 2222222222222222222222 ",
        " |....................3 ",
        " |....................3 ",
        " |.......oooo~........3 ",
        " |.......oooo~........3 ",
        " |.......oooo.........3 ",
        " |.......oooo.........3 ",
        " |.......oooo.........3 ",
        " |....................3 ",
        " |....................3 ",
        " |....................3 ",
        " |....................5 ",
        " |....................3 ",
        " |....................3 ",
        " |....................3 ",
        " ---------------------- ",
        "                        ",
        "                        ",
        "                        ",
        "                        ",
        "                        ",
        "                        ",
        "                        "
      ],
      "terrain": { ".": "t_shingle_flat_roof", "~": "t_shingle_flat_roof" },
      "rotation": [ 2 ]
    }
  }
]
