[
  {
    "type": "mapgen",
    "om_terrain": "lsm_house041_b",
    "weight": 250,
    "method": "json",
    "object": {
      "palettes": [ "lsm_residential", "lsm_residential_items", "lsm_residential_bsmt" ],
      "fill_ter": "t_thconc_floor",
      "rows": [
        "^^^^^^^^^^^^^^^^^^^^^^^^",
        "^^^^^^^^^^^^^^^^^^^^^^^^",
        "^^^^^^^^^^^^^^^^^^^^^^^^",
        "^^^^^^^^^^^^^^^^^^^^^^^^",
        "^^###############^^^^^^^",
        "^^#    NN       #^^^^^^^",
        "^^#             #^^^^^^^",
        "^^#           zz#^^^^^^^",
        "^^#          zzz#^^^^^^^",
        "^^#  #       ####^^^^^^^",
        "^^#          #  #^^^^^^^",
        "^^#          # !#^^^^^^^",
        "^^#          +  #^^^^^^^",
        "^^#U        q# g#^^^^^^^",
        "^^#U        q#  #^^^^^^^",
        "^^#         q#  #^^^^^^^",
        "^^#  #T      ####^^^^^^^",
        "^^#             #^^^^^^^",
        "^^#             #^^^^^^^",
        "^^#%#+#         #^^^^^^^",
        "^^#$#<#S W Z    #^^^^^^^",
        "^^###############^^^^^^^",
        "^^^^^^^^^^^^^^^^^^^^^^^^",
        "^^^^^^^^^^^^^^^^^^^^^^^^"
      ],
      "furniture": { "!": "f_home_furnace", "$": "f_glass_cabinet", "%": "f_armchair" }
    }
  },
  {
    "type": "mapgen",
    "om_terrain": "lsm_house041_1",
    "weight": 250,
    "method": "json",
    "object": {
      "palettes": [
        "lsm_residential",
        "lsm_residential_items",
        "lsm_residential_ground",
        "lsm_residential_lino_ktch",
        "lsm_residential_lino_bth"
      ],
      "fill_ter": "t_floor",
      "rows": [
        "{{{{{{{{{{{{{{{{{------{",
        "{.............).{------{",
        "{.???[[[[[[[-]..p------{",
        "{.???[&&&&&&-.]..------{",
        "{.##o###o*###o##.------{",
        "{.#sHHHl``|II d#-------{",
        "{.#E``````|h  d#<------{",
        "{.#l```T``+   y##------{",
        "{.#$`x````|    @#------{",
        "{.o$$`````|D  C@#------{",
        "{.#|||||  ||||||#------{",
        "{.#Qw|q+  3766FJ#------{",
        "{.#++|||  ,,,,,1o------{",
        "{.#  RRR  ,YJJ,O#------{",
        "{.o       ,,,A,5#------{",
        "{.#||+||+||,,,,,#------{",
        "{.#S,,|C d|z,/ff#------{",
        "{.o8,B|@  |z,,ffo......{",
        "{.#t,B|@ D|z,,,/#....??{",
        "{.######o##o*o###....?%{",
        "{.]]#>*-].]---.......??{",
        "{.]^###-]...........K..{",
        "{...............u..G..G{",
        "{{{{{{{{{{{{{{{{{{{{{{{{"
      ],
      "terrain": {
        "{": "t_privacy_fence",
        ",": "t_linoleum_gray",
        "&": "t_floor",
        ")": "t_tree_pear",
        "%": "t_tree_young",
        "]": "t_dirt",
        "K": "t_region_groundcover_urban",
        "G": "t_region_groundcover_urban",
        "A": "t_linoleum_gray",
        "Y": "t_linoleum_gray",
        "z": "t_linoleum_gray",
        "/": "t_linoleum_gray",
        "f": "t_linoleum_gray",
        "`": "t_carpet_red",
        "T": "t_carpet_red",
        "l": "t_carpet_red",
        "H": "t_carpet_red",
        "x": "t_carpet_red",
        "$": "t_carpet_red",
        "E": "t_carpet_red",
        "s": "t_carpet_red",
        "?": "t_region_groundcover_urban",
        "[": "t_railing"
      },
      "furniture": { "/": "f_chair", "?": "f_region_flower", "$": [ "f_indoor_plant", "f_indoor_plant_y" ] },
      "place_loot": [ { "item": "television", "x": 5, "y": 8, "chance": 100 } ],
      "place_vehicles": [
        { "vehicle": "car_hatch", "x": 20, "y": 14, "chance": 15, "fuel": 80, "rotation": 90 },
        { "vehicle": "pickup", "x": 21, "y": 7, "chance": 10, "fuel": 80, "rotation": 90 }
      ]
    }
  },
  {
    "type": "mapgen",
    "om_terrain": "lsm_house041_2",
    "weight": 250,
    "method": "json",
    "object": {
      "palettes": [
        "lsm_residential",
        "lsm_residential_items",
        "lsm_residential_upper",
        "lsm_residential_lino_ktch",
        "lsm_residential_lino_bth"
      ],
      "fill_ter": "t_floor",
      "rows": [
        "........................",
        "........................",
        ".....!!!!!!!............",
        ".....!!!!!!!............",
        "..##o###oo###o##........",
        "..#C@@|yllE JJJ#........",
        "..o @@|H    ,,O#>.......",
        "..#   |H    ,,5#*#......",
        "..odd +     321# #......",
        "..#||||  h     * o......",
        "..#S,,+  ff   y# #......",
        "..#t,9| hffh RR# #......",
        "..#||||||||||||# #......",
        "..#S,9#RRhfh   * o......",
        "..#t,,+   f  bL# #......",
        "..#|||||z   321# #......",
        "..od rr|lll ,,5#z#......",
        "..#@   +    ,,J#zo......",
        "..#@CTD|HHHTFJO#U#......",
        "..###o#####o######......",
        "...^!!!.................",
        "....!!!.................",
        "........................",
        "........................"
      ],
      "terrain": { ",": "t_linoleum_gray", "!": "t_shingle_flat_roof" },
      "place_loot": [ { "item": "laptop", "x": 6, "y": 16, "chance": 50 } ]
    }
  },
  {
    "type": "mapgen",
    "om_terrain": "lsm_house041_r",
    "weight": 250,
    "method": "json",
    "object": {
      "palettes": [ "lsm_residential_roof" ],
      "fill_ter": "t_open_air",
      "rows": [
        "                        ",
        "                        ",
        "                        ",
        "                        ",
        "  3------------|        ",
        "  3............|        ",
        "  3............|        ",
        "  3............|||      ",
        "  3....=.........|      ",
        "  3..............|      ",
        "  3..............|      ",
        "  3..............|      ",
        "  3..............|      ",
        "  3..............|      ",
        "  3..............|      ",
        "  3..X........N..|      ",
        "  3..............|      ",
        "  3..............|      ",
        "  3..............|      ",
        "  2522222222222222      ",
        "                        ",
        "                        ",
        "                        ",
        "                        "
      ]
    }
  }
]
