[
  {
    "type": "mapgen",
    "om_terrain": "lsm_house031_b",
    "weight": 250,
    "method": "json",
    "object": {
      "palettes": [ "lsm_residential", "lsm_residential_items", "lsm_residential_bsmt", "lsm_residential_lino_bth" ],
      "fill_ter": "t_floor",
      "rows": [
        "^^^^^^^^^^^^^^^^^^^^^^^^",
        "^^^^^^^^^^^^^^^^^^^^^^^^",
        "^^^^^^^^^^^^^^^^^^^^^^^^",
        "^^^^^^^^^^^^^^^^^^^^^^^^",
        "^^^^^^^^^^^^^^^^^^^^^^^^",
        "^^^^^^^^^^^^^^^^^^^^^^^^",
        "^^||||||||||||||||||||^^",
        "^^|tS_+  T0HHH0&|I C@|^^",
        "^^|___|  H00000x|I  @|^^",
        "^^|_89|  H0lll0x|I   |^^",
        "^^|+|||  H00000&|   d|^^",
        "^^|Q|RR  s Es   +   d|^^",
        "^^|||R         R|Db  |^^",
        "^^|$+          R|||++|^^",
        "^^|$+  =|<|b    +z|zz|^^",
        "^^||||+|||||+|||||||||^^",
        "^^#qqq,U#U,|,,,,,,%,Z#^^",
        "^^#,,,,U#,,+,,,,,,,,,#^^",
        "^^#!,,,g#ww|Y,,,~~~,W#^^",
        "^^####################^^",
        "^^^^^^^^^^^^^^^^^^^^^^^^",
        "^^^^^^^^^^^^^^^^^^^^^^^^",
        "^^^^^^^^^^^^^^^^^^^^^^^^",
        "^^^^^^^^^^^^^^^^^^^^^^^^"
      ],
      "terrain": {
        ",": "t_thconc_floor",
        "W": "t_thconc_floor",
        "%": "t_thconc_floor",
        "Z": "t_thconc_floor",
        "w": "t_thconc_floor",
        "U": "t_thconc_floor",
        "g": "t_thconc_floor",
        "q": "t_thconc_floor",
        "!": "t_thconc_floor",
        "Y": "t_thconc_floor",
        "~": "t_thconc_floor",
        "_": "t_linoleum_gray",
        "0": "t_carpet_purple",
        "&": "t_carpet_purple",
        "x": "t_carpet_purple",
        "H": "t_carpet_purple",
        "T": "t_carpet_purple",
        "l": "t_carpet_purple"
      },
      "furniture": {
        "!": "f_home_furnace",
        "$": "f_clothing_rail",
        "%": "f_sink",
        "&": "f_speaker_cabinet",
        "=": "f_floor_lamp",
        "~": "f_table"
      },
      "items": {
        "$": [ { "item": "dress_shop", "chance": 30, "repeat": [ 1, 2 ] }, { "item": "jackets", "chance": 30, "repeat": [ 1, 2 ] } ]
      },
      "place_loot": [ { "item": "stereo", "x": 15, "y": 7 } ]
    }
  },
  {
    "type": "mapgen",
    "om_terrain": "lsm_house031_1",
    "weight": 250,
    "method": "json",
    "object": {
      "palettes": [
        "lsm_residential",
        "lsm_residential_items",
        "lsm_residential_ground",
        "lsm_residential_lino_ktch",
        "lsm_residential_lino_bth"
      ],
      "fill_ter": "t_floor",
      "rows": [
        ".................p`````.",
        "..................`````.",
        "..##ooo##.........`````.",
        "..#vrrrP#.........`````.",
        "..#  ! P#---------`````.",
        "..###+###---------`````.",
        ".0#dd bD#-##ooo##0`````.",
        ".0o     #-*,,,h&#0`````.",
        ".0o @@  #o#,hff,##`````.",
        ".0#C@@C + #,,ffh######..",
        ".0#||||||  ,,,h,621_5o..",
        ".0#C    +       ____Oo..",
        ".0o@@   |RR   yyF4JJ##..",
        ".0o@@  D|||   ||||||#^..",
        ".0#    T|>+   RRRTEso0..",
        ".##+|++||||         ##..",
        ".#zz|dd|y$$         s#..",
        ".#||||||      r|x l H#..",
        ".#B____+ ,,  !r|x l Ho..",
        ".#BtS88##~~#y r|x l Ho..",
        ".###oo##---##oo#y   s#..",
        "...0000-----jjj###oo##..",
        ".......u................",
        "........................"
      ],
      "terrain": {
        "#": "t_brick_wall",
        "~": "t_door_glass_c",
        "_": "t_linoleum_gray",
        "0": [ [ "t_shrub", 2 ], "t_shrub_strawberry", "t_shrub_blueberry" ],
        "`": "t_pavement",
        ",": "t_carpet_green",
        "f": "t_carpet_green",
        "h": "t_carpet_green",
        "&": "t_carpet_green"
      },
      "furniture": { "!": "f_chair", "$": "f_table", "&": [ "f_indoor_plant", "f_indoor_plant_y" ] },
      "items": { "$": { "item": "table_foyer", "chance": 50 } },
      "place_loot": [ { "item": "laptop", "x": 14, "y": 18 }, { "item": "television", "x": 16, "y": 18 } ],
      "place_vehicles": [ { "vehicle": "suv_electric", "x": 21, "y": 5, "chance": 25, "rotation": 90 } ]
    }
  },
  {
    "type": "mapgen",
    "om_terrain": "lsm_house031_r",
    "weight": 250,
    "method": "json",
    "object": {
      "palettes": [ "lsm_residential_roof" ],
      "fill_ter": "t_open_air",
      "rows": [
        "                        ",
        "                        ",
        "  -------               ",
        "  3.....-               ",
        "  3.....-               ",
        "  3.....-               ",
        "  3.....- -------       ",
        "  3.....- -.....-       ",
        "  3.....---.ooo.--      ",
        "  3.........ooo..-----  ",
        "  3.........ooo......|  ",
        "  3.........ooo......|  ",
        "  3.................||  ",
        "  3.................5   ",
        "  3...=.............|   ",
        " 33.................||  ",
        " 3...X...............|  ",
        " 3..............N....|  ",
        " 3...................|  ",
        " 3.....22222.........|  ",
        " 2222222   22222.....|  ",
        "               2222222  ",
        "                        ",
        "                        "
      ]
    }
  }
]
