[
  {
    "type": "mapgen",
    "om_terrain": "lsm_house038_b",
    "weight": 250,
    "method": "json",
    "object": {
      "palettes": [ "lsm_residential", "lsm_residential_items", "lsm_residential_bsmt" ],
      "fill_ter": "t_thconc_floor",
      "rows": [
        "^^^^^^^^^^^^^^^^^^^^^^^^",
        "^^^^^^^^^^^^^^^^^^^^^^^^",
        "^^^^^^^^^^^^^^^^^^^^^^^^",
        "^^^^^^^^^^^^^^^^^^^^^^^^",
        "^^^^^^^^^^^^^^^^^^^^^^^^",
        "^^^^^^^^^^^^^^^^^^^^^^^^",
        "^^^^^^^^^^^^^^^^^^^^^^^^",
        "^^^^^^^^^^^^^^^^^^^^^^^^",
        "^^^^^^^^########^^^^^^^^",
        "^^^^^^^^#<   zz#^^^^^^^^",
        "^^^^^^^^#    zz#^^^^^^^^",
        "^^^^#####  &  &#####^^^^",
        "^^^^#NUU          W#^^^^",
        "^^^^#N  #&    &#   #^^^^",
        "^^^^#N      &     Z#^^^^",
        "^^^^#[[][[         #^^^^",
        "^^^^#    [ &      S#^^^^",
        "^^^^#   #[    &#   #^^^^",
        "^^^^#$   [b        #^^^^",
        "^^^^#$   [!  qq  g #^^^^",
        "^^^^################^^^^",
        "^^^^^^^^^^^^^^^^^^^^^^^^",
        "^^^^^^^^^^^^^^^^^^^^^^^^",
        "^^^^^^^^^^^^^^^^^^^^^^^^"
      ],
      "terrain": { "[": "t_chainfence", "]": "t_chaingate_c" },
      "furniture": { "!": "f_home_furnace", "$": "f_floor_mattress", "&": "f_mannequin" },
      "place_loot": [ { "item": "bucket", "x": 8, "y": 19 } ]
    }
  },
  {
    "type": "mapgen",
    "om_terrain": "lsm_house038_1",
    "weight": 250,
    "method": "json",
    "object": {
      "palettes": [ "lsm_residential", "lsm_residential_items", "lsm_residential_ground" ],
      "fill_ter": "t_floor",
      "rows": [
        "{{{{{{{{{{{}}{{{{{{{{{{{",
        "{..%.%.....--....%.....{",
        "{........%.--%..%....%.{",
        "{%....%....--.%....%...{",
        "{..%.!...%.--....,,..!.{",
        "{......%...--..%,,,.%..{",
        "{...%((((((==(((,,,,...{",
        "{....(=========(.,,,.%.{",
        "{.%..(==###o*###..%....{",
        "{....(==#>+  +<#.....%.{",
        "{....(==#||  ||#^......{",
        "{...##oo#|L &|B#####.!.{",
        "{...#rrrP|$ y|B88 t#...{",
        "{.%.# h  +   +    So...{",
        "{...#||||||  ||||||#.%.{",
        "{...#H l xR       2#...{",
        "{...#H l xR   h|6 1#...{",
        "{...#H l xR  ff|6 5#...{",
        "{...#s      hff|  Oo...{",
        "{.%.#yE k     h|FJJ#.!.{",
        "{...#######o*o######...{",
        "{..........---.........{",
        "{..%....!............%.{",
        "{{{{{{{{{{{{{{{{{{{{{{{{"
      ],
      "terrain": {
        "{": "t_privacy_fence",
        "%": [ [ "t_region_tree_nut", 5 ], [ "t_region_tree_shade", 4 ], [ "t_region_tree_fruit", 2 ] ],
        ",": "t_water_sh",
        "#": "t_rock_wall",
        "}": "t_privacy_fencegate_c",
        "-": [ "t_concrete", "t_dirt" ],
        "=": "t_floor_noroof",
        "(": "t_railing_v",
        "!": "t_region_groundcover_urban"
      },
      "furniture": { "!": [ "f_boulder_medium", "f_null" ], "$": "f_rack", "&": "f_table" },
      "items": {
        "$": { "item": "clothing_outdoor_shoes", "chance": 40, "repeat": [ 1, 2 ] },
        "&": { "item": "table_foyer", "chance": 50 },
        "-": { "item": "rock_debris", "chance": 15 }
      },
      "place_loot": [ { "item": "laptop", "x": 6, "y": 12 }, { "item": "television", "x": 9, "y": 16 } ]
    }
  },
  {
    "type": "mapgen",
    "om_terrain": "lsm_house038_2",
    "weight": 250,
    "method": "json",
    "object": {
      "palettes": [ "lsm_residential", "lsm_residential_items", "lsm_residential_upper", "lsm_residential_lino_bth" ],
      "fill_ter": "t_floor",
      "rows": [
        "........................",
        "........................",
        "........................",
        "........................",
        "........................",
        "........................",
        "........................",
        "........................",
        "........###oo###........",
        "........#z+   >#^.......",
        "........#v+    o........",
        "....,,###||+||+###,,....",
        "....,,#dd|b |r  b#,,....",
        "....,,#++|T |rh D#,,....",
        "....,,o     |r   o,,....",
        "....,,#    R||| C#,,....",
        "....,,#@@  R|d+ @#,,....",
        "....,,#@@C D|d+ @#,,....",
        "....,,##o######o##,,....",
        "....,,,,,,,,,,,,,,,,....",
        "....,,,,,,,,,,,,,,,,....",
        "........................",
        "........................",
        "........................"
      ],
      "terrain": { "#": "t_rock_wall", ",": "t_shingle_flat_roof" }
    }
  },
  {
    "type": "mapgen",
    "om_terrain": "lsm_house038_r",
    "weight": 250,
    "method": "json",
    "object": {
      "palettes": [ "lsm_residential_roof" ],
      "fill_ter": "t_open_air",
      "rows": [
        "                        ",
        "                        ",
        "                        ",
        "                        ",
        "                        ",
        "                        ",
        "                        ",
        "                        ",
        "        --------        ",
        "        3......5        ",
        "        3......|        ",
        "      333......|||      ",
        "      3..........|      ",
        "      3..........|      ",
        "      3..........|      ",
        "      3..........|      ",
        "      3..........|      ",
        "      3..........|      ",
        "      222222222222      ",
        "                        ",
        "                        ",
        "                        ",
        "                        ",
        "                        "
      ]
    }
  }
]
