[
  {
    "type": "mapgen",
    "om_terrain": "lsm_house014_1",
    "weight": 250,
    "method": "json",
    "object": {
      "palettes": [ "lsm_residential", "lsm_residential_items", "lsm_residential_ground", "lsm_residential_lino_bth" ],
      "fill_ter": "t_floor",
      "rows": [
        "...........---..........",
        "..0##oo##..---##oo###...",
        "..0#g  W#0p---oy  sso...",
        "..0#U Z|#o##*##! E y#...",
        "..0#U q|rrr|        #...",
        "..0#q  + h | L|H l a#^..",
        ".###|||| PR| /|H l a#0..",
        ".#C,,dd|+||| $|H    #0..",
        ".o@@,,,| RRR y|T E y#00.",
        ".o@@,,,+     V|!   y#o#.",
        ".#C,,bD|i    V|||    y#.",
        ".#||||||i    y664   h #.",
        ".#C,,,+            ffh#.",
        ".o@@,,|||||| |2 JAhff o.",
        ".o@@,,d|tBB| |1 n  h  o.",
        ".#C,,,d|___+ |O 3A   T#.",
        ".#?II,D|S8Q| |J5F    y#.",
        ".##oo##|||||+######~o##.",
        "...000#dd,D,,#000=====..",
        ".....0#,,,,,,#0..=====..",
        "......#,,@@,,#0..=====..",
        ".%..%.#?C@@C&#..%.jjj...",
        "......##o##o##........%.",
        "........................"
      ],
      "terrain": {
        "~": "t_door_glass_c",
        "_": "t_linoleum_gray",
        "=": "t_floor_noroof",
        "0": [ [ "t_shrub", 2 ], "t_shrub_strawberry", "t_shrub_blueberry" ],
        "%": [ [ "t_region_tree_nut", 5 ], [ "t_region_tree_shade", 4 ], [ "t_region_tree_fruit", 2 ] ],
        ",": "t_carpet_purple",
        "&": "t_carpet_purple",
        "C": "t_carpet_purple",
        "@": "t_carpet_purple",
        "D": "t_carpet_purple",
        "d": "t_carpet_purple",
        "?": "t_carpet_purple",
        "I": "t_carpet_purple",
        "b": "t_carpet_purple"
      },
      "furniture": {
        "!": "f_speaker_cabinet",
        "$": "f_table",
        "&": "f_floor_lamp",
        "?": [ "f_indoor_plant", "f_indoor_plant_y" ],
        "/": "f_rack"
      },
      "items": { "$": { "item": "table_foyer", "chance": 30 }, "/": { "item": "clothing_outdoor_shoes", "chance": 30 } }
    }
  },
  {
    "type": "mapgen",
    "om_terrain": "lsm_house014_r",
    "weight": 250,
    "method": "json",
    "object": {
      "palettes": [ "lsm_residential_roof" ],
      "fill_ter": "t_open_air",
      "rows": [
        "                        ",
        "   ------     -------   ",
        "   3....-     -.....|   ",
        "   3....-------.....|   ",
        "   3................|   ",
        "   3...............~5   ",
        " 333...............~|   ",
        " 3..................|   ",
        " 3..A...............|   ",
        " 3..................||| ",
        " 3....................| ",
        " 3....................| ",
        " 3....................| ",
        " 3...X................| ",
        " 3....................| ",
        " 3..............=.....| ",
        " 3....................| ",
        " 222222......2222222222 ",
        "      3......|          ",
        "      3......|          ",
        "      3......|          ",
        "      3......|          ",
        "      22222222          ",
        "                        "
      ]
    }
  }
]
