[
  {
    "type": "item_group",
    "id": "lsm_safe_commercial",
    "items": [ [ "money_bundle", 10 ], [ "record_accounting", 5 ], [ "mobile_memory_card", 1 ], [ "usb_drive", 1 ] ]
  },
  {
    "type": "item_group",
    "id": "lsm_cleaning_foodservice",
    "subtype": "distribution",
    "entries": [
      { "item": "bleach", "prob": 40, "charges-min": 1 },
      { "item": "ammonia", "prob": 40, "charges-min": 1 },
      { "item": "sponge", "prob": 30 },
      { "item": "gloves_rubber", "prob": 40 },
      { "item": "rag", "prob": 1 },
      { "item": "oxy_powder", "prob": 5 },
      { "item": "soap", "prob": 80 }
    ]
  },
  {
    "type": "item_group",
    "id": "lsm_butcher_shelfstable",
    "items": [
      { "item": "jerky", "prob": 20 },
      { "item": "porkstick", "prob": 10 },
      { "item": "meat_salted", "prob": 15 },
      { "item": "meat_canned", "prob": 5 },
      { "item": "meat_smoked", "prob": 5 },
      { "item": "fish_smoked", "prob": 5 },
      { "item": "meat_pickled", "prob": 10, "charges": 2, "container-item": "jar_glass_sealed" }
    ]
  },
  {
    "type": "item_group",
    "id": "lsm_butcher_fridge",
    "items": [
      { "item": "meat", "prob": 65 },
      { "item": "glazed_tenderloin", "prob": 40 },
      { "item": "fish", "prob": 20 },
      { "item": "cracklins", "prob": 20 },
      { "item": "currywurst", "prob": 5 }
    ]
  },
  {
    "type": "item_group",
    "id": "lsm_butcher_packaged",
    "items": [
      { "item": "bacon", "prob": 20 },
      { "item": "sausage", "prob": 20 },
      { "item": "bratwurst_sausage", "prob": 20 },
      { "item": "hotdogs_frozen", "prob": 20 },
      { "item": "lunchmeat", "prob": 20 },
      { "item": "bologna", "prob": 20 },
      { "item": "sweet_sausage", "prob": 20 }
    ]
  },
  {
    "id": "lsm_butcher_cookbooks",
    "type": "item_group",
    "items": [
      [ "cookbook", 40 ],
      [ "cookbook_sushi", 28 ],
      [ "cookbook_italian", 28 ],
      [ "cookbook_daintydishes", 28 ],
      [ "cookbook_liverforkids", 28 ],
      [ "cookbook_eatyrway", 28 ],
      [ "cookbook_foodfashions", 28 ],
      [ "cookbook_indian", 28 ],
      [ "scots_cookbook", 10 ]
    ]
  },
  {
    "id": "lsm_butcher_behindcounter",
    "type": "item_group",
    "items": [ [ "wrapper", 40 ], [ "plastic_shopping_bag", 50 ] ]
  },
  {
    "id": "lsm_butcher_shelfcondiments",
    "type": "item_group",
    "items": [
      { "item": "seasoning_italian", "prob": 25 },
      { "item": "seasoning_salt", "prob": 25 },
      { "item": "hot_sauce", "prob": 25 },
      { "item": "horseradish", "prob": 25 },
      { "group": "ketchup_sealed_rng", "prob": 25 },
      { "group": "mustard_sealed_rng", "prob": 25 }
    ]
  },
  {
    "id": "lsm_butcher_gearlocker",
    "type": "item_group",
    "items": [
      { "item": "gloves_cut_resistant", "prob": 10 },
      { "item": "gloves_rubber", "prob": 10 },
      [ "apron_leather", 10 ],
      [ "coat_lab", 20 ],
      { "item": "hat_ball", "prob": 50 },
      [ "pants_checkered", 5 ],
      { "item": "ear_plugs", "prob": 50 },
      { "item": "glasses_safety", "prob": 40 },
      { "item": "boots_steel", "prob": 30 }
    ]
  },
  {
    "id": "lsm_coffee_bulk",
    "type": "item_group",
    "items": [ { "item": "roasted_coffee_bean", "prob": 10 } ]
  },
  {
    "type": "item_group",
    "id": "lsm_liquorstore_redwine",
    "subtype": "distribution",
    "entries": [
      { "item": "wine_cabernet", "prob": 30 },
      { "item": "wine_malbec", "prob": 20 },
      { "item": "wine_merlot", "prob": 20 },
      { "item": "wine_noir", "prob": 20 }
    ]
  },
  {
    "type": "item_group",
    "id": "lsm_liquorstore_whitewine",
    "subtype": "distribution",
    "entries": [
      { "item": "wine_riesling", "prob": 20 },
      { "item": "wine_sauvignon", "prob": 20 },
      { "item": "wine_chardonnay", "prob": 30 },
      { "item": "wine_sparkling", "prob": 5 }
    ]
  },
  {
    "type": "item_group",
    "id": "lsm_liquorstore_fortwine",
    "subtype": "distribution",
    "entries": [
      { "item": "wine_vermouth", "prob": 25 },
      { "item": "wine_marsala", "prob": 15 },
      { "item": "madeira", "prob": 5 },
      { "item": "sherry", "prob": 10 },
      { "item": "bristol_sherry", "prob": 5 }
    ]
  },
  {
    "type": "item_group",
    "id": "lsm_liquorstore_expliquor",
    "subtype": "distribution",
    "entries": [
      { "item": "single_pot_whiskey", "prob": 4 },
      { "item": "whiskey", "prob": 4 },
      { "item": "rum", "prob": 4 },
      { "item": "single_malt_bottle", "prob": 4 },
      { "item": "wine_champagne", "prob": 4 },
      { "item": "cognac", "prob": 4 }
    ]
  },
  {
    "type": "item_group",
    "id": "lsm_liquorstore_specliquor",
    "subtype": "distribution",
    "entries": [
      { "item": "triple_sec", "prob": 12 },
      { "item": "pine_wine", "prob": 6 },
      { "item": "fruit_wine", "prob": 12 },
      { "item": "mead", "prob": 10 },
      { "item": "moonshine", "prob": 8 }
    ]
  },
  {
    "type": "item_group",
    "id": "lsm_liquorstore_spirits",
    "subtype": "distribution",
    "entries": [
      { "group": "lsm_liquorstore_spiritsdark", "prob": 5 },
      { "group": "lsm_liquorstore_spiritslight", "prob": 5 },
      { "group": "lsm_liquorstore_spiritsmisc", "prob": 3 }
    ]
  },
  {
    "type": "item_group",
    "id": "lsm_liquorstore_spiritsdark",
    "subtype": "distribution",
    "entries": [
      { "item": "cheap_whiskey", "prob": 10 },
      { "item": "canadian_whiskey", "prob": 10 },
      { "item": "whiskey", "prob": 16 }
    ]
  },
  {
    "type": "item_group",
    "id": "beer",
    "subtype": "distribution",
    "entries": [ { "item": "beer_sour", "prob": 5 } ]
  },
  {
    "type": "item_group",
    "id": "lsm_liquorstore_spiritslight",
    "subtype": "distribution",
    "entries": [ { "item": "gin", "prob": 20 }, { "item": "rum", "prob": 20 }, { "item": "vodka", "prob": 20 } ]
  },
  {
    "type": "item_group",
    "id": "lsm_liquorstore_spiritsmisc",
    "subtype": "distribution",
    "entries": [ { "item": "tequila", "prob": 12 }, { "item": "brandy", "prob": 12 } ]
  },
  {
    "type": "item_group",
    "id": "lsm_liquorstore_coldbeer",
    "subtype": "distribution",
    "entries": [
      { "item": "beer", "prob": 35 },
      { "item": "european_pilsner", "prob": 25 },
      { "item": "drink_hard_seltzer", "prob": 25 },
      { "item": "pale_ale", "prob": 25 },
      { "item": "india_pale_ale", "prob": 25 }
    ]
  },
  {
    "type": "item_group",
    "id": "lsm_liquorstore_coldmisc",
    "subtype": "distribution",
    "entries": [
      { "item": "drink_hard_seltzer", "prob": 25 },
      { "item": "drink_hard_acider", "prob": 25 },
      { "item": "drink_hard_pcider", "prob": 25 }
    ]
  },
  {
    "type": "item_group",
    "id": "lsm_liquorstore_empties",
    "subtype": "distribution",
    "entries": [ { "item": "bottle_glass", "prob": 20 }, { "item": "can_drink", "prob": 30 } ]
  },
  {
    "type": "item_group",
    "id": "lsm_store_packing",
    "subtype": "distribution",
    "entries": [
      { "item": "plastic_shopping_bag", "prob": 60 },
      { "item": "box_large", "prob": 20 },
      { "item": "box_medium", "prob": 20 },
      { "item": "box_small", "prob": 20 }
    ]
  },
  {
    "type": "item_group",
    "id": "lsm_yoga_lockers",
    "subtype": "distribution",
    "entries": [
      { "group": "lsm_yoga_clothing", "prob": 70 },
      { "item": "stockings", "prob": 10 },
      { "item": "towel", "prob": 20 },
      { "item": "fitness_band", "prob": 5 },
      { "item": "sunglasses", "prob": 15 },
      { "item": "fitover_sunglasses", "prob": 5 },
      { "item": "protein_shake", "prob": 10 },
      { "item": "halter_top", "prob": 10 },
      { "item": "arm_warmers", "prob": 5 },
      { "item": "leg_warmers", "prob": 5 },
      { "item": "sneakers", "prob": 20 },
      { "item": "socks", "prob": 20 },
      { "item": "socks_ankle", "prob": 10 },
      { "item": "bandages", "prob": 15 },
      { "item": "cotton_ball", "prob": 5 },
      { "item": "aspirin", "prob": 10 },
      { "item": "survnote", "prob": 1 },
      { "item": "leathersandals", "prob": 5 },
      { "item": "runner_bag", "prob": 15 },
      { "item": "scarf", "prob": 5 },
      { "item": "scarf_long", "prob": 5 },
      { "item": "knit_scarf", "prob": 5 },
      { "item": "long_knit_scarf", "prob": 5 },
      { "item": "barrette", "prob": 5 },
      { "item": "comb_pocket", "prob": 10 },
      { "item": "hairbrush", "prob": 10 }
    ]
  },
  {
    "type": "item_group",
    "id": "lsm_yoga_clothing",
    "subtype": "distribution",
    "entries": [
      { "item": "shorts", "prob": 3 },
      { "item": "tank_top", "prob": 5 },
      { "item": "trunks", "prob": 3 },
      { "item": "leggings", "prob": 5 },
      { "item": "tshirt", "prob": 3 },
      { "item": "sports_bra", "prob": 5 },
      { "item": "unitard", "prob": 3 },
      { "item": "tights", "prob": 4 }
    ]
  }
]
