[
  {
    "type": "mapgen",
    "om_terrain": [ [ "lsm_mixeduse01_bA" ], [ "lsm_mixeduse01_bB" ] ],
    "weight": 250,
    "method": "json",
    "object": {
      "palettes": [ "lsm_building", "lsm_apartments", "lsm_apartments_items" ],
      "fill_ter": "t_thconc_floor",
      "rows": [
        "««««««««««««««««««««««««",
        "««««««««««««««««««««««««",
        "«¦¦¦¦¦¦¦¦¦¦¦¦¦¦¦¦¦¦¦««««",
        "«¦UUU  NNN |µµµ ¥ ¥¦««««",
        "«¦      h  |    ¥ ¥¦««««",
        "«¦   T     |    ¥ ¥¦««««",
        "«¦P  r     |       ¦««««",
        "«¦P hr    q|      þ¦««««",
        "«¦P  r    q|q     þ¦««««",
        "«¦P       q|q     þ¦««««",
        "«¦||||*|||||q      ¦««««",
        "«¦iiii00000*      ©¦««««",
        "«¦000000000|      ©¦««««",
        "«¦000000000|qqq    ¦««««",
        "«¦000000000||||||||¦««««",
        "«¦000000000|ZZɲɲɲX$¦««««",
        "«¦000000000|   ʞ   ¦««««",
        "«¦000000000+      ʞ¦««««",
        "«¦A00000000|      ʞ¦««««",
        "«¦A00000000|WWɲɲɲɷɷ¦««««",
        "«¦00ŔŔŔ0000||||||||¦¦¦««",
        "«¦A0ŔŔŔ00000000000000¦««",
        "«¦A000000000000000000¦««",
        "«¦000000000000|||||00¦««",
        "«¦0000000000|0|Gjj~00¦««",
        "«¦|+||i00000|<||jj~00¦««",
        "«¦   |i00000|||||||00¦««",
        "«¦   |i00000000000000¦««",
        "«¦t S|i00000000000000¦««",
        "«¦||||||||  ||||||||¦¦««",
        "«¦ dd|z2Ш|  |   |zz ¦«««",
        "«¦ zd|z Ш|  |   |zz ¦«««",
        "«¦   |z z|  |   |1  ¦«««",
        "«¦|*|||*||  ||*|||*|¦«««",
        "«¦                  ¦«««",
        "«¦||||||||  ||||||||¦«««",
        "«¦zzM|Ϟdz|  | ͳV|zʞH¦«««",
        "«¦d1M|ШШz|  | z1|zbH¦«««",
        "«¦  M|  z|  |  z|§ H¦«««",
        "«¦|*|||*||  ||*|||*|¦«««",
        "«¦                  ¦«««",
        "«¦|*|||*||  ||*|||*|¦«««",
        "«¦  Ш|ʞ E|  |1 P|d z¦«««",
        "«¦2dd|§zz|  |   |zzz¦«««",
        "«¦Lzz|Lbz|  |Elv|zzz¦«««",
        "«¦¦¦¦¦¦¦¦¦¦¦¦¦¦¦¦¦¦¦¦«««",
        "««««««««««««««««««««««««",
        "««««««««««««««««««««««««"
      ],
      "terrain": { "e": "t_carpet_red", "A": "t_carpet_red", "i": "t_carpet_red", "Ŕ": "t_carpet_red", "0": "t_carpet_red" },
      "furniture": {
        "1": "f_cardboard_box",
        "ʞ": "f_stool",
        "Ŕ": "f_pool_table",
        "M": "f_bench",
        "2": "f_cardboard_box",
        "d": "f_cardboard_box",
        "Ш": "f_clothing_rail",
        "Ϟ": "f_mannequin",
        "ɲ": "f_counter",
        "ͳ": "f_punching_bag",
        "ɷ": "f_sink"
      },
      "items": { "Ŕ": { "item": "pool_table", "chance": 30, "repeat": [ 1, 2 ] } },
      "place_vehicles": [
        { "vehicle": "bicycle", "x": 13, "y": 37, "chance": 100, "status": 1, "fuel": 0, "rotation": 90 },
        { "vehicle": "bicycle", "x": 19, "y": 31, "chance": 100, "status": 1, "fuel": 0, "rotation": 90 }
      ],
      "place_monsters": [
        { "monster": "GROUP_ZOMBIE", "x": [ 2, 18 ], "y": [ 29, 44 ], "chance": 2, "repeat": [ 1, 8 ] },
        { "monster": "GROUP_ZOMBIE", "x": [ 2, 18 ], "y": [ 3, 20 ], "chance": 3, "repeat": [ 3, 12 ] },
        { "monster": "GROUP_ZOMBIE", "x": [ 20, 23 ], "y": [ 24, 43 ], "chance": 3, "repeat": [ 5, 7 ] },
        { "monster": "GROUP_ZOMBIE", "x": [ 10, 11 ], "y": [ 24, 47 ], "chance": 5, "repeat": [ 1, 3 ] }
      ]
    }
  },
  {
    "//": "Ground Floor - Variant 1: coffee shop ",
    "type": "mapgen",
    "om_terrain": [ [ "lsm_mixeduse01_1A" ] ],
    "weight": 250,
    "method": "json",
    "object": {
      "palettes": [ "lsm_building", "lsm_commercial_furniture", "lsm_commercial_items", "lsm_commercial_coffee" ],
      "fill_ter": "t_floor_waxed",
      "rows": [
        "------------------------",
        "----ÞÞÞÞÞ----ÞÞÞÞÞ------",
        "-#####::::ØØ:::#####----",
        "-#Ƒfffffff  ffffffƑ#----",
        "-ðΣΩ ɷ ɷ ɷ   ɷ ɷɷΩɸ#----",
        "-#Ǧ               c#<---",
        "^#Q      Ñ    Ñ  Ñk##---",
        "-#Ñ      aa Ñ aa  k#Þ---",
        "-ðaa    Ñaa  Ñaa  ШðÞ---",
        "-#Ñ   Ñ   Ñ    Ñ  N#Þ---",
        "-# Ñ  aa          Ω#Þ---",
        "-ðaa  aa  eeeeeXƋƈƈ#Þ---",
        "-#Ñ   Ñ Ñ eȹȹʗ     #----",
        "-#Ñ       i       Ωð----",
        "-ðaa ΩhhhNe       N#----",
        "-#Ñ  Ω|||||qqq qqqq#----",
        "-#Ω  Ω|³  ||||+||||#----",
        "-#||+||ÐÇ +¹¹¹¹¹¹¹g#----",
        "-#Δ¹¹¹|³  |¢¹¹¹¹¹¹ʪ#----",
        "-#¹¹¹¹|   |¢H¹¹¹¹¹g#----",
        "-#t¹SM|ʞʞΞ|¢HHʐʐȚſg#----",
        "-#|||||||||||||||||#----",
        "--Ø               Ø-----",
        "-Þ#           ||||#-----"
      ],
      "terrain": {
        "Þ": "t_sidewalk",
        "g": "t_linoleum_gray",
        "ʪ": "t_linoleum_gray",
        "ſ": "t_linoleum_gray",
        "Ț": "t_linoleum_gray",
        "ʐ": "t_linoleum_gray",
        "H": "t_linoleum_gray",
        "¢": "t_linoleum_gray",
        "M": "t_linoleum_gray",
        "S": "t_linoleum_gray",
        "t": "t_linoleum_gray",
        "Δ": "t_linoleum_gray"
      },
      "furniture": { "!": "f_vending_c" },
      "items": { "c": [ { "item": "lsm_flyers", "chance": 100, "repeat": [ 2, 8 ] } ] },
      "place_graffiti": [ { "snippet": "shopname_coffee", "x": 9, "y": 2 } ],
      "place_monsters": [
        { "monster": "GROUP_ZOMBIE", "x": [ 2, 18 ], "y": [ 29, 44 ], "chance": 2, "repeat": [ 1, 8 ] },
        { "monster": "GROUP_ZOMBIE", "x": [ 2, 18 ], "y": [ 3, 20 ], "chance": 3, "repeat": [ 3, 12 ] },
        { "monster": "GROUP_ZOMBIE", "x": [ 20, 23 ], "y": [ 24, 43 ], "chance": 3, "repeat": [ 5, 7 ] },
        { "monster": "GROUP_ZOMBIE", "x": [ 1, 22 ], "y": [ 24, 47 ], "chance": 5, "repeat": [ 3, 5 ] }
      ]
    }
  },
  {
    "//": "Ground Floor - Variant 2: yoga studio ",
    "type": "mapgen",
    "om_terrain": [ [ "lsm_mixeduse01_1A" ] ],
    "weight": 250,
    "method": "json",
    "object": {
      "palettes": [ "lsm_building", "lsm_commercial_furniture", "lsm_commercial_items", "lsm_commercial_yoga" ],
      "fill_ter": "t_floor_waxed",
      "rows": [
        "------------------------",
        "----ÞÞÞÞÞ----ÞÞÞÞÞ------",
        "-#####::::ØØ:::#####----",
        "-#Ƒ ßßßßß      e  Ш#----",
        "-#             X  @#----",
        "-ð             e  @#<---",
        "^#    ߷  ߷  ߷  e  B##---",
        "-#             e  B#Þ---",
        "-ð             e  BðÞ---",
        "-# ߷  ߷  ߷  ߷  eeie#Þ---",
        "-#                 ²Þ---",
        "-ð                ßðÞ---",
        "-#    ߷  ߷  ߷     ß#----",
        "-#                ß#----",
        "-#Ƒ               ß#----",
        "-#||+||     |||+|||#----",
        "-#dÜ  | ??? |Γ    Y#----",
        "-#d  ³|+|||+|Ω    Yð----",
        "-#Ü  Ð|¹Δ|Δ¹| ßßß Y#----",
        "-ð  Ç³|¹¹|¹¹|      #----",
        "-#  ʞʞ|St|St|ΐΐYYYY#----",
        "-#|||||||||||||||||#----",
        "--Ø               Ø-----",
        "-Þ#           ||||#-----"
      ],
      "terrain": { "t": "t_linoleum_gray", "S": "t_linoleum_gray", "Δ": "t_linoleum_gray", "Þ": "t_sidewalk" },
      "place_graffiti": [ { "snippet": "shopname_yogastudio", "x": 9, "y": 2 } ],
      "place_monsters": [
        { "monster": "GROUP_ZOMBIE", "x": [ 2, 18 ], "y": [ 29, 44 ], "chance": 2, "repeat": [ 1, 8 ] },
        { "monster": "GROUP_ZOMBIE", "x": [ 2, 18 ], "y": [ 3, 20 ], "chance": 3, "repeat": [ 3, 12 ] },
        { "monster": "GROUP_ZOMBIE", "x": [ 20, 23 ], "y": [ 24, 43 ], "chance": 3, "repeat": [ 5, 7 ] },
        { "monster": "GROUP_ZOMBIE", "x": [ 1, 22 ], "y": [ 24, 47 ], "chance": 5, "repeat": [ 3, 5 ] }
      ]
    }
  },
  {
    "//": "Ground Floor - Variant 1: Butcher ",
    "type": "mapgen",
    "om_terrain": [ [ "lsm_mixeduse01_1B" ] ],
    "weight": 250,
    "method": "json",
    "object": {
      "palettes": [ "lsm_building", "lsm_commercial_furniture", "lsm_commercial_items", "lsm_commercial_butcher" ],
      "fill_ter": "t_floor_waxed",
      "rows": [
        "-Þ#|*|      }}|Gjj~-----",
        "-Þ#X |$$PO   >||jj~-----",
        "-#|||||||||||||||||#----",
        "-#ʐʐʐeſfe|q  g ȹȹȹ #----",
        "-#¹¹¹¹¹¹e|q  X     #----",
        "-#¹¹¹¹¹¹¹|q  g ȹȹȹ #----",
        "-#ϙ¹ϛEEN¹|q  g     :----",
        "-#¹¹¹¹¹¹¹|q  g ȹȹȹ :----",
        "-#ϙ¹¹¹¹¹¹~   g     :----",
        "-²¹¹ϛEEN¹|   g     Ø----",
        "-#ϙ¹¹¹¹¹¹|   g     Ø----",
        "-#¹¹¹¹¹¹e|gigg  ШШ :----",
        "-#ʐʐʐfſee|Ш     ШШ :Þ---",
        "-#||||||||Ш        :Þ---",
        "-#ΞMʞʞ|tS|  yyyy ||#Þ---",
        "-#  Ç |¹¹|       Øw#Þ---",
        "-# ³Ð³|+||  xxxx Øw#Þ---",
        "-ð       *       Øw##---",
        "-ðÑ      |       Øw#<---",
        "-#       |ØØØØ|  Øw#----",
        "-#YYYΐWWW|wwww|  Øw#----",
        "-####ð#########ðð###----",
        "----^----&&-------------",
        "---------&&-------------"
      ],
      "terrain": {
        "Þ": "t_sidewalk",
        "e": "t_linoleum_gray",
        "f": "t_linoleum_gray",
        "ʐ": "t_linoleum_gray",
        "ſ": "t_linoleum_gray",
        "N": "t_linoleum_gray",
        "E": "t_linoleum_gray",
        "ϛ": "t_linoleum_gray",
        "ϙ": "t_linoleum_gray",
        "S": "t_linoleum_gray",
        "t": "t_linoleum_gray"
      },
      "furniture": { "ϛ": "f_butcher_rack", "ϙ": "f_hanging_meathook", "Ϧ": "f_metal_butcher_rack" },
      "vendingmachines": { "O": { "item_group": "vending_drink" }, "P": { "item_group": "vending_food" } },
      "place_graffiti": [ { "snippet": "shopname_butcher", "x": 19, "y": 11 } ],
      "place_monsters": [
        { "monster": "GROUP_ZOMBIE", "x": [ 2, 18 ], "y": [ 29, 44 ], "chance": 2, "repeat": [ 1, 4 ] },
        { "monster": "GROUP_ZOMBIE", "x": [ 2, 18 ], "y": [ 3, 20 ], "chance": 3, "repeat": [ 3, 8 ] },
        { "monster": "GROUP_ZOMBIE", "x": [ 20, 23 ], "y": [ 24, 43 ], "chance": 3, "repeat": [ 3, 5 ] },
        { "monster": "GROUP_ZOMBIE", "x": [ 1, 22 ], "y": [ 24, 47 ], "chance": 5, "repeat": [ 1, 3 ] }
      ]
    }
  },
  {
    "//": "Ground Floor - Variant 2: liquor store ",
    "type": "mapgen",
    "om_terrain": [ [ "lsm_mixeduse01_1B" ] ],
    "weight": 250,
    "method": "json",
    "object": {
      "palettes": [ "lsm_building", "lsm_commercial_furniture", "lsm_commercial_items", "lsm_commercial_liquor" ],
      "fill_ter": "t_floor_waxed",
      "rows": [
        "-Þ#|*|      }}|Gjj~-----",
        "-Þ#X |$$PO   >||jj~-----",
        "-#|||||||||||||||||#----",
        "-#Ƒ mmmmm  zzz zzzƑ#----",
        "-#Ω                #----",
        "-#ʗ kk ll  yyy xxx #----",
        "-ðʗ kk ll  yyy xxx :----",
        "-#ȹ kk ll ϗ        :----",
        "-#ȹ kk ll  yyy xxx :----",
        "-#                 Ø----",
        "-ð            ƋƋ   Ø----",
        "-#ØØØØØØØØ|n  ƋƋ  Ω:----",
        "-#wwwwwwww|n      ϗ:Þ---",
        "-²ª       |n      ϗ:Þ---",
        "-#A HHHHH |eieeeeXe#Þ---",
        "-#Aϡ      uM      Ƒ#Þ---",
        "-#ABB BB  +       r#Þ---",
        "-#|||+||ΐ |ǐǐǐǐ   r##---",
        "-#¢   ³||+|||||   r#<---",
        "-ð   ÇÐ|¹¹|       q#----",
        "-#ʞʞʞΞ³|St|ÑaaÑΩqqq#----",
        "-####ð#########ðð###----",
        "----^----&&-------------",
        "---------&&-------------"
      ],
      "terrain": { "S": "t_linoleum_gray", "t": "t_linoleum_gray", "Þ": "t_sidewalk" },
      "place_nested": [ { "chunks": [ [ "null", 1 ], [ "lsm_liquorstore_encounter", 1 ] ], "x": [ 2, 13 ], "y": [ 8, 9 ] } ],
      "vendingmachines": { "O": { "item_group": "vending_drink" }, "P": { "item_group": "vending_food" } },
      "place_graffiti": [ { "snippet": "shopname_liquor", "x": 19, "y": 8 } ],
      "place_monsters": [
        { "monster": "GROUP_ZOMBIE", "x": [ 2, 18 ], "y": [ 29, 44 ], "chance": 2, "repeat": [ 1, 4 ] },
        { "monster": "GROUP_ZOMBIE", "x": [ 2, 18 ], "y": [ 3, 20 ], "chance": 3, "repeat": [ 3, 8 ] },
        { "monster": "GROUP_ZOMBIE", "x": [ 20, 23 ], "y": [ 24, 43 ], "chance": 3, "repeat": [ 3, 5 ] },
        { "monster": "GROUP_ZOMBIE", "x": [ 1, 22 ], "y": [ 24, 47 ], "chance": 5, "repeat": [ 1, 3 ] }
      ]
    }
  },
  {
    "type": "mapgen",
    "om_terrain": [ [ "lsm_mixeduse01_2A" ], [ "lsm_mixeduse01_2B" ] ],
    "weight": 250,
    "method": "json",
    "object": {
      "palettes": [ "lsm_building", "lsm_apartments", "lsm_apartments_items", "lsm_apartments_lino_bth" ],
      "fill_ter": "t_floor",
      "rows": [
        "´´´´´´´´´´´´´´´´´´´´´´´´",
        "´´´´´´´´´´´´´´´´´´´´´´´´",
        "´####o####o####o####´´´´",
        "´#HHHlRR ucc[h15JOJ#´´´´",
        "´#H      [cc[ 2   F#}}}´",
        "´oH      [u[[ 6   Y#>¨}´",
        "´#l  El           yo¨¨}´",
        "^#||||||||||       *¨¨}´",
        "´#C@@C  dd§|  VVbMLo¨¨}´",
        "´# @@      |  |||||#¨¨}´",
        "´o         +  +¹¹¹B#¨¨}´",
        "´#y   D dd |RR|88SB#¨¨}´",
        "´#|||||||||||||||||#<¨}´",
        "´#PyRRR HHH E |88SB#¨¨}´",
        "´#r           +¹¹¹B#¨¨}´",
        "´orh          |||||#¨¨}´",
        "´#r  §  sss    qqLyo¨¨}´",
        "´#||||||||||fh     *¨¨}´",
        "´#@@C RRR D|f      o¨¨}´",
        "´#         |  6   M#¨¨}´",
        "´o         +  2   F#¨¨}´",
        "´#dd   b   |RR15JOJ#¨¨}´",
        "´#|||||||||||||||||#¨¨}´",
        "´#@ E R|d rrr|######¨¨}´",
        "´#@   R|d  h |#Gjj~¨¨¨}´",
        "´#C   R|     |##jj~¨¨¨}´",
        "´#y    |d   C||#####¨¨}´",
        "´o     |d  @@|15JOJ#¨¨}´",
        "´#y    |b  @@|2   F#¨¨}´",
        "´#D  dd|§   C|6   yo¨¨}´",
        "´#||+|||||+|||A   [*¨¨}´",
        "´#h   yx        MLyo¨¨}´",
        "´#ff          |||||#¨¨}´",
        "´off          +¹¹¹B#¨¨}´",
        "´#h  sHHHs RR |88SB#¨¨}´",
        "´#|||||||||||||||||#<¨}´",
        "´#dd  III D|zq|88SB#¨¨}´",
        "´#     h   |  +¹¹¹B#¨¨}´",
        "´o@@       +  |||||#¨¨}´",
        "´#@@C§    b|  RRRVyo¨¨}´",
        "´#||||||||||      {*¨¨}´",
        "´#HHHl y           o¨¨}´",
        "´#H           6   L#>¨}´",
        "´oH       ff  2   F#}}}´",
        "´#l xss§ hffh 15JOJ#´´´´",
        "´####o####o####o####´´´´",
        "´´´^´´´´´´´´´´´´´´´´´´´´",
        "´´´´´´´´´´´´´´´´´´´´´´´´"
      ],
      "terrain": { "{": "t_carpet_red", "[": "t_carpet_yellow", "c": "t_carpet_yellow", "u": "t_carpet_yellow" },
      "furniture": { "c": "f_table", "u": "f_chair", "M": "f_table" },
      "items": { "M": { "item": "table_foyer", "chance": 50, "repeat": [ 1, 3 ] } },
      "place_loot": [
        { "item": "television", "x": 4, "y": 44, "chance": 100 },
        { "item": "television", "x": 9, "y": 16, "chance": 100 },
        { "item": "television", "x": 7, "y": 31, "chance": 100 }
      ],
      "place_monsters": [
        { "monster": "GROUP_ZOMBIE", "x": [ 20, 21 ], "y": [ 30, 42 ], "chance": 2, "repeat": [ 3, 5 ] },
        { "monster": "GROUP_ZOMBIE", "x": [ 3, 16 ], "y": [ 31, 34 ], "chance": 3, "repeat": [ 3, 4 ] },
        { "monster": "GROUP_ZOMBIE", "x": [ 12, 18 ], "y": [ 16, 18 ], "chance": 5, "repeat": [ 2, 4 ] },
        { "monster": "GROUP_ZOMBIE", "x": [ 2, 10 ], "y": [ 3, 11 ], "chance": 5, "repeat": [ 1, 2 ] }
      ]
    }
  },
  {
    "type": "mapgen",
    "om_terrain": [ [ "lsm_mixeduse01_3A" ], [ "lsm_mixeduse01_3B" ] ],
    "weight": 250,
    "method": "json",
    "object": {
      "palettes": [ "lsm_building", "lsm_apartments", "lsm_apartments_items", "lsm_apartments_lino_bth" ],
      "fill_ter": "t_floor",
      "rows": [
        "´´´´´´´´´´´´´´´´´´´´´´´´",
        "´´´´´´´´´´´´´´´´´´´´´´´´",
        "´####o####o####o####´´´´",
        "´#RRR HHHH   q15JOJ#´´´´",
        "´#r        E q2   F#}}}´",
        "´orh  lll     6   y#¨¨}´",
        "^#r               yo¨¨}´",
        "´#||||||||||   ff )*¨¨}´",
        "´#dd  III b|  hffhyo¨¨}´",
        "´#         |  |||||#¨¨}´",
        "´o@@       +  +¹¹¹B#¨¨}´",
        "´#C      zz|zz|88SB#¨¨}´",
        "´#|||||||||||||||||#>¨}´",
        "´#rrrRRxxx §  |88SB#¨¨}´",
        "´#ucuuu       +¹¹¹B#¨¨}´",
        "´oucuuu       |||||#¨¨}´",
        "´#rrrRRHHHsE  ffh Lo¨¨}´",
        "´#||||||||||  h    *¨¨}´",
        "´#C   bDD d|      yo¨¨}´",
        "´#@@      d|  6   M#¨¨}´",
        "´o@@       +  2   F#¨¨}´",
        "´#C       §|RR15JOJ#¨¨}´",
        "´#|||||||||||||||||#¨¨}´",
        "´# C@@C|@zzII|######¨¨}´",
        "´#  @@ |@    |#Gjj~¨¨¨}´",
        "´#     | {{{§|##jj~¨¨¨}´",
        "´#y   d|C{{{ ||#####¨¨}´",
        "´o    d| {{{ |15JOJ#¨¨}´",
        "´#     | {{{d|2   F#¨¨}´",
        "´#DD   |b   d|6   Mo¨¨}´",
        "´#||+|||||+|||Y   u*¨¨}´",
        "´#s              bLo¨¨}´",
        "´#H l E  h    |||||#¨¨}´",
        "´oH l    ff   +¹¹¹B#¨¨}´",
        "´#H l E hffhqq|88SB#¨¨}´",
        "´#|||||||||||||||||#>¨}´",
        "´#§   dd DD|RR|88SB#¨¨}´",
        "´#         |  +¹¹¹B#¨¨}´",
        "´o@@       +  |||||#¨¨}´",
        "´#@@C    dd|  hffhLo¨¨}´",
        "´#||||||||||   ff  *¨¨}´",
        "´#yRRR lHHHl      yo¨¨}´",
        "´#r    E      6   M#¨¨}´",
        "´orh         z2   F#}}}´",
        "´#rrr  §sxs zz15JOJ#´´´´",
        "´####o####o####o####´´´´",
        "´´´´^´´´´´´´´´´´´´´´´´´´",
        "´´´´´´´´´´´´´´´´´´´´´´´´"
      ],
      "terrain": { ")": "t_carpet_green", "{": "t_carpet_purple", "c": "t_carpet_red", "u": "t_carpet_red" },
      "furniture": { "c": "f_chair", "M": "f_table" },
      "items": { "M": { "item": "table_foyer", "chance": 50, "repeat": [ 1, 3 ] } },
      "place_loot": [
        { "item": "television", "x": 9, "y": 44, "chance": 100 },
        { "item": "television", "x": 8, "y": 13, "chance": 100 },
        { "item": "laptop", "x": 3, "y": 13, "chance": 100 },
        { "item": "laptop", "x": 3, "y": 16, "chance": 100 }
      ],
      "place_monsters": [
        { "monster": "GROUP_ZOMBIE", "x": [ 20, 21 ], "y": [ 30, 42 ], "chance": 3, "repeat": [ 1, 2 ] },
        { "monster": "GROUP_ZOMBIE", "x": [ 3, 16 ], "y": [ 31, 34 ], "chance": 5, "repeat": [ 1, 2 ] },
        { "monster": "GROUP_ZOMBIE", "x": [ 12, 18 ], "y": [ 16, 18 ], "chance": 3, "repeat": [ 1, 4 ] },
        { "monster": "GROUP_ZOMBIE", "x": [ 2, 10 ], "y": [ 3, 11 ], "chance": 2, "repeat": [ 1, 2 ] }
      ]
    }
  },
  {
    "type": "mapgen",
    "om_terrain": [ [ "lsm_mixeduse01_rA" ], [ "lsm_mixeduse01_rB" ] ],
    "weight": 250,
    "method": "json",
    "object": {
      "palettes": [ "lsm_building_roof" ],
      "fill_ter": "t_open_air",
      "rows": [
        "                        ",
        "                        ",
        " -----------------5-    ",
        " 3.................|    ",
        " 3.................|    ",
        " 3.................|    ",
        " 3.................|    ",
        " 3.................|    ",
        " 3.............=...|    ",
        " 3.................|    ",
        " 3.................|    ",
        " 3.................|    ",
        " 3.................|    ",
        " 3.................|    ",
        " 3.............=...|    ",
        " 3.................|    ",
        " 3.................|    ",
        " 3.................|    ",
        " 3.................|    ",
        " 3...N.............|    ",
        " 3.................|    ",
        " 3.................|    ",
        " 3............MMM..|    ",
        " 3............MMM..|    ",
        " 3............MMM..|    ",
        " 3............MMM..|    ",
        " 3.................|    ",
        " 3.................|    ",
        " 3.................|    ",
        " 3.................5    ",
        " 3.................|    ",
        " 5.................|    ",
        " 3.................|    ",
        " 3.............=...|    ",
        " 3.................|    ",
        " 3.................|    ",
        " 3.................|    ",
        " 3.................|    ",
        " 3.................|    ",
        " 3.....&&......=...|    ",
        " 3.....&&..........|    ",
        " 3.................|    ",
        " 3.................|    ",
        " 3.................|    ",
        " 3.................|    ",
        " 2522222222222222222    ",
        "                        ",
        "                        "
      ],
      "place_nested": [ { "chunks": [ [ "null", 1 ], [ "lsm_rooftop_chunks_6x6", 1 ] ], "x": [ 5, 12 ], "y": [ 27, 37 ] } ]
    }
  }
]
