[
  {
    "//": "Ground Floor - Variant 1: Regular ",
    "type": "mapgen",
    "om_terrain": "lsm_liqstore01_first",
    "weight": 200,
    "method": "json",
    "object": {
      "palettes": [ "lsm_building", "lsm_commercial_furniture", "lsm_commercial_items", "lsm_commercial_liquor" ],
      "fill_ter": "t_floor",
      "rows": [
        "---.ѧ.--.ѧ.---.ѧ.--.ѧ.--",
        "------------------------",
        "--#######::/::##ð##ð##--",
        "--#||ww|ϗϗ,,,aϛϛϛʓʓʓʓ#--",
        "--#||ØØ|ϗ,,,,,,,,,,,,#--",
        "--#wØ,,,,,,,,,yy,zz,ȹð--",
        "--#wØ,kk,eeee,yy,zz,ȹ#--",
        "--#wØ,,,,e,,e,,,,,,,ȹ#--",
        "--#wØ,kk,X,,X,yy,yy,ȹ#--",
        "--#wØ,ll,r,,r,xx,xx,ʗð--",
        "--²wØ,,,,eeie,,,,,,,ʗ#--",
        "--#wØ,ll,,,,,,xxxxx,ʗ#--",
        "--#wØ,mm,,,,,Ƌ|||||||#--",
        "--#wØ,,,,,,,,Ƌ|qqqqqq#--",
        "--#||nnnǐǐǐ,,Ƌ|······#--",
        "--#||||||||*|||···HHH#--",
        "--#ʞʞʞ|ΐΐ·······Hªª¢¢#--",
        "--#,,,*·······|||||||#--",
        "--ðΞ,³||+||W··|ʐ,,,,Ñ#--",
        "--#,,Ð|S¹Δ|W··+,,,,cc#--",
        "--#MÇ³|t¹T|W··|çççÑcc#--",
        "--##ð#######¡#########--",
        "---^-------------&&-----",
        "------------------------"
      ],
      "terrain": {
        "#": "t_adobe_brick_wall",
        "¢": "t_thconc_floor",
        "ª": "t_thconc_floor",
        "H": "t_thconc_floor",
        "q": "t_thconc_floor",
        "W": "t_thconc_floor",
        "ΐ": "t_thconc_floor",
        "T": "t_linoleum_gray",
        "t": "t_linoleum_gray",
        "Δ": "t_linoleum_gray",
        "S": "t_linoleum_gray",
        "ѧ": "t_tree_maple"
      },
      "furniture": { "ϛ": "f_rack", "q": "f_cardboard_box" },
      "items": {
        "ϛ": [ { "item": "salty_snacks", "chance": 50, "repeat": [ 2, 4 ] } ],
        "a": [ { "item": "lsm_flyers", "chance": 100, "repeat": [ 5, 8 ] } ]
      },
	   "place_nested": [ { "chunks": [ [ "null", 1 ], [ "lsm_liquorstore_encounter", 1 ] ], "x": [ 9, 12 ], "y": 4 } ],
      "place_graffiti": [ { "snippet": "shopname_liquor", "x": 10, "y": 2 } ]
    }
  },
  {
    "//": "Ground Floor - Variant 2: Looted ",
    "type": "mapgen",
    "om_terrain": "lsm_liqstore01_first",
    "weight": 100,
    "method": "json",
    "object": {
      "palettes": [
        "lsm_building",
        "lsm_building_looted",
        "lsm_commercial_furniture",
        "lsm_commercial_items_looted",
        "lsm_commercial_liquor_looted"
      ],
      "fill_ter": "t_floor",
      "rows": [
        "---.ѧ.--.ѧ.---.ѧ.--.ѧ.--",
        "------------------------",
        "--#######::/::##ð##ð##--",
        "--#||ww|ϗϗ,,,aϛϛϛʓʓʓʓ#--",
        "--#||ØØ|ϗ,,,,,,,,,,,,#--",
        "--#wØ,,,,,,,,,yy,zz,ȹð--",
        "--#wØ,kk,eeee,yy,zz,ȹ#--",
        "--#wØ,,,,e,,e,,,,,,,ȹ#--",
        "--#wØ,kk,X,,X,yy,yy,ȹ#--",
        "--#wØ,ll,r,,r,xx,xx,ʗð--",
        "--²wØ,,,,eeie,,,,,,,ʗ#--",
        "--#wØ,ll,,,,,,xxxxx,ʗ#--",
        "--#wØ,mm,,,,,Ƌ|||||||#--",
        "--#wØ,,,,,,,,Ƌ|qqqqqq#--",
        "--#||nnnǐǐǐ,,Ƌ|······#--",
        "--#||||||||*|||···HHH#--",
        "--#ʞʞʞ|ΐΐ·······Hªª¢¢#--",
        "--#,,,*·······|||||||#--",
        "--ðΞ,³||+||W··|ʐ,,,,Ñ#--",
        "--#,,Ð|S¹Δ|W··+,,,,cc#--",
        "--#MÇ³|t¹T|W··|çççÑcc#--",
        "--##ð#######¡#########--",
        "---^-------------&&-----",
        "------------------------"
      ],
      "terrain": {
        "#": "t_adobe_brick_wall",
        "¢": "t_thconc_floor",
        "ª": "t_thconc_floor",
        "H": "t_thconc_floor",
        "q": "t_thconc_floor",
        "W": "t_thconc_floor",
        "ΐ": "t_thconc_floor",
        "T": "t_linoleum_gray",
        "t": "t_linoleum_gray",
        "Δ": "t_linoleum_gray",
        "S": "t_linoleum_gray",
        "ѧ": "t_tree_maple"
      },
      "furniture": { "ϛ": "f_rack", "q": "f_cardboard_box" },
      "items": {
        "ϛ": [ { "item": "salty_snacks", "chance": 20, "repeat": [ 2, 4 ] } ],
        "a": [ { "item": "lsm_flyers", "chance": 25, "repeat": [ 5, 8 ] } ]
      },
      "place_graffiti": [ { "snippet": "shopname_liquor", "x": 10, "y": 2 } ]
    }
  },
  {
    "type": "mapgen",
    "om_terrain": "lsm_liqstore01_roof",
    "weight": 250,
    "method": "json",
    "object": {
      "palettes": [ "lsm_building_roof" ],
      "fill_ter": "t_open_air",
      "rows": [
        "                        ",
        "                        ",
        "  --------------------  ",
        "  3..................|  ",
        "  3..................|  ",
        "  3..................|  ",
        "  3&.................|  ",
        "  3..................|  ",
        "  3..................|  ",
        "  3..................|  ",
        "  3..................|  ",
        "  3..................|  ",
        "  3..................|  ",
        "  3..................|  ",
        "  3..................|  ",
        "  3..................|  ",
        "  3..................|  ",
        "  3..............=...|  ",
        "  3..................|  ",
        "  3..................|  ",
        "  3..................|  ",
        "  25222222222222222222  ",
        "                        ",
        "                        "
      ],
      "place_nested": [ { "chunks": [ [ "null", 1 ], [ "lsm_rooftop_chunks_6x6", 1 ] ], "x": [ 9, 12 ], "y": [ 8, 14 ] } ]
    }
  }
]
