[
  {
    "//": "reflecting pool",
    "type": "mapgen",
    "om_terrain": "lsm_forest_enc",
    "weight": 10,
    "method": "json",
    "object": {
      "palettes": [ "lsm_forest" ],
      "fill_ter": "t_region_groundcover_forest",
      "rows": [
        "                        ",
        "                        ",
        "       . .  .  . .. .   ",
        "     .  . ..  . ..      ",
        "     . .  ..........    ",
        "    ..... ...........   ",
        "    ................    ",
        " .   ..... .... ... .   ",
        "     ............ ...   ",
        "  .  .................  ",
        "     ................   ",
        "    ...... .www .....   ",
        "     ....wwwWwWw . .    ",
        "   .. . wwWWWWWWw..     ",
        "  . .  .wWWWWWWWWw. .   ",
        "    . . wWWWWWWWWw .    ",
        "    . . wWWWWWWWWw. .   ",
        "    .   wwWWWWWWww  .   ",
        "     . .wwwwWWwww ..    ",
        "  .. .   . wwww  ... .  ",
        " . .  ......!..... .  . ",
        "   . .  .........  . .  ",
        "        . .  . .   .    ",
        "                . .     "
      ],
      "furniture": { "!": "f_statue" }
    }
  },
  {
    "//": "relaxation ",
    "type": "mapgen",
    "om_terrain": "lsm_forest_enc",
    "weight": 10,
    "method": "json",
    "object": {
      "palettes": [ "lsm_forest" ],
      "fill_ter": "t_region_groundcover_forest",
      "rows": [
        "                        ",
        "                        ",
        "                        ",
        "                        ",
        "        ........        ",
        "      .............     ",
        "        ..&&&&&&...     ",
        "      ....&%&&&&.       ",
        "        ..&!&&$&..      ",
        "        ..&&&&&&....    ",
        "        ..&&&&&&.       ",
        "       ...........      ",
        "         .....          ",
        "                        ",
        "                        ",
        "                        ",
        "                        ",
        "                        ",
        "                        ",
        "                        ",
        "                        ",
        "                        ",
        "                        ",
        "                        "
      ],
      "terrain": { "&": "t_carpet_green", "!": "t_carpet_green", "$": "t_carpet_green", "%": "t_carpet_green" },
      "furniture": { "!": "f_armchair", "$": "f_table", "%": "f_floor_lamp" },
      "place_loot": [ { "item": "television", "x": 14, "y": 8, "chance": 100 } ]
    }
  },
  {
    "//": "graves ",
    "type": "mapgen",
    "om_terrain": "lsm_forest_enc",
    "weight": 10,
    "method": "json",
    "object": {
      "palettes": [ "lsm_forest" ],
      "fill_ter": "t_region_groundcover_forest",
      "rows": [
        "                        ",
        "                        ",
        "                        ",
        "                        ",
        "                        ",
        "                  !$    ",
        "                        ",
        "           !$           ",
        "                        ",
        "                        ",
        "            !$   !$     ",
        "                        ",
        "                        ",
        "           !$           ",
        "                   !$   ",
        "                        ",
        "                        ",
        "           !$           ",
        "                        ",
        "                  !$    ",
        "                        ",
        "     !                  ",
        "                        ",
        "                        "
      ],
      "terrain": { "!": "t_grave" },
      "furniture": { "$": "f_grave_stone_old" }
    }
  },
  {
    "//": "shallow grave ",
    "type": "mapgen",
    "om_terrain": "lsm_forest_enc",
    "weight": 10,
    "method": "json",
    "object": {
      "palettes": [ "lsm_forest" ],
      "fill_ter": "t_region_groundcover_forest",
      "rows": [
        "                        ",
        "                        ",
        "                        ",
        "                        ",
        "                        ",
        "                        ",
        "                        ",
        "                        ",
        "                        ",
        "                        ",
        "                        ",
        "                        ",
        "                        ",
        "                        ",
        "            ....        ",
        "            .$$.        ",
        "            .$$.        ",
        "            ..!%        ",
        "            ...%        ",
        "                        ",
        "                        ",
        "                        ",
        "                        ",
        "                        "
      ],
      "terrain": { "%": "t_dirtmound", "!": "t_pit_corpsed" },
      "furniture": { "$": "f_groundsheet" },
      "place_loot": [
        { "item": "9mm_casing", "x": 13, "y": 16, "chance": 100 },
        { "item": "9mm_casing", "x": 12, "y": 17, "chance": 100 },
        { "item": "shovel", "x": 13, "y": 18, "chance": 100 }
      ]
    }
  },
  {
    "//": "abandoned tent ",
    "type": "mapgen",
    "om_terrain": "lsm_forest_enc",
    "weight": 10,
    "method": "json",
    "object": {
      "palettes": [ "lsm_forest" ],
      "fill_ter": "t_region_groundcover_forest",
      "rows": [
        "                        ",
        "                        ",
        "                        ",
        "                        ",
        "                        ",
        "                        ",
        "                        ",
        "                        ",
        "                        ",
        "                        ",
        "                        ",
        "                        ",
        "                        ",
        "          .......       ",
        "          ....&..       ",
        "          .......       ",
        "          .%%!%%.       ",
        "          .%$$$%.       ",
        "          .%$$$%.       ",
        "          .%$$$%.       ",
        "          .%$$$%.       ",
        "          .%%%%%.       ",
        "          .......       ",
        "                        "
      ],
      "furniture": { "!": "f_canvas_door_o", "$": "f_canvas_floor", "&": "f_brazier", "%": "f_canvas_wall" },
      "place_loot": [
        { "group": "foodintincan", "x": 16, "y": 17, "chance": 50, "repeat": [ 6, 8 ] },
        { "group": "stash_wood", "x": 17, "y": 15, "chance": 50, "repeat": [ 3, 5 ] },
        { "group": "cannedfood", "x": [ 9, 8 ], "y": [ 15, 14 ], "chance": 30, "repeat": [ 3, 5 ] },
        { "item": "sleeping_bag", "x": 12, "y": 19, "chance": 100 },
        { "item": "binoculars", "x": 12, "y": 17, "chance": 75 },
        { "item": "backpack", "x": 14, "y": 19, "chance": 75 }
      ]
    }
  },
  {
    "//": "fox hunt ",
    "type": "mapgen",
    "om_terrain": "lsm_forest_enc",
    "weight": 10,
    "method": "json",
    "object": {
      "palettes": [ "lsm_forest" ],
      "fill_ter": "t_region_groundcover_forest",
      "rows": [
        "                        ",
        "                        ",
        "                        ",
        "                        ",
        "                        ",
        "                        ",
        "                        ",
        "                        ",
        "                        ",
        "              ?         ",
        "                        ",
        "          ?             ",
        "                        ",
        "                   !    ",
        "                        ",
        "             !          ",
        "                        ",
        "                ! !     ",
        "                        ",
        "                        ",
        "                        ",
        "                        ",
        "                        ",
        "                        "
      ],
      "monster": { "?": { "monster": "mon_fox_red" }, "!": { "monster": "mon_rabbit" } }
    }
  },
  {
    "//": "fire ",
    "type": "mapgen",
    "om_terrain": "lsm_forest_enc",
    "weight": 10,
    "method": "json",
    "object": {
      "palettes": [ "lsm_forest" ],
      "fill_ter": "t_region_groundcover_forest",
      "rows": [
        "                        ",
        "      $$  $  $   $   $  ",
        "   $     $   $ $       $",
        "      $     $    $      ",
        "        $ $ $  $     $  ",
        "       $ $$  $ $$   $  $",
        "    $   $  @$     $     ",
        "     $ $ @$ @$ $ $$ $ $ ",
        "  $    $  @@@   @      $",
        "       @@@ $@@@$$@ $    ",
        "  $      $ @@@$ @@    $ ",
        "       @  @ $@ @$  @    ",
        "        $$@@ @$ @  $   $",
        "        @ $@@ $@@ $   $ ",
        "  $  $   $$$@   @@@ $  $",
        "        $@ @@$$ @@      ",
        "         @ $@@@ $@$   $ ",
        "          $ @@$@$@@$    ",
        "     $   $@  @ $@@ $$   ",
        "  $        $ $@ $@$$$  $",
        "              $  $$$    ",
        "       $         $      ",
        "         $          $   ",
        "  $   $     $$          "
      ],
      "terrain": { "$": "t_trunk" },
      "place_loot": [
        { "item": "stick", "x": [ 18, 9 ], "y": [ 19, 7 ], "chance": 100, "repeat": [ 5, 8 ] },
        { "item": "log", "x": [ 18, 9 ], "y": [ 19, 7 ], "chance": 100, "repeat": [ 25, 40 ] }
      ],
      "fields": { "@": [ { "field": "fd_fire", "age": 1, "density": 3 } ] },
      "place_fields": [ { "field": "fd_fire", "x": [ 1, 22 ], "y": [ 1, 22 ], "repeat": 240 } ]
    }
  },
  {
    "//": "doll congregation",
    "type": "mapgen",
    "om_terrain": "lsm_forest_enc",
    "weight": 10,
    "method": "json",
    "object": {
      "palettes": [ "lsm_forest" ],
      "fill_ter": "t_region_groundcover_forest",
      "rows": [
        "                        ",
        "                        ",
        "                        ",
        "                        ",
        "                        ",
        "                        ",
        "                        ",
        "                        ",
        "                        ",
        "                        ",
        "     . ...... .. ..     ",
        "       _ ._...._.._     ",
        "      .............     ",
        "   .. .._.%....&..$     ",
        "       ............     ",
        "      .............     ",
        "    . .._..$..._.!!     ",
        "        ..........      ",
        "        ...........     ",
        "       . .........      ",
        "           ..=....      ",
        "                        ",
        "                        ",
        "                        "
      ],
      "furniture": { "!": "f_bench", "$": "f_camp_chair", "%": "f_crate_c", "&": "f_stool", "_": "f_chair", "=": "f_armchair" },
      "place_loot": [
        { "item": "talking_doll", "x": 17, "y": 16, "chance": 100 },
        { "item": "dinosuit", "x": 15, "y": 16, "chance": 100 },
        { "item": "straw_doll", "x": 18, "y": 13, "chance": 100 },
        { "item": "talking_doll", "x": 15, "y": 13, "chance": 100 },
        { "item": "straw_doll", "x": 18, "y": 11, "chance": 100 },
        { "item": "straw_doll", "x": 18, "y": 11, "chance": 100 },
        { "item": "talking_doll", "x": 11, "y": 16, "chance": 100 },
        { "item": "straw_doll", "x": 8, "y": 16, "chance": 100 },
        { "item": "dinosuit", "x": 10, "y": 13, "chance": 100 },
        { "item": "talking_doll", "x": 8, "y": 13, "chance": 100 },
        { "item": "straw_doll", "x": 10, "y": 11, "chance": 100 },
        { "item": "straw_doll", "x": 7, "y": 11, "chance": 100 },
        { "item": "clown_suit", "x": 15, "y": 11, "chance": 100 },
        { "item": "clownshoes", "x": 15, "y": 11, "chance": 100 },
        { "item": "creepy_doll", "x": 13, "y": 20, "chance": 100 }
      ]
    }
  },
  {
    "//": "ruined church ",
    "type": "mapgen",
    "om_terrain": "lsm_forest_enc",
    "weight": 10,
    "method": "json",
    "object": {
      "palettes": [ "lsm_forest", "lsm_forest_ruinedbldg" ],
      "fill_ter": "t_region_groundcover_forest",
      "rows": [
        "                        ",
        "                        ",
        "                        ",
        "                        ",
        "                        ",
        "                        ",
        "    /|/|| |#+ |/|//|    ",
        "    / ; **: ** *   /    ",
        "    | ;;*;  ** : * ;    ",
        "    ;  ** **;;** ;;/    ",
        "    = ~~**   ~~*~;;0    ",
        "    /:  **:* ***; **::  ",
        "    |;  ** * **** **:   ",
        "    = ~~:~* **;~~  =    ",
        "    / ** ** *;:;* *     ",
        "    | ** **;;; *; *     ",
        "    0 ~*~~  ;~~:*; |    ",
        "     ;* ** * *;  ;;=    ",
        "    |;*;;* * **:;*;|    ",
        "     ;* **&*&*:* *;     ",
        "    / * **  * **;*?|    ",
        "    //||=; /|/0=|: /    ",
        "                ;;      ",
        "                        "
      ],
      "terrain": {
        "]": [ [ "t_wall_wood_broken", 4 ], "t_wall_wood_chipped" ],
        "=": "t_window_boarded_noglass",
        "+": "t_door_boarded",
        "_": "t_door_boarded_damaged",
        "|": [ [ "t_wall_wood", 4 ], "t_wall_wood_chipped" ],
        "0": "t_window_empty",
        ",": [ [ "t_region_groundcover_barren", 12 ], [ "t_railroad_rubble", 8 ], [ "t_region_groundcover", 2 ] ]
      },
      "furniture": { "~": "f_bench", "&": "f_brazier", "?": "f_woodstove" }
    }
  },
  {
    "//": "ruined house ",
    "type": "mapgen",
    "om_terrain": "lsm_forest_enc",
    "weight": 10,
    "method": "json",
    "object": {
      "palettes": [ "lsm_forest", "lsm_forest_ruinedbldg" ],
      "fill_ter": "t_region_groundcover_forest",
      "rows": [
        "                        ",
        "                        ",
        "                        ",
        "                        ",
        "                        ",
        "                        ",
        "     D                  ",
        "                      ) ",
        "                        ",
        "                        ",
        "                        ",
        "                        ",
        "                        ",
        "       //|/|;;0+|/;;||/ ",
        "       **** ;;**`**;; / ",
        "       **`***;***   ; | ",
        "       =****  `*******= ",
        "       |  *;::*;*;* :!| ",
        "       / ;  ::**** ;!!/ ",
        "       #    ;:*`;`*** | ",
        "       0******;*``;: *0 ",
        "       ;`***:**:**:**;| ",
        "       ;;/=/|/|/|/=||/| ",
        "                        "
      ],
      "terrain": { ")": "t_improvised_shelter" },
      "furniture": { "!": "f_makeshift_bed" }
    }
  },
  {
    "//": "light reading",
    "type": "mapgen",
    "om_terrain": "lsm_forest_enc",
    "weight": 10,
    "method": "json",
    "object": {
      "palettes": [ "lsm_forest" ],
      "fill_ter": "t_region_groundcover_forest",
      "rows": [
        "                        ",
        "                        ",
        "                        ",
        "                        ",
        "                        ",
        "                        ",
        "                        ",
        "                        ",
        "                        ",
        "                        ",
        "                        ",
        "                        ",
        "                        ",
        "                        ",
        "                        ",
        "                        ",
        "                        ",
        "            ?           ",
        "                        ",
        "                        ",
        "                        ",
        "                        ",
        "                        ",
        "                        "
      ],
      "terrain": { "?": "t_stump" },
      "place_loot": [ { "item": "mag_porn", "x": [ 5, 8 ], "y": [ 7, 14 ], "chance": 100, "repeat": [ 5, 10 ] } ]
    }
  },
  {
    "//": "lost dump ",
    "type": "mapgen",
    "om_terrain": "lsm_forest_enc",
    "weight": 10,
    "method": "json",
    "object": {
      "palettes": [ "lsm_forest" ],
      "fill_ter": "t_region_groundcover_forest",
      "rows": [
        "....... ............    ",
        " ............... ...... ",
        "..  . ...............   ",
        ".     . .  ............ ",
        ".=..,  ..     ......... ",
        ".=  ......!.~ .._.  .   ",
        " =......, !...  .. )))))",
        "....   ...   ,...  )))))",
        ". . !..... ..   ...%))))",
        ". , ...,.....,..%.%)))))",
        ".  . ..... .... %..)))))",
        " ..  /../. ,? ....))))))",
        ".     . / . ...?...)))))",
        " .. ,...........,., &)))",
        ".... ...,.. . .,... &)))",
        "...  , &&..  _ ..$$..)))",
        "..... ... .,... .. .. ) ",
        ". ..,..,. .,...,.,. ... ",
        "..   ...,,,.  ,.... ==  ",
        "  .. ~ ,,,  ,..,.,..  ..",
        ".... ~. .,.  ! ,.,... ..",
        "......  %   ..   ..,....",
        "...... % ......  _   .. ",
        ".. .. ................ ."
      ],
      "terrain": { ")": "t_dirt" },
      "furniture": {
        "!": "f_toilet",
        "$": "f_bathtub",
        "%": "f_fridge",
        "&": "f_desk",
        "_": "f_armchair",
        "=": "f_sofa",
        "~": "f_rack",
        "?": "f_sink",
        "/": "f_crate_c",
        ",": "f_rubble_rock"
      },
      "place_loot": [ { "group": "trash", "x": [ 1, 23 ], "y": [ 1, 22 ], "chance": 100, "repeat": [ 80, 100 ] } ]
    }
  },
  {
    "//": "incredible journey",
    "type": "mapgen",
    "om_terrain": "lsm_forest_enc",
    "weight": 10,
    "method": "json",
    "object": {
      "palettes": [ "lsm_forest" ],
      "fill_ter": "t_region_groundcover_forest",
      "rows": [
        "                        ",
        "                        ",
        "                        ",
        "                        ",
        "                        ",
        "                        ",
        "                        ",
        "                        ",
        "                        ",
        "                        ",
        "                        ",
        "                        ",
        "                        ",
        "          !   ?         ",
        "            S           ",
        "                        ",
        "                        ",
        "                        ",
        "                        ",
        "                        ",
        "                        ",
        "                        ",
        "                        ",
        "                        "
      ],
      "monster": { "?": { "monster": "mon_dog_gpyrenees" }, "S": { "monster": "mon_cat_siamese" }, "!": { "monster": "mon_dog_bull" } }
    }
  },
  {
    "//": "grabbed ",
    "type": "mapgen",
    "om_terrain": "lsm_forest_enc",
    "weight": 10,
    "method": "json",
    "object": {
      "palettes": [ "lsm_forest" ],
      "fill_ter": "t_region_groundcover_forest",
      "rows": [
        "                        ",
        "                        ",
        "                        ",
        "                        ",
        "                        ",
        "                        ",
        "                        ",
        "                        ",
        "          ......        ",
        "          .W..W.        ",
        "          ......        ",
        "       ...   .W.        ",
        "     ...W... .....      ",
        "     .W...W.....W.      ",
        "     ... ....W.....     ",
        "     .W.    ... .W.     ",
        "     ......     ...     ",
        "        BW.  ...        ",
        "     BBBBB.. .W....     ",
        "         .W. ....W.     ",
        "         ...    ...     ",
        "                        ",
        "                        ",
        "                        "
      ],
      "fields": { "B": [ { "field": "fd_blood" } ] },
      "place_loot": [ { "item": "corpse_bloody", "x": 4, "y": 18, "chance": 100 } ]
    }
  },
  {
    "//": "camp ",
    "type": "mapgen",
    "om_terrain": "lsm_forest_enc",
    "weight": 10,
    "method": "json",
    "object": {
      "palettes": [ "lsm_forest", "lsm_forest_ruinedbldg" ],
      "fill_ter": "t_region_groundcover_forest",
      "rows": [
        "    |; / //;/           ",
        "    .; ; ::  |          ",
        "    |.;.:  . #          ",
        "    =.... :..;.         ",
        "    | ;...:..0.....     ",
        " ... ; ...  .| ... .... ",
        " ...|/+/..//|....ccccc  ",
        "  %.. ...........cbbbc  ",
        "  ....    .......abbbc. ",
        "   ... . ... . ..ccccc. ",
        " !!. .................  ",
        " .....  . .   . ....    ",
        "  . .  ..%..      ..    ",
        " .... . .. .. .... .    ",
        "  ..  .. .... ..%....   ",
        " %.. . ... .....  ....  ",
        " ............. ... .    ",
        "  . ........ ........   ",
        "   .ccacc ... ... ....  ",
        "  ..cbbbc.... .. .%.    ",
        "  ..cbbbc. . .%....  .  ",
        "  ..ccccc     ...       ",
        "   .           .        ",
        "                        "
      ],
      "terrain": { "%": "t_improvised_shelter" },
      "furniture": { ";": "f_rubble_rock", "a": "f_canvas_door_o", "b": "f_canvas_floor", "c": "f_canvas_wall" ,      "!": "f_makeshift_bed"},
      "place_loot": [
        { "item": "sleeping_bag", "x": [ 17, 4 ], "y": [ 16, 10 ], "chance": 100, "repeat": [ 2, 3 ] },
        { "group": "trash", "x": [ 1, 23 ], "y": [ 1, 22 ], "chance": 100, "repeat": [ 12, 30 ] }
      ]
    }
  },
  {
    "//": "clothed",
    "type": "mapgen",
    "om_terrain": "lsm_forest_enc",
    "weight": 10,
    "method": "json",
    "object": {
      "palettes": [ "lsm_forest" ],
      "fill_ter": "t_region_groundcover_forest",
      "rows": [
        "                        ",
        "       x                ",
        "              y         ",
        "    x                   ",
        "                   x    ",
        "                        ",
        "                        ",
        "                        ",
        "   y                    ",
        "          x        y    ",
        "                        ",
        "                        ",
        "                        ",
        "      x      y          ",
        "                        ",
        "                        ",
        "                   x    ",
        "   y                    ",
        "                        ",
        "                  y     ",
        "      y                 ",
        "           x            ",
        "                        ",
        "                        "
      ],
      "terrain": { "x": "t_region_tree_shade", "y": "t_region_tree_shade" },
      "items": {
        "x": [ { "item": "SUS_dresser_womens", "chance": 50, "repeat": [ 1, 2 ] } ],
        "y": [ { "item": "SUS_dresser_mens", "chance": 50, "repeat": [ 1, 2 ] } ]
      }
    }
  },
  {
    "//": "portage ",
    "type": "mapgen",
    "om_terrain": "lsm_forest_enc",
    "weight": 10,
    "method": "json",
    "object": {
      "palettes": [ "lsm_forest" ],
      "fill_ter": "t_region_groundcover_forest",
      "rows": [
        "                        ",
        "                        ",
        "                        ",
        "                        ",
        "                        ",
        "                        ",
        "                        ",
        "                        ",
        "                        ",
        "                        ",
        "                        ",
        "................        ",
        "................        ",
        "............Z...        ",
        "................        ",
        "................        ",
        "................        ",
        "................        ",
        "                        ",
        "                        ",
        "                        ",
        "                        ",
        "                        ",
        "                        "
      ],
      "vehicles": { "Z": { "vehicle": "canoe", "chance": 100, "status": 75, "rotation": 0 } },
      "place_loot": [
        { "item": "backpack", "x": [ 9, 10 ], "y": [ 13, 14 ], "chance": 50, "repeat": [ 2 ] },
        { "item": "radio", "x": [ 9, 10 ], "y": [ 13, 14 ], "chance": 50 },
        { "item": "hatchet", "x": [ 9, 10 ], "y": [ 13, 14 ], "chance": 50 },
        { "item": "sleeping_bag", "x": [ 9, 10 ], "y": [ 13, 14 ], "chance": 100, "repeat": [ 2 ] },
        { "item": "flotation_vest", "x": [ 9, 10 ], "y": [ 13, 14 ], "chance": 100, "repeat": [ 2, 1 ] },
        { "group": "guns_survival", "x": [ 9, 10 ], "y": [ 13, 14 ], "chance": 100, "repeat": [ 1, 1 ] },
        { "group": "stash_food", "x": [ 9, 10 ], "y": [ 13, 14 ], "chance": 100, "repeat": [ 10, 12 ] },
        { "item": "pine_bough", "x": [ 8, 14 ], "y": [ 11, 15 ], "chance": 100, "repeat": [ 50, 60 ] }
      ]
    }
  },
  {
    "//": "ritual ",
    "type": "mapgen",
    "om_terrain": "lsm_forest_enc",
    "weight": 10,
    "method": "json",
    "object": {
      "palettes": [ "lsm_forest" ],
      "fill_ter": "t_region_groundcover_forest",
      "rows": [
        "                        ",
        "                        ",
        "                        ",
        "                        ",
        "                        ",
        "                        ",
        "                        ",
        "                        ",
        "                        ",
        "            ..          ",
        "         {..{.          ",
        "        .. ...{.        ",
        "       .........        ",
        "      . ........        ",
        "      . {.....{ .       ",
        "       .........        ",
        "      ..{..{...         ",
        "        ... ..          ",
        "       . ....           ",
        "               ,,       ",
        "               ,,       ",
        "                        ",
        "                        ",
        "                        "
      ],
      "terrain": { ",": "t_pit_shallow" },
      "furniture": { "{": [ [ "f_boulder_medium", 2 ], "f_boulder_large" ] },
      "place_loot": [
        { "group": "corpses", "x": [ 15, 16 ], "y": [ 19, 20 ], "chance": 50, "repeat": [ 3, 4 ] },
        { "item": "robe", "x": [ 15, 16 ], "y": [ 19, 20 ], "chance": 50, "repeat": [ 3, 4 ] },
        { "group": "rock_debris_soil", "x": [ 15, 16 ], "y": [ 19, 20 ], "chance": 100, "repeat": [ 10, 14 ] },
        { "item": "sickle", "x": 15, "y": [ 19, 20 ], "chance": 100 }
      ]
    }
  },
  {
    "//": "den ",
    "type": "mapgen",
    "om_terrain": "lsm_forest_enc",
    "weight": 10,
    "method": "json",
    "object": {
      "palettes": [ "lsm_forest" ],
      "fill_ter": "t_region_groundcover_forest",
      "rows": [
        "                        ",
        "                        ",
        "                        ",
        "                        ",
        "                        ",
        "                        ",
        "                        ",
        "             ....       ",
        "              ...       ",
        "           ~ ....~    ~ ",
        "      ~     .. .....    ",
        "           .  ......    ",
        "            .......?_   ",
        "           ..!......... ",
        "         ...!!..... ... ",
        "          .!!.......... ",
        "      ~  .....~...?_..  ",
        "     ~    ........ _?_  ",
        "  ~      ..?.......__.  ",
        "  ww       _..?_......  ",
        " wwwww ~  .........?..  ",
        "  wwwww     ~......_..  ",
        "   wwwww   .... ....    ",
        "            ~    ~      "
      ],
      "terrain": { "?": "t_pit_shallow", "_": [ [ "t_dirtmound", 98 ], [ "t_region_soil", 2 ] ] },
      "furniture": { "!": [ [ "f_boulder_medium", 3 ], "f_boulder_large" ] },
      "monster": { "~": { "monster": "mon_rabbit" }, "?": { "monster": "mon_rabbit" } }
    }
  },
  {
    "//": "pile ",
    "type": "mapgen",
    "om_terrain": "lsm_forest_enc",
    "weight": 10,
    "method": "json",
    "object": {
      "palettes": [ "lsm_forest" ],
      "fill_ter": "t_region_groundcover_forest",
      "rows": [
        "                        ",
        "                        ",
        "                        ",
        "                        ",
        "                        ",
        "                        ",
        "                        ",
        "                        ",
        "                        ",
        "                        ",
        "                        ",
        "                        ",
        "                        ",
        "                        ",
        "                        ",
        "                        ",
        "                        ",
        "                        ",
        "                        ",
        "                        ",
        "                        ",
        "                        ",
        "                        ",
        "                        "
      ],
      "place_loot": [ { "item": "bodypillow", "x": [ 12, 13 ], "y": [ 11, 12 ], "chance": 100, "repeat": [ 6, 10 ] } ]
    }
  },
  {
    "//": "car graveyard ",
    "type": "mapgen",
    "om_terrain": "lsm_forest_enc",
    "weight": 10,
    "method": "json",
    "object": {
      "palettes": [ "lsm_forest" ],
      "fill_ter": "t_region_groundcover_forest",
      "rows": [
        "                        ",
        "                        ",
        "                        ",
        "                        ",
        "                        ",
        "                        ",
        "                        ",
        "                        ",
        "                /       ",
        "                    )   ",
        "                        ",
        "                        ",
        "                        ",
        "                        ",
        "           0            ",
        "                        ",
        "                        ",
        "                        ",
        "                        ",
        "                   %    ",
        "                        ",
        "                        ",
        "                        ",
        "                        "
      ],
      "place_loot": [  ],
      "vehicles": {
        "0": { "vehicle": "car_chassis", "chance": 100, "status": 1, "rotation": 125  },
        "/": { "vehicle": "car_chassis", "chance": 100, "status": 1, "rotation": 270  },
        ")": { "vehicle": "car_chassis", "chance": 100, "status": 1, "rotation": 90},
        "%": { "vehicle": "car_chassis", "chance": 100, "status": 1, "rotation": 0 }
      }
    }
  },
  {
    "//": "sunken ",
    "type": "mapgen",
    "om_terrain": "lsm_forest_enc",
    "weight": 10,
    "method": "json",
    "object": {
      "palettes": [ "lsm_forest" ],
      "fill_ter": "t_region_groundcover_forest",
      "rows": [
        " .                      ",
        "      .wwwwwwww...      ",
        "     .wwwwwwwwwwww      ",
        "    .wwwwwwwwwwww.      ",
        "  .wwwwwwwwwwwwwww..    ",
        "  .wwwwwwwwwwwwwww...   ",
        "  wwwwwwwWWWWWwwwww...  ",
        "  .wwwwwwWWWWWwwwwww..  ",
        "  .wwWWWWWWWWWWwwwww... ",
        " .wwwWWWWWWWWWWWWwww..  ",
        " .wwwwwWWWWWWWWWWwww..  ",
        " .wwwWWWWWWWWWWWWwwww.. ",
        " .wwwWWWWWWWWWWWWWwwwww ",
        "  wwwwwWWWWWWWWWWWwwwww ",
        ".wwwwwwwwWWWWWWWWWWwww..",
        ".wwwwwwwwwWWWWWWWWwwww..",
        ".....wwwwwwWwWWwWwwwwww ",
        "....wwwwwwwwwwwwwwwwwww ",
        ".....wwwwwwwwwwwwwwww.  ",
        "......wwwwwwwwwwwwww.   ",
        "......wwwwwww.ww www..  ",
        "....... .   . .   ....  ",
        ".  ...                  ",
        "                        "
      ],
      "place_vehicles": [ { "vehicle": "car", "x": 6, "y": 15, "chance": 50, "status": 1, "fuel": 0, "rotation": 350 } ]
    }
  },
  {
    "//": "ran out",
    "type": "mapgen",
    "om_terrain": "lsm_forest_enc",
    "weight": 10,
    "method": "json",
    "object": {
      "palettes": [ "lsm_forest" ],
      "fill_ter": "t_region_groundcover_forest",
      "rows": [
        "                        ",
        "                        ",
        "                        ",
        "                        ",
        "                        ",
        "                        ",
        "                        ",
        "                        ",
        "                        ",
        "                        ",
        "                        ",
        "                        ",
        "                        ",
        "                        ",
        "                        ",
        "                        ",
        "... ..... .........X    ",
        "                        ",
        "                        ",
        "                        ",
        "                        ",
        "                        ",
        "                        ",
        "                        "
      ],
      "items": {
        "X": [
          { "item": "guns_pistol_common", "chance": 100 },
          { "item": "clothing_outdoor_set", "chance": 100 },
          { "item": "corpse_female", "chance": 100 }
        ]
      },
      "place_loot": [
        { "item": "briefcase", "x": 18, "y": 16 },
        { "item": "money_bundle", "x": [ 0, 16 ], "y": 16, "chance": 100, "repeat": [ 10, 16 ] }
      ]
    }
  }
]
