[
  {
    "id": "yoga_mat_roll",
    "type": "TOOL",
    "name": { "str": "yoga mat (rolled)" },
    "description": "A rolled up exercise mat, rolled up and ready to transport.",
    "weight": "360 g",
    "volume": "1000 ml",
    "price": 3000,
    "price_postapoc": 100,
    "to_hit": -1,
    "material": [ "plastic", "rubber" ],
    "symbol": ";",
    "color": "blue",
    "looks_like": "sleeping_bag_roll",
    "use_action": { "menu_text": "Unroll", "type": "transform", "target": "yoga_mat", "msg": "You unroll the yoga mat." }
  },
  {
    "id": "yoga_mat",
    "type": "TOOL",
    "copy-from": "yoga_mat_roll",
    "name": { "str": "yoga mat" },
    "description": "An exercise mat.",
    "volume": "8500 ml",
    "to_hit": -3,
    "looks_like": "sleeping_bag",
    "use_action": { "menu_text": "roll", "type": "transform", "target": "yoga_mat_roll", "msg": "You roll up the yoga mat." }
  }
]
