[
  {
    "type": "COMESTIBLE",
    "id": "cognac",
    "copy-from": "brandy",
    "name": { "str_sp": "Cognac" },
    "color": "light_red",
    "description": "Wine that has been distilled to a higher proof in copper stills, then aged in oak barrels.  A type of brandy, but fancier somehow. ",
    "price": 3000,
    "price_postapoc": 300,
    "material": [ "alcohol" ],
    "volume": "375 ml",
    "charges": 10,
    "fun": 15
  },
  {
    "type": "COMESTIBLE",
    "id": "drink_hard_seltzer",
    "name": { "str_sp": "Hard Seltzer" },
    "weight": "249 g",
    "color": "brown",
    "addiction_type": "alcohol",
    "use_action": [ "ALCOHOL_WEAK" ],
    "stim": -4,
    "container": "can_drink",
    "comestible_type": "DRINK",
    "symbol": "~",
    "quench": 18,
    "healthy": -1,
    "addiction_potential": 2,
    "calories": 70,
    "description": "Alcoholic sparkling water.  Perfect for a hot summer day.",
    "price": 260,
    "price_postapoc": 100,
    "material": [ "alcohol", "water" ],
    "primary_material": "alcohol",
    "volume": "250 ml",
    "phase": "liquid",
    "flags": [ "EATEN_COLD" ],
    "freezing_point": 23,
    "fun": 10,
    "vitamins": [ [ "calcium", 1 ] ]
  },
  {
    "type": "COMESTIBLE",
    "id": "drink_hard_acider",
    "name": { "str_sp": "Hard Apple Cider" },
    "weight": "249 g",
    "color": "green",
    "addiction_type": "alcohol",
    "use_action": [ "ALCOHOL_WEAK" ],
    "stim": -4,
    "container": "can_drink",
    "comestible_type": "DRINK",
    "symbol": "~",
    "quench": 18,
    "healthy": -1,
    "addiction_potential": 2,
    "calories": 70,
    "description": "Alcoholic apple cider. Delicious, refreshing and not too sweet",
    "price": 260,
    "price_postapoc": 100,
    "material": [ "alcohol", "water" ],
    "primary_material": "alcohol",
    "volume": "250 ml",
    "phase": "liquid",
    "flags": [ "EATEN_COLD" ],
    "freezing_point": 23,
    "fun": 10,
    "vitamins": [ [ "calcium", 1 ] ]
  },
  {
    "type": "COMESTIBLE",
    "id": "drink_hard_pcider",
    "copy-from": "drink_hard_acider",
    "name": { "str_sp": "hard pear cider" },
    "color": "yellow",
    "description": "Alcoholic pear cider. Delicious, refreshing and not too sweet"
  },
  {
    "type": "COMESTIBLE",
    "id": "beer_sour",
    "copy-from": "beer",
    "name": { "str_sp": "Gose" },
    "calories": 108,
    "description": "A beer brewed with wild yeast, producing a sour, tart taste. This one tastes like it's gone off."
  },
  {
    "type": "COMESTIBLE",
    "id": "wine_sauvignon",
    "name": { "str_sp": "Sauvignon Blanc" },
    "weight": "50 g",
    "color": "white",
    "addiction_type": "alcohol",
    "use_action": [ "ALCOHOL" ],
    "stim": -12,
    "container": "bottle_glass",
    "comestible_type": "DRINK",
    "symbol": "~",
    "quench": 4,
    "addiction_potential": 5,
    "calories": 41,
    "description": "A white wine with a crisp, herby flavor. Refreshing, though a little on the acidic side.",
    "price": 1200,
    "price_postapoc": 150,
    "//": "The PLCB can get you some for around $10 per 750mL, but I imagine you want to pay for better ~fermentation~.",
    "material": [ "alcohol", "water" ],
    "primary_material": "alcohol",
    "volume": "250 ml",
    "phase": "liquid",
    "charges": 5,
    "flags": [ "EATEN_COLD" ],
    "fun": 15,
    "freezing_point": 17
  },
  {
    "type": "COMESTIBLE",
    "id": "wine_malbec",
    "name": { "str_sp": "Malbec" },
    "weight": "50 g",
    "color": "red",
    "addiction_type": "alcohol",
    "use_action": [ "ALCOHOL" ],
    "stim": -12,
    "container": "bottle_glass",
    "comestible_type": "DRINK",
    "symbol": "~",
    "quench": 4,
    "addiction_potential": 5,
    "calories": 41,
    "description": "A dry, fruity red wine. Less expensive than other reds, but its juicy flavor pairs well with red meats and cheeses.",
    "price": 1450,
    "price_postapoc": 200,
    "material": [ "alcohol", "water" ],
    "primary_material": "alcohol",
    "volume": "250 ml",
    "phase": "liquid",
    "charges": 5,
    "fun": 15,
    "freezing_point": 17
  },
  {
    "type": "COMESTIBLE",
    "id": "wine_merlot",
    "name": { "str_sp": "Merlot" },
    "weight": "50 g",
    "color": "red",
    "addiction_type": "alcohol",
    "use_action": [ "ALCOHOL" ],
    "stim": -12,
    "container": "bottle_glass",
    "comestible_type": "DRINK",
    "symbol": "~",
    "quench": 4,
    "addiction_potential": 5,
    "calories": 41,
    "description": "A dry red wine with an oaky, fruity taste. Excellent with a meal or by itself. ",
    "price": 1450,
    "price_postapoc": 200,
    "material": [ "alcohol", "water" ],
    "primary_material": "alcohol",
    "volume": "250 ml",
    "phase": "liquid",
    "charges": 5,
    "fun": 15,
    "freezing_point": 17
  },
  {
    "type": "COMESTIBLE",
    "id": "wine_champagne",
    "name": { "str_sp": "Champagne" },
    "weight": "50 g",
    "color": "white",
    "addiction_type": "alcohol",
    "use_action": [ "ALCOHOL" ],
    "stim": -12,
    "container": "bottle_glass",
    "comestible_type": "DRINK",
    "symbol": "~",
    "quench": 4,
    "addiction_potential": 5,
    "calories": 80,
    "description": "A bubbly sparkling wine produced in the Champagne region of France. This is the good stuff, perfect for celebrations.",
    "price": 8000,
    "price_postapoc": 500,
    "material": [ "alcohol", "water" ],
    "primary_material": "alcohol",
    "volume": "250 ml",
    "phase": "liquid",
    "charges": 5,
    "flags": [ "EATEN_COLD" ],
    "fun": 17,
    "freezing_point": 17
  },
  {
    "type": "COMESTIBLE",
    "id": "wine_sparkling",
    "name": { "str_sp": "Sparkling Wine" },
    "weight": "50 g",
    "color": "white",
    "addiction_type": "alcohol",
    "use_action": [ "ALCOHOL" ],
    "stim": -12,
    "container": "bottle_glass",
    "comestible_type": "DRINK",
    "symbol": "~",
    "quench": 4,
    "addiction_potential": 5,
    "calories": 90,
    "description": "A bubbly sparkling wine. It's not real champagne, but it'll do the trick.",
    "price": 8000,
    "price_postapoc": 500,
    "material": [ "alcohol", "water" ],
    "primary_material": "alcohol",
    "volume": "250 ml",
    "phase": "liquid",
    "charges": 5,
    "flags": [ "EATEN_COLD" ],
    "fun": 17,
    "freezing_point": 17
  },
  {
    "type": "COMESTIBLE",
    "id": "single_malt_bottle",
    "copy-from": "single_malt_whiskey",
    "name": { "str_sp": "Scotch" },
    "description": "A Scottish whiskey, aged 15 years in sherry casks. Has an earthy, peaty taste with a hint of smoke.",
    "container": "bottle_glass"
  },
  {
    "type": "COMESTIBLE",
    "id": "drink_bloody_mary",
    "name": { "str": "bloody mary cocktail" },
    "weight": "258 g",
    "color": "red",
    "addiction_type": "alcohol",
    "use_action": [ "ALCOHOL" ],
    "stim": -12,
    "container": "bottle_glass",
    "comestible_type": "DRINK",
    "symbol": "~",
    "quench": 25,
    "healthy": 1,
    "addiction_potential": 4,
    "calories": 70,
    "description": "Tomato juice mixed with vodka and some spices.  Hangover cure of choice for many.",
    "price": 600,
    "price_postapoc": 250,
    "material": [ "alcohol", "tomato" ],
    "primary_material": "alcohol",
    "volume": "250 ml",
    "phase": "liquid",
    "flags": [ "EATEN_COLD" ],
    "freezing_point": -29,
    "fun": 25,
    "vitamins": [ [ "vitA", 2 ], [ "vitC", 23 ], [ "calcium", 1 ], [ "iron", 2 ] ]
  }
]
