[
  {
    "type": "snippet",
    "category": "shopname_butcher",
    "text": [
      "Cut Above Meats",
      "Ye Olde <city> Butcher Shoppe",
      "The Whole Beast",
      "The Meat Market",
      "Il Maiale Rosso",
      "Beast and Sundry",
      "Neighborhood Meats",
      "Pound of Flesh",
      "On The Hook Meats",
      "Nice to Meat You",
      "The Meat Up",
      "Meat Head",
      "Meat and Greet",
      "Leave it to Cleaver",
      "The Steak Out",
      "Steak Your Claim",
      "Big Miss Steak",
      "The Chopping Block",
      "Are You Looking at Meat?",
      "Pete's Meat",
      "We Meat Again",
      "I Can Hack It",
      "Petite Tender",
      "Jerky Boys",
      "Jerky City",
      "Ham It Up",
      "The Hired Ham",
      "High Steaks",
      "Cutter's Way",
      "We've Got Guts",
      "Discrete Meats",
      "Piggy Went To Market",
      "Meant To Beef"
    ]
  },
  {
    "type": "snippet",
    "category": "shopname_liquor",
    "text": [
      "Liquor Inferno",
      "<family_name> Liquor",
      "<city> Liquor",
      "The Booze Brothers",
      "Lush Life",
      "Beer Planet",
      "My Favorite Liquor Store",
      "Liquid Courage",
      "Liquor Zoo",
      "Tipsy Liquor",
      "Bottle Zone",
      "Rowdy's Liquor",
      "Liquidity",
      "Another Round",
      "Liquid Assets",
      "Into The Drink",
      "High Spirits",
      "Drink and Be Merry",
      "Quicker Liquor",
      "Wine Safari",
      "Toad Liquor",
      "That's The Spirit",
      "The Mom and Pop Bottle Shop",
      "The Spirit Moves You",
      "Beer O'Clock",
      "World of Liquor"
    ]
  },
  {
    "type": "snippet",
    "category": "shopname_coffee",
    "text": [
      "Jitters' Coffee",
      "Moody Brews",
      "The Brews Brothers",
      "The Coffee Dungeon",
      "In Too Steep",
      "Brewtality",
      "The Coffee Dungeon",
      "Morning Ritual",
      "<given_name>'s Cafe",
      "Wake Up Cafe",
      "Blue Cafe",
      "Roast With the Most",
      "Roaster's Coffee",
      "Cafe Formidable",
      "<city> Roastery",
      "Love Buzz Coffee",
      "Incaffeinated",
      "Cuppy Love",
      "Incupacitated",
      "Strong Brew",
      "Brewtal Truth",
      "Sweet Aroma",
      "<city> Cafe",
      "Cafe Societe",
      "Jitters' Coffee",
      "Percy's Coffee",
      "Brewed Awakening",
      "Bean There",
      "Cuppa Joe"
    ]
  },
  {
    "type": "snippet",
    "category": "shopname_bar",
    "text": [
      "Slammer's",
      "<city> City Limits",
      "The June Moon",
      "Rudy's",
      "<given_name>'s",
      "Tony's",
      "Power Bar",
      "Bar Bar",
      "The Boathouse",
      "The Powder Room",
      "The Velour Room",
      "Naked City",
      "The Steamboat",
      "The Snake and Cross",
      "The Launch Pad",
      "The Swinging Judge",
      "The Laughing Pig",
      "Lucky's",
      "Rummy's",
      "The Runway",
      "Re-Bar",
      "The Barrel Room",
      "The Technicolor Yawn",
      "No Sleep",
      "The Ice Box",
      "The Velvet",
      "The Wet Whistle",
      "Punch's",
      "Time, Please",
      "The High Ball",
      "The Drink Up",
      "Purple Haze",
      "Hush",
      "Lonnigan's",
      "Plan A",
      "Saturday's",
      "The Mercy Rule",
      "The Monkey Room",
      "The Catwalk",
      "The Pit",
      "Purple City",
      "Jeers",
      "The <city> Commons",
      "<city> Public House",
      "Bar None",
      "The High Bar",
      "The Low Bar",
      "My Bar",
      "Tito's",
      "The Pickled Room"
    ]
  },
  {
    "type": "snippet",
    "category": "shopname_yogastudio",
    "text": [
      "Flexible You",
      "Hold That Pose",
      "Yoga Party",
      "Stretch's",
      "Shine Yoga",
      "That's a Stretch Yoga",
      "Yog Life",
      "Yogermeister",
      "Good Vibrations Yoga",
      "Flex Ability"
    ]
  },
  {
    "type": "snippet",
    "category": "signed_photo_sports",
    "text": [
      {
        "id": "signed_photo_sports_01",
        "text": "This is a photograph of a serious looking man in a football uniform. It's signed  \"#43 Jordan Bletch\""
      },
      {
        "id": "signed_photo_sports02",
        "text": "This photo shows a baseball team lifting one of their team up in victory. The autograph reads: \"To the real champ.  Respect, Willy Black\""
      },
      {
        "id": "signed_photo_sports03",
        "text": "This is a photo of a tennis player, taken mid-swing. The autograph reads \"Much Love, Nastasia Petrov\""
      },
      {
        "id": "signed_photo_sports04",
        "text": "This is a photo of a golfer, mid drive. The autograph reads \"Thanks hot shot! I'll see you next year in Napa,  Roger Peltier\""
      },
      {
        "id": "signed_photo_sports05",
        "text": "This photo shows a woman with a mischievous smile, finishing first in a marathon. The autograph reads \"I think they captured my best side, don't you?, Manda Carpentier\""
      },
      {
        "id": "signed_photo_sports06",
        "text": "This is a black and white photo of a bloody-faced hockey player, shot from below, yelling in triumph while holding a trophy above his head. The autograph reads \"Best Wishes, Brandon Cuomo\""
      },
      {
        "id": "signed_photo_sports07",
        "text": "This is a photo of a swimmer, her head just breaking the surface of an Olympic standard pool. The autograph reads \"Best, Jessica Danton\""
      },
      {
        "id": "signed_photo_sports08",
        "text": "This is a slightly blurry photo of a cyclist in the middle of a race. The autograph reads \"All The Best, Bernard Rivers\""
      },
      {
        "id": "signed_photo_sports09",
        "text": "This is a head-on photograph of a woman leaning over a pool table, cue in hand and lost in concentration. The autograph reads \" Best of Luck Always, Patrice Daniels\""
      },
      {
        "id": "signed_photo_sports10",
        "text": "This photo is of a surfer's profile against a technicolor sunset, riding an impressive wave. The autograph reads \"The pleasure was all mine. Love, Danny Fossey\""
      },
      {
        "id": "signed_photo_sports11",
        "text": "In this photo, a soccer player is executing an impressive mid-air kick, narrowly missing a member of the other team. The autograph is indecipherable."
      },
      {
        "id": "signed_photo_sports12",
        "text": "This is a photo of a man with a determined expression on his face, his boxing gloves just visible from the camera's perspective over the shoulder of his opponent. The autograph reads \"Feel the universe's love and trust in His plan, Don Painter\" "
      }
    ]
  },
  {
    "type": "snippet",
    "category": "signed_photo",
    "text": [
      {
        "id": "signed_photo01",
        "text": "This is a photo of a laughing man with his arm around the shoulders of a smiling woman in front of what looks like a bar circa the 1950s. The autograph reads \"To my dear friend Marvin. You never fail to bring a smile to my face, XO Maureen Hanneman\""
      },
      {
        "id": "signed_photo02",
        "text": "This photo of a studious looking man with a slight smile looks like it could have been used for the back of a dust-jacket. The autograph reads \"Always delighted to meet a fan, Paul Stapleton\""
      },
      {
        "id": "signed_photo03",
        "text": "This photo looks like a promo shot from a television series; a defiant looking woman in medieval period dress holds a rapier as though she's about to stab the camera. The autograph reads \"Next time I promise not to forget my sword, Jennifer Temple\""
      },
      {
        "id": "signed_photo04",
        "text": "This looks like band press photo, complete with a group of long-haired, happy looking people in what look like pirate costumes. The autograph reads \"All aboard the good ship rock!  Dani , Justin, Carla, Bobby -- Rock Destroyer\""
      },
      {
        "id": "signed_photo05",
        "text": "A pensive looking woman looks just to the left of the camera, causing you to fight the urge to turn around to see what's so interesting. The autograph reads \"Each journey is unique, and filled with both laughter and tears. May you find your way with joy, Blessings -- Miranda Potter\""
      },
      {
        "id": "signed_photo06",
        "text": "In this photo, three men dressed like futuristic businessmen look sternly at the camera, as though someone just told the world’s least funny joke. The band’s name appears to be Skinjob Underworld. The autograph simply reads \" Best, Martin Robe\""
      },
      {
        "id": "signed_photo07",
        "text": "An elderly man with long, unkempt hair is leaning out of a prop cannon in a “ta-da!” pose. He has a large grin on his face and is wearing bug-eyed novelty glasses and an arrow through his head. The autograph reads \" It didn’t hurt a bit! But next time, maybe I’ll just fly business class!, Incredible Johnny\""
      },
      {
        "id": "signed_photo08",
        "text": "This photo is of a woman that looks like she's in the middle of a stand-up set,  her shadow framed by a spotlight against a brick wall. The autograph reads \"Something Funny, Lonnie Foxler   PS - I don't work for free... usually.\""
      },
      {
        "id": "signed_photo09",
        "text": "This is a still from a film you swear you've seen before... what was it called? A man is looking over the top of his sunglasses, a serene look on his face. The autograph reads \"To one of the greatest women I've ever known. Ray Lee Schatz\""
      },
      {
        "id": "signed_photo10",
        "text": "This is a close up photo of a woman playing a cello. The autograph reads \"Dearest Ben, all of the best, Lisa Hayward\""
      },
      {
        "id": "signed_photo11",
        "text": "This is a 3/4 shot of an aged man, his intense expression nearly obscured by shadow. The autograph reads \"To a true appreciator of cinema, Ulrich Scharf\""
      },
      {
        "id": "signed_photo12",
        "text": "This is a headshot of a young woman with a serene look on her face. The autograph reads \"I truly appreciate your support. Many Thanks, Elise Kerrington\""
      }
    ]
  },
  {
    "type": "snippet",
    "category": "receipt_bar",
    "text": [
      {
        "id": "receipt_bar01",
        "text": "This looks to be a receipt from a bar. You wouldn't have wanted to have this person's tab."
      },
      {
        "id": "receipt_bar02",
        "text": "This looks to be a receipt from a bar. This one is for a disgusting amount of tequila shots."
      },
      {
        "id": "receipt_bar03",
        "text": "This looks to be a receipt from a bar. This is for 5 stouts and a wine spritzer."
      },
      {
        "id": "receipt_bar04",
        "text": "This looks to be a receipt from a bar. This tab is still open and seems to belong to a person with the unlikely name of Rutiger."
      },
      {
        "id": "receipt_bar05",
        "text": "This looks to be a receipt from a bar. This person had a large bill and left an impressive tip."
      },
      { "id": "receipt_bar06", "text": "This looks to be a receipt from a bar. This person had 3 Chardonnays." },
      {
        "id": "receipt_bar07",
        "text": "This looks to be a receipt from a bar. This person had one bourbon, one scotch and one beer."
      },
      { "id": "receipt_bar08", "text": "This looks to be a receipt from a bar. This person had 3 bloody marys." },
      {
        "id": "receipt_bar09",
        "text": "This looks to be a receipt from a bar. This person had 3 beers before switching over to shots."
      },
      { "id": "receipt_bar10", "text": "This looks to be a receipt from a bar. This person had two martinis." },
      { "id": "receipt_bar11", "text": "This looks to be a receipt from a bar. This person had 4 IPAs." }
    ]
  },
  {
    "type": "snippet",
    "category": "receipt_restaurant",
    "text": [
      {
        "id": "receipt_kitchen01",
        "text": "This looks to be a receipt from a restaurant. This person had spaghetti bolognese and a nice chianti."
      },
      {
        "id": "receipt_kitchen02",
        "text": "This looks to be a receipt from a restaurant. This person had a burger and a beer."
      },
      {
        "id": "receipt_kitchen03",
        "text": "This looks to be a receipt from a restaurant. This is for a group of people, and it looks like they didn't leave much of a tip."
      },
      {
        "id": "receipt_kitchen04",
        "text": "This looks to be a receipt from a restaurant. It looks like this person left an impressive tip."
      },
      {
        "id": "receipt_kitchen05",
        "text": "This looks to be a receipt from a restaurant. This one is voided out -- it looks like they dined and dashed."
      },
      {
        "id": "receipt_kitchen06",
        "text": "This looks to be a receipt from a restaurant. This person had a well done steak and a light beer."
      },
      {
        "id": "receipt_kitchen07",
        "text": "This looks to be a receipt from a restaurant. This person had a big salad."
      },
      {
        "id": "receipt_kitchen08",
        "text": "This looks to be a receipt from a restaurant. This person had a coffee and a blt."
      },
      {
        "id": "receipt_kitchen09",
        "text": "This looks to be a receipt from a restaurant. This person had a rice bowl and a red wine."
      },
      {
        "id": "receipt_kitchen10",
        "text": "This looks to be a receipt from a restaurant. This person had the linguine with clams and a white wine."
      },
      {
        "id": "receipt_kitchen11",
        "text": "This looks to be a receipt from a restaurant. This person had the chicken strips and fries and an iced tea."
      }
    ]
  }
]
