[
  {
    "type": "COMESTIBLE",
    "id": "hamburger_nopkg",
    "name": { "str": "hamburger" },
    "conditional_names": [
      { "type": "FLAG", "condition": "CANNIBALISM", "name": { "str_sp": "bobburger" } },
      { "type": "FLAG", "condition": "STRICT_HUMANITARIANISM", "name": { "str_sp": "Moreauburger" } },
      { "type": "COMPONENT_ID", "condition": "mutant", "name": { "str_sp": "horrible %s" } }
    ],
    "weight": "300 g",
    "color": "brown",
    "spoils_in": "1 day 12 hours",
    "looks_like": "hamburger",
    "comestible_type": "FOOD",
    "symbol": "%",
    "calories": 258,
    "description": "A sandwich of minced meat with condiments.",
    "price": 900,
    "price_postapoc": 200,
    "material": [ "flesh", "wheat" ],
    "volume": "300 ml",
    "flags": [ "EATEN_HOT" ],
    "fun": 4,
    "vitamins": [ [ "vitC", 2 ], [ "calcium", 8 ], [ "iron", 16 ] ]
  },
  {
    "type": "COMESTIBLE",
    "id": "veggy_salad_nopkg",
    "name": { "str": "vegetable salad" },
    "weight": "227 g",
    "color": "green",
    "spoils_in": "5 days 20 hours",
    "looks_like": "veggy_salad",
    "comestible_type": "FOOD",
    "symbol": "%",
    "quench": 15,
    "healthy": 2,
    "calories": 250,
    "description": "Salad with all kind of vegetables.",
    "price": 350,
    "price_postapoc": 100,
    "material": [ "veggy" ],
    "volume": "250 ml",
    "fun": 1,
    "flags": [ "FREEZERBURN" ],
    "vitamins": [ [ "vitC", 30 ], [ "calcium", 6 ], [ "iron", 10 ] ]
  },
  {
    "type": "COMESTIBLE",
    "id": "taco_nopkg",
    "name": { "str": "taco" },
    "conditional_names": [
      { "type": "FLAG", "condition": "CANNIBALISM", "name": { "str_sp": "tio %s" } },
      { "type": "FLAG", "condition": "STRICT_HUMANITARIANISM", "name": { "str_sp": "talking %s" } },
      { "type": "COMPONENT_ID", "condition": "mutant", "name": { "str_sp": "terrifying %s" } }
    ],
    "weight": "102 g",
    "color": "yellow",
    "spoils_in": "1 day",
    "looks_like": "taco",
    "comestible_type": "FOOD",
    "symbol": "%",
    "quench": -5,
    "calories": 210,
    "description": "A traditional Mexican dish composed of a corn tortilla folded or rolled around a meat filling.",
    "price": 210,
    "price_postapoc": 150,
    "material": [ "flesh" ],
    "volume": "250 ml",
    "fun": 8,
    "vitamins": [ [ "calcium", 13 ], [ "iron", 9 ], [ "vitB", 36 ] ]
  },
  {
    "type": "COMESTIBLE",
    "id": "cheeseburger_nopkg",
    "name": { "str": "cheeseburger" },
    "conditional_names": [
      { "type": "FLAG", "condition": "CANNIBALISM", "name": { "str_sp": "chump %s" } },
      { "type": "FLAG", "condition": "STRICT_HUMANITARIANISM", "name": { "str_sp": "elf %s" } },
      { "type": "COMPONENT_ID", "condition": "mutant", "name": { "str_sp": "chilling %s" } }
    ],
    "weight": "333 g",
    "color": "brown",
    "spoils_in": "1 day 12 hours",
    "looks_like": "cheeseburger",
    "comestible_type": "FOOD",
    "symbol": "%",
    "calories": 380,
    "description": "A sandwich of minced meat and cheese with condiments.  The apex of pre-Cataclysm culinary achievement.",
    "price": 1000,
    "price_postapoc": 250,
    "material": [ "flesh", "wheat", "milk" ],
    "primary_material": "processed_food",
    "volume": "300 ml",
    "flags": [ "EATEN_HOT", "ALLERGEN_MILK" ],
    "fun": 5,
    "vitamins": [ [ "calcium", 9 ], [ "iron", 14 ] ]
  },
  {
    "type": "COMESTIBLE",
    "id": "nachosmc_nopkg",
    "name": { "str_sp": "meat nachos with cheese" },
    "conditional_names": [
      { "type": "FLAG", "condition": "CANNIBALISM", "name": { "str_sp": "niño nachos with cheese" } },
      { "type": "FLAG", "condition": "STRICT_HUMANITARIANISM", "name": { "str_sp": "nibelung nachos with cheese" } },
      { "type": "COMPONENT_ID", "condition": "mutant", "name": { "str_sp": "cheese and chupacabra nachos" } }
    ],
    "weight": "250 g",
    "color": "yellow",
    "spoils_in": "20 hours",
    "looks_like": "nachosmc",
    "comestible_type": "FOOD",
    "symbol": "%",
    "quench": -10,
    "calories": 704,
    "description": "Salted chips made from corn tortillas with ground meat and smothered in cheese.  Delicious.",
    "price": 300,
    "price_postapoc": 500,
    "material": [ "flesh", "milk", "junk" ],
    "primary_material": "processed_food",
    "volume": "250 ml",
    "flags": [ "EATEN_HOT" ],
    "fun": 20,
    "vitamins": [ [ "vitA", 10 ], [ "calcium", 10 ], [ "iron", 12 ], [ "vitB", 29 ] ]
  },
  {
    "type": "COMESTIBLE",
    "id": "fchicken_nopkg",
    "name": { "str": "deep-fried chicken" },
    "weight": "168 g",
    "color": "red",
    "spoils_in": "1 day",
    "looks_like": "fchicken",
    "comestible_type": "FOOD",
    "symbol": "%",
    "healthy": -1,
    "calories": 460,
    "description": "Chicken cooked while submerged in oil.  It's greasy and delicious.",
    "price": 550,
    "price_postapoc": 200,
    "material": [ "flesh", "junk" ],
    "volume": "1 L",
    "charges": 4,
    "fun": 12,
    "vitamins": [ [ "iron", 4 ] ]
  },
  {
    "type": "COMESTIBLE",
    "id": "onion_rings_nopkg",
    "name": { "str": "onion ring" },
    "weight": "166 g",
    "color": "brown",
    "spoils_in": "3 days",
    "looks_like": "onion_rings",
    "comestible_type": "FOOD",
    "symbol": "%",
    "healthy": -1,
    "calories": 639,
    "description": "Battered and fried onions.  Crunchy and delicious.",
    "price": 400,
    "price_postapoc": 250,
    "material": [ "veggy", "junk" ],
    "volume": "250 ml",
    "flags": [ "EATEN_HOT", "EDIBLE_FROZEN", "FREEZERBURN" ],
    "fun": 6,
    "vitamins": [ [ "calcium", 4 ], [ "iron", 7 ] ]
  },
  {
    "type": "COMESTIBLE",
    "id": "sandwich_deluxe_nopkg",
    "name": { "str": "deluxe sandwich", "str_pl": "deluxe sandwiches" },
    "conditional_names": [
      {
        "type": "COMPONENT_ID",
        "condition": "mutant",
        "name": { "str": "\"deluxe\" sandwich", "str_pl": "\"deluxe\" sandwiches" }
      }
    ],
    "weight": "292 g",
    "color": "brown",
    "spoils_in": "1 day 8 hours",
    "looks_like": "sandwich_deluxe",
    "comestible_type": "FOOD",
    "symbol": "%",
    "quench": 1,
    "healthy": 1,
    "calories": 449,
    "description": "A sandwich of meat, vegetables, and cheese with condiments.  Tasty and nutritious!",
    "price": 1200,
    "price_postapoc": 300,
    "material": [ "flesh", "veggy", "wheat", "milk" ],
    "primary_material": "processed_food",
    "volume": "250 ml",
    "charges": 2,
    "fun": 12,
    "vitamins": [ [ "vitA", 8 ], [ "vitC", 26 ], [ "calcium", 8 ], [ "iron", 49 ], [ "vitB", 389 ] ]
  },
  {
    "type": "COMESTIBLE",
    "id": "sandwich_veggy_nopkg",
    "name": { "str": "vegetable sandwich", "str_pl": "vegetable sandwiches" },
    "weight": "189 g",
    "color": "light_gray",
    "spoils_in": "2 days",
    "looks_like": "sandwich_veggy",
    "comestible_type": "FOOD",
    "symbol": "%",
    "quench": 1,
    "healthy": 1,
    "calories": 202,
    "description": "Bread and vegetables, that's it.",
    "price": 800,
    "price_postapoc": 250,
    "material": [ "veggy", "wheat" ],
    "volume": "250 ml",
    "flags": [ "EATEN_COLD" ],
    "fun": 1,
    "vitamins": [ [ "vitA", 16 ], [ "vitC", 36 ], [ "calcium", 14 ], [ "iron", 28 ] ]
  },
  {
    "type": "COMESTIBLE",
    "id": "sandwich_t_nopkg",
    "name": { "str": "meat sandwich", "str_pl": "meat sandwiches" },
    "conditional_names": [
      { "type": "FLAG", "condition": "CANNIBALISM", "name": { "str": "slob sandwich", "str_pl": "slob sandwiches" } },
      {
        "type": "FLAG",
        "condition": "STRICT_HUMANITARIANISM",
        "name": { "str": "satyr sandwich", "str_pl": "satyr sandwiches" }
      },
      { "type": "COMPONENT_ID", "condition": "mutant", "name": { "str_sp": "mutant %s" } }
    ],
    "weight": "203 g",
    "color": "light_gray",
    "spoils_in": "1 day 12 hours",
    "looks_like": "sandwich_t_nopkg",
    "comestible_type": "FOOD",
    "symbol": "%",
    "calories": 433,
    "description": "Bread and meat, that's it.",
    "price": 900,
    "price_postapoc": 250,
    "material": [ "flesh", "wheat" ],
    "volume": "300 ml",
    "charges": 2,
    "fun": 2,
    "vitamins": [ [ "vitC", 8 ], [ "calcium", 6 ], [ "iron", 47 ], [ "vitB", 389 ] ]
  },
  {
    "type": "COMESTIBLE",
    "id": "fish_sandwich_nopkg",
    "name": { "str": "fish sandwich", "str_pl": "fish sandwiches" },
    "weight": "201 g",
    "color": "yellow",
    "spoils_in": "1 day",
    "looks_like": "fish_sandwich",
    "comestible_type": "FOOD",
    "symbol": "%",
    "calories": 481,
    "description": "A delicious fish sandwich.",
    "price": 800,
    "price_postapoc": 250,
    "material": [ "flesh", "wheat" ],
    "volume": "250 ml",
    "fun": 14,
    "vitamins": [ [ "vitA", 4 ], [ "vitC", 5 ], [ "calcium", 19 ], [ "iron", 17 ] ]
  },
  {
    "type": "COMESTIBLE",
    "id": "blt_nopkg",
    "name": { "str": "BLT" },
    "weight": "220 g",
    "color": "brown",
    "spoils_in": "2 days 12 hours",
    "looks_like": "blt",
    "comestible_type": "FOOD",
    "symbol": "%",
    "quench": 2,
    "calories": 447,
    "description": "A bacon, lettuce, and tomato sandwich on toasted bread.",
    "price": 400,
    "price_postapoc": 250,
    "material": [ "flesh", "veggy", "wheat", "tomato" ],
    "primary_material": "processed_food",
    "volume": "250 ml",
    "charges": 2,
    "flags": [ "EATEN_HOT" ],
    "fun": 8,
    "vitamins": [ [ "vitA", 8 ], [ "vitC", 10 ], [ "calcium", 7 ], [ "iron", 18 ], [ "vitB", 20 ] ]
  },
  {
    "type": "COMESTIBLE",
    "id": "pie_meat_nopkg",
    "name": { "str": "meat pie" },
    "conditional_names": [
      { "type": "FLAG", "condition": "CANNIBALISM", "name": { "str_sp": "prick pie" } },
      { "type": "FLAG", "condition": "STRICT_HUMANITARIANISM", "name": { "str_sp": "talking animal pie" } },
      { "type": "COMPONENT_ID", "condition": "mutant", "name": { "str_sp": "malignant %s" } }
    ],
    "weight": "189 g",
    "color": "brown",
    "spoils_in": "3 days 8 hours",
    "looks_like": "pie_meat",
    "comestible_type": "FOOD",
    "symbol": "%",
    "quench": 5,
    "healthy": 1,
    "calories": 400,
    "description": "A delicious baked pie with a delicious meat filling.",
    "price": 1350,
    "price_postapoc": 2000,
    "material": [ "wheat", "flesh" ],
    "volume": "2 L",
    "charges": 8,
    "flags": [ "EATEN_HOT" ],
    "fun": 3,
    "vitamins": [ [ "calcium", 2 ], [ "iron", 14 ] ]
  },
  {
    "type": "COMESTIBLE",
    "id": "pie_meat_nopkg",
    "name": { "str": "meat pie" },
    "conditional_names": [
      { "type": "FLAG", "condition": "CANNIBALISM", "name": { "str_sp": "prick pie" } },
      { "type": "FLAG", "condition": "STRICT_HUMANITARIANISM", "name": { "str_sp": "talking animal pie" } },
      { "type": "COMPONENT_ID", "condition": "mutant", "name": { "str_sp": "malignant %s" } }
    ],
    "weight": "189 g",
    "color": "brown",
    "spoils_in": "3 days 8 hours",
    "looks_like": "pie_meat",
    "comestible_type": "FOOD",
    "symbol": "%",
    "quench": 5,
    "healthy": 1,
    "calories": 400,
    "description": "A delicious baked pie with a delicious meat filling.",
    "price": 1350,
    "price_postapoc": 2000,
    "material": [ "wheat", "flesh" ],
    "volume": "2 L",
    "charges": 8,
    "flags": [ "EATEN_HOT" ],
    "fun": 3,
    "vitamins": [ [ "calcium", 2 ], [ "iron", 14 ] ]
  }
]
