[
  {
    "type": "GENERIC",
    "id": "receipt_bar",
    "category": "books",
    "symbol": ",",
    "color": "white",
    "name": { "str": "receipt" },
    "looks_like": "survnote",
    "snippet_category": "receipt_bar",
    "description": "A small slip of paper detailing items or services purchased.",
    "price": 0,
    "price_postapoc": 0,
    "material": [ "paper" ],
    "weight": "3 g",
    "volume": "1 ml"
  },
  {
    "type": "GENERIC",
    "id": "receipt_restaurant",
    "category": "books",
    "symbol": ",",
    "color": "white",
    "name": { "str": "receipt" },
    "looks_like": "survnote",
    "snippet_category": "receipt_restaurant",
    "description": "A small slip of paper detailing items or services purchased.",
    "price": 0,
    "price_postapoc": 0,
    "material": [ "paper" ],
    "weight": "3 g",
    "volume": "1 ml"
  }
]
