[
  {
    "type": "GENERIC",
    "category": "other",
    "id": "shot_glass",
    "volume": "44 ml",
    "name": { "str": "shot glass", "str_pl": "shot glasses" },
    "proportional": { "weight": 0.5 },
    "symbol": "°",
    "description": "a short glass used for mixing drinks or as a lead up to ruining your night.",
    "copy-from": "base_glass_dish",
    "looks_like": "glass",
    "pocket_data": [
      {
        "max_contains_volume": "40 ml",
        "max_contains_weight": "1 kg",
        "watertight": true,
        "open_container": true,
        "rigid": true
      }
    ],
    "qualities": [ [ "CONTAIN", 1 ] ]
  },
  {
    "type": "GENERIC",
    "category": "other",
    "id": "snifter_glass",
    "volume": "200 ml",
    "name": { "str": "snifter", "str_pl": "snifters" },
    "proportional": { "weight": 0.5 },
    "symbol": "º",
    "description": "a short-stemmed glass commonly used for brandy.",
    "copy-from": "base_glass_dish",
    "looks_like": "glass",
    "pocket_data": [
      {
        "max_contains_volume": "190 ml",
        "max_contains_weight": "1 kg",
        "watertight": true,
        "open_container": true,
        "rigid": true
      }
    ],
    "qualities": [ [ "CONTAIN", 1 ] ]
  },
  {
    "type": "GENERIC",
    "category": "other",
    "id": "lowball_glass",
    "volume": "300 ml",
    "name": { "str": "lowball glass", "str_pl": "lowball glasses" },
    "proportional": { "weight": 0.5 },
    "symbol": "º",
    "description": "a short tumbler used for serving spirits and mixed drinks",
    "copy-from": "base_glass_dish",
    "looks_like": "glass",
    "pocket_data": [
      {
        "max_contains_volume": "290 ml",
        "max_contains_weight": "1 kg",
        "watertight": true,
        "open_container": true,
        "rigid": true
      }
    ],
    "qualities": [ [ "CONTAIN", 1 ] ]
  }
]
