[
  {
    "type": "GENERIC",
    "id": "signedphoto_sports",
    "category": "books",
    "symbol": ",",
    "color": "white",
    "name": { "str": "autographed photo" },
    "looks_like": "flyer",
    "snippet_category": "signed_photo_sports",
    "description": "An autographed photo.",
    "price": 0,
    "price_postapoc": 0,
    "material": [ "paper" ],
    "weight": "3 g",
    "volume": "5 ml"
  },
  {
    "type": "GENERIC",
    "id": "signedphoto",
    "category": "books",
    "symbol": ",",
    "color": "white",
    "name": { "str": "autographed photo" },
    "looks_like": "flyer",
    "description": "An autographed photo.",
    "snippet_category": "signed_photo",
    "price": 0,
    "price_postapoc": 0,
    "material": [ "paper" ],
    "weight": "3 g",
    "volume": "5 ml"
  }
]
