[
  {
    "type": "palette",
    "id": "lsm_forest",
    "//": "forest encounter palette",
    "furniture": {  },
    "terrain": {
      " ": [
        [ "t_region_groundcover_barren", 5 ],
        [ "t_region_groundcover", 100 ],
        [ "t_dirtmound", 5 ],
        [ "t_region_shrub", 15 ],
        [ "t_region_groundcover_forest", 100 ],
        [ "t_region_tree_shade", 17 ],
        [ "t_region_soil", 5 ],
        [ "t_region_tree", 17 ],
        [ "t_region_tree_fruit", 5 ],
        [ "t_region_tree_evergreen", 5 ],
        [ "t_water_sh", 1 ],
        [ "t_stump", 2 ],
        [ "t_trunk", 2 ],
        [ "t_region_shrub_fruit", 10 ]
      ],
      ".": [ [ "t_region_groundcover_barren", 100 ], [ "t_region_groundcover", 100 ], [ "t_region_shrub", 1 ] ],
      "W": "t_water_dp",
      "w": "t_water_sh"
    }
  },
  {
    "type": "palette",
    "id": "lsm_forest_ruinedbldg",
    "//": "Intended to be used in conjunction with lsm_forest. Load the lsm_forest palette first, then this one.",
    "terrain": {
      "|": [ [ "t_wall_wood", 4 ], "t_wall_wood_chipped" ],
      "/": [ [ "t_wall_wood_broken", 4 ], "t_wall_wood_chipped" ],
      "+": "t_door_boarded",
      "#": "t_door_boarded_damaged",
      "=": "t_window_boarded_noglass",
      "0": "t_window_empty",
      "D": "t_covered_well",
      "*": [ [ "t_region_groundcover_barren", 12 ], [ "t_railroad_rubble", 8 ], [ "t_region_groundcover", 2 ] ],
      "`": [ [ "t_railroad_rubble", 20 ], [ "t_region_groundcover", 2 ], [ "t_region_groundcover_barren", 3 ] ],
      "^": "t_machinery_old",
      "g": "t_generator_broken"
    },
    "furniture": { ":": "f_rubble", ";": "f_rubble_rock" }
  }
]
