[
  {
    "type": "palette",
    "id": "lsm_building",
    "//": "terrain and furniture. Add item spawn tags in addition to this palette. ",
    "furniture": {
      "S": "f_sink",
      "U": "f_utility_shelf",
      "T": "f_trashcan",
      "¥": "f_water_heater",
      "&": "f_dumpster",
      "p": "f_mailbox"
    },
    "terrain": {
      "¯": "t_open_air_rooved",
      "´": "t_open_air",
      ".": "t_region_groundcover_urban",
      " ": "t_null",
      "_": "t_concrete",
      "¸": "t_thconc_floor_olight",
      "·": "t_thconc_floor",
      ",": "t_floor",
      "»": "t_floor_waxed",
      "¹": "t_linoleum_gray",
      "¿": "t_floor_noroof",
      "¨": "t_metal_floor_no_roof",
      "-": "t_sidewalk",
      "j": "t_elevator",
      "K": "t_elevator_control",
      "G": "t_elevator_control_off",
      "<": "t_stairs_up",
      ">": "t_stairs_down",
      "^": "t_gutter_downspout",
      "«": "t_rock",
      "#": "t_brick_wall",
      "¦": "t_strconc_wall",
      "|": "t_wall",
      "ʃ": "t_wall_b",
      "¬": "t_ponywall",
      ":": "t_wall_glass",
      "Ø": "t_door_glass_c",
      "¤": "t_door_glass_frosted_c",
      "/": [ "t_door_locked", "t_door_locked_peep", "t_door_locked_alarm" ],
      "*": "t_door_locked_interior",
      "¡": "t_door_metal_locked",
      "~": "t_door_metal_c",
      "®": "t_gates_mech_control",
      "+": [ [ "t_door_c", 5 ], [ "t_door_o", 5 ], [ "t_door_locked_interior", 1 ] ],
      "±": "t_column",
      "¶": "t_support_l",
      "°": "t_window_bars_alarm",
      "ð": "t_window_alarm",
      "º": "t_window",
      "Ö": "t_window_no_curtains",
      "o": [
        [ "t_window_domestic", 10 ],
        "t_window_no_curtains",
        "t_window_open",
        "t_window_no_curtains_open",
        [ "t_curtains", 5 ]
      ],
      "{": "t_railing_v",
      "}": "t_metal_railing",
      "=": "t_concrete_railing",
      "]": "t_guardrail_bg_dp",
      "Æ": "t_gate_metal_c",
      "ʭ": "t_fence_metal",
      "(": "t_chaingate_c",
      ")": "t_chainfence",
      "X": "t_console_broken",
      "$": "t_atm",
      "%": "t_intercom",
      "u": "t_card_reader_broken",
      "©": "t_generator_broken",
      "þ": "t_machinery_heavy",
      "µ": "t_machinery_light",
      "Ɯ": "t_sai_box"
    },
    "liquids": { "¥": { "liquid": "water_clean", "amount": [ 0, 100 ] } },
    "item": {
      "U": [
        { "item": "mop", "chance": 75 },
        { "item": "bleach", "prob": 50, "charges-min": 1 },
        { "item": "ammonia", "prob": 50, "charges-min": 1 },
        { "item": "broom", "prob": 75 }
      ]
    },
    "items": {
      "t": { "item": "SUS_toilet", "chance": 10, "repeat": [ 1, 3 ] },
      "p": { "item": "mail", "chance": 30, "repeat": [ 2, 5 ] },
      "T": { "item": "trash", "chance": 30, "repeat": [ 2, 5 ] },
      "&": { "item": "trash", "chance": 50, "repeat": [ 5, 10 ] },
      "U": { "item": "cleaning", "chance": 30, "repeat": [ 2, 5 ] }
    },
    "vendingmachines": { "O": { "item_group": "vending_drink" }, "P": { "item_group": "vending_food" } },
    "toilets": { "t": {  } },
    "vehicles": { "Ç": { "vehicle": "swivel_chair", "chance": 100, "status": 1, "rotation": 90 } }
  },
  {
    "type": "palette",
    "id": "lsm_building_roof",
    "terrain": {
      ".": "t_shingle_flat_roof",
      " ": "t_open_air",
      "o": "t_glass_roof",
      "_": "t_floor",
      "2": "t_gutter_north",
      "-": "t_gutter_south",
      "3": "t_gutter_east",
      "4": "t_gutter_downspout",
      "|": "t_gutter_west",
      "5": "t_gutter_drop",
      "#": "t_grate",
      "&": "t_shingle_flat_roof",
      "N": "t_shingle_flat_roof",
      ":": "t_shingle_flat_roof",
      "X": "t_shingle_flat_roof",
      "M": "t_shingle_flat_roof",
      "~": "t_shingle_flat_roof",
      "=": "t_shingle_flat_roof",
      "A": "t_shingle_flat_roof",
      "b": "t_shingle_flat_roof",
      "c": "t_shingle_flat_roof",
      "t": "t_shingle_flat_roof",
      "r": "t_shingle_flat_roof",
      "L": "t_shingle_flat_roof",
      "C": "t_shingle_flat_roof",
      "Y": "t_shingle_flat_roof",
      "y": "t_shingle_flat_roof"
    },
    "furniture": {
      "&": "f_roof_turbine_vent",
      "N": "f_TV_antenna",
      ":": "f_cellphone_booster",
      "X": "f_small_satelitte_dish",
      "~": "f_chimney",
      "=": "f_vent_pipe",
      "A": "f_air_conditioner",
      "b": "f_bench",
      "c": "f_counter",
      "M": "f_solar_unit",
      "t": "f_table",
      "r": "f_rack",
      "L": "f_locker",
      "C": [ "f_crate_c", "f_cardboard_box" ],
      "Y": "f_stool",
      "s": "f_sofa",
      "S": "f_sink",
      "e": "f_oven",
      "F": "f_fridge",
      "y": [ "f_indoor_plant_y", "f_indoor_plant" ]
    },
    "toilets": { "T": {  } }
  },
  {
    "type": "palette",
    "id": "lsm_building_looted",
    "//": "This palette is meant to override regular lsm_building palette with some substitutions for wrecked terrain. Load lsm_building palette and then this one, followed by item spawn palette. ",
    "furniture": { "S": "f_sink", "U": "f_utility_shelf" },
    "terrain": {
      "(": [ [ "t_chaingate_c", 1 ], [ "t_chaingate_o", 5 ] ],
      "+": [ [ "t_door_c", 1 ], [ "t_door_o", 5 ] ],
      "~": [ [ "t_door_metal_c", 1 ], [ "t_door_metal_o", 5 ] ]
    },
    "nested": {
      "/": { "chunks": [ [ "building_dooropen_1x1", 2 ], [ "building_door_smashed_1x1", 1 ] ] },
      "*": { "chunks": [ [ "building_dooropen_1x1", 2 ], [ "building_door_smashed_1x1", 1 ] ] },
      "¡": { "chunks": [ [ "building_metaldooropen_1x1", 2 ], [ "building_metaldoor_smashed_1x1", 1 ] ] }
    }
  }
]
