[
  {
    "type": "mapgen",
    "method": "json",
    "nested_mapgen_id": "lsm_general_encounters",
    "object": {
      "mapgensize": [ 1, 1 ],
      "rotation": [ 0, 3 ],
      "rows": [ "_" ],
      "terrain": { "_": "t_null" },
      "nested": {
        "_": { "chunks": [ [ "lsm_rats", 1 ], [ "corpse_1x1", 1 ], [ "corpse_zom_1x1", 1 ], [ "corpse_blood_casings_3x3", 1 ] ] }
      }
    }
  },
  {
    "type": "mapgen",
    "method": "json",
    "nested_mapgen_id": "corpse_1x1",
    "object": {
      "mapgensize": [ 1, 1 ],
      "rows": [ "_" ],
      "terrain": { "_": "t_null" },
      "items": {
        "_": [
          { "item": "corpses", "chance": 100 },
          { "item": "guns_pistol_common", "chance": 5 },
          { "item": "clothing_outdoor_set", "chance": 100 }
        ]
      },
      "place_fields": [ { "field": "fd_blood", "x": [ 0, 0 ], "y": [ 0, 0 ], "intensity": 1, "age": 10 } ]
    }
  },
  {
    "type": "mapgen",
    "method": "json",
    "nested_mapgen_id": "corpse_zom_1x1",
    "object": {
      "mapgensize": [ 1, 1 ],
      "rows": [ "_" ],
      "terrain": { "_": "t_null" },
      "items": {
        "_": [
          { "item": "corpses", "chance": 100 },
          { "item": "guns_pistol_common", "chance": 5 },
          { "item": "clothing_outdoor_set", "chance": 100 }
        ]
      },
      "monster": { "_": { "monster": "mon_zombie" } },
      "place_fields": [ { "field": "fd_blood", "x": [ 0, 0 ], "y": [ 0, 0 ], "intensity": 1, "age": 10 } ]
    }
  },
  {
    "type": "mapgen",
    "method": "json",
    "nested_mapgen_id": "corpse_blood_casings_3x3",
    "object": {
      "mapgensize": [ 3, 3 ],
      "rows": [
        "x__",
        "_y_",
        "___"
      ],
      "terrain": { "_": "t_null", "x": "t_null", "y": "t_null" },
      "items": {
        "x": [ { "item": "corpses", "chance": 100 }, { "item": "clothing_outdoor_set", "chance": 100 } ],
        "y": [ { "item": "ammo_casings", "chance": 100, "repeat": [ 1, 3 ] } ]
      },
      "place_fields": [ { "field": "fd_blood", "x": [ 0, 2 ], "y": [ 0, 2 ], "intensity": 1, "age": 10 } ]
    }
  },
  {
    "type": "mapgen",
    "method": "json",
    "nested_mapgen_id": "lsm_rats",
    "object": {
      "mapgensize": [ 1, 1 ],
      "rotation": [ 0, 3 ],
      "rows": [ "_" ],
      "terrain": { "_": "t_null" },
      "monster": { "_": { "monster": "mon_black_rat" } }
    }
  }
]
