[
  {
    "type": "item_group",
    "id": "lsm_coatrack",
    "items": [
      [ "jacket_light", 50 ],
      [ "jacket_windbreaker", 25 ],
      [ "jacket_jean", 35 ],
      [ "blazer", 35 ],
      [ "jacket_leather", 30 ],
      [ "coat_rain", 50 ],
      [ "trenchcoat", 12 ],
      [ "duster", 12 ],
      [ "hat_ball", 12 ],
      [ "hat_newsboy", 4 ],
      [ "porkpie", 4 ]
    ]
  },
  {
    "type": "item_group",
    "id": "lsm_filingcabinet",
    "items": [
      [ "file", 100 ],
      [ "news_regional", 30 ],
      [ "months_old_newspaper", 25 ],
      [ "usb_drive", 25 ],
      [ "fp_loyalty_card", 15 ],
      [ "software_hacking", 10 ],
      [ "record_accounting", 10 ],
      [ "touristmap", 10 ],
      [ "roadmap", 10 ],
      [ "mobile_memory_card_used", 10 ],
      [ "mobile_memory_card_encrypted", 10 ],
      [ "flyer", 10 ],
      [ "survivormap", 5 ]
    ]
  },
  {
    "type": "item_group",
    "id": "found_on_ground_inside",
    "items": [
      { "group": "EMPTY_GROUP", "prob": 200 },
      { "group": "trash", "prob": 15 },
      { "group": "corpses", "prob": 15 },
      { "group": "clothing_glasses", "prob": 2 },
      { "group": "stash_drugs", "prob": 2 },
      { "item": "condom", "prob": 5, "count": [ 1, 5 ] },
      [ "gum", 15 ],
      [ "water_clean", 10 ],
      [ "hose", 5 ],
      [ "ear_plugs", 5 ],
      [ "purse", 5 ],
      [ "cig", 10 ],
      [ "hat_ball", 5 ],
      [ "flashlight", 5 ],
      [ "inhaler", 5 ],
      [ "usb_drive", 5 ],
      [ "cigar", 1 ],
      [ "mag_porn", 2 ],
      { "item": "cash_card", "prob": 1, "charges-min": 5, "charges-max": 100 },
      [ "gloves_rubber", 1 ],
      [ "2x4", 1 ],
      [ "gloves_medical", 1 ],
      [ "magnifying_glass", 1 ]
    ]
  },
  {
    "type": "item_group",
    "id": "found_on_ground_outdoors",
    "items": [
      { "group": "found_on_ground_inside", "prob": 287 },
      { "group": "field", "prob": 15 },
      [ "lawnmower", 5 ],
      [ "lawn_dart", 2 ]
    ]
  },
  {
    "id": "rock_debris",
    "type": "item_group",
    "items": [ { "item": "rock", "count": [ 1, 4 ], "prob": 15 }, { "item": "pebble", "count": [ 1, 4 ], "prob": 15 } ]
  },
  {
    "id": "rock_debris_soil",
    "type": "item_group",
    "items": [
      { "item": "rock", "count": [ 1, 4 ], "prob": 15 },
      { "item": "pebble", "count": [ 1, 4 ], "prob": 15 },
      { "item": "material_soil", "count": [ 8, 12 ] }
    ]
  },
  {
    "id": "cookbooks",
    "type": "item_group",
    "items": [
      [ "cookbook", 40 ],
      [ "cookbook_sushi", 28 ],
      [ "cookbook_italian", 28 ],
      [ "brewing_cookbook", 20 ],
      [ "family_cookbook", 15 ],
      [ "scots_cookbook", 10 ],
      [ "cookbook_human", 1 ]
    ]
  },
  {
    "id": "lsm_flyers",
    "type": "item_group",
    "items": [ [ "flyer", 40 ], [ "survnote", 1 ] ]
  },
  {
    "id": "lsm_locker_civilian",
    "type": "item_group",
    "items": [
      { "group": "lsm_coatrack", "prob": 50 },
      { "group": "tobacco_products", "prob": 15 },
      { "item": "smart_phone", "prob": 20, "charges-min": 0 },
      { "item": "aspirin", "prob": 100, "charges": [ 1, 20 ] },
      { "item": "vitamins", "prob": 100, "charges": [ 1, 20 ] },
      { "item": "inhaler", "prob": 50, "charges-min": 10, "charges-max": 100 },
      { "item": "flashlight", "prob": 50, "charges": [ 0, 300 ] },
      { "item": "mp3", "prob": 20, "charges": [ 0, 100 ] },
      { "item": "gum", "prob": 50, "charges": [ 0, 10 ] },
      [ "hairbrush", 25 ],
      [ "comb_pocket", 50 ],
      [ "thermos", 5 ],
      [ "backpack", 38 ],
      [ "slingpack", 19 ],
      [ "eyedrops", 50 ],
      [ "pockknife", 14 ],
      [ "knife_swissarmy", 10 ],
      [ "wristwatch", 10 ],
      { "group": "novels", "prob": 10 },
      [ "multitool", 8 ],
      [ "knife_folding", 6 ],
      [ "helmet_motor", 14 ],
      [ "umbrella", 20 ],
      [ "teleumbrella", 2 ],
      [ "toothbrush_plain", 10 ],
      [ "string_floss", 10 ]
    ]
  },
  {
    "id": "lsm_sports_memorabilia",
    "type": "item_group",
    "items": [
      { "item": "jersey", "prob": 10 },
      { "item": "mask_hockey", "prob": 5 },
      { "item": "hockey_stick", "prob": 10 },
      { "item": "bronze_medal", "prob": 10 },
      { "item": "silver_medal", "prob": 10 },
      { "item": "gold_medal", "prob": 10 },
      { "item": "boxing_gloves", "prob": 10 },
      { "item": "hat_ball", "prob": 10 },
      { "item": "helmet_football", "prob": 10 },
      { "item": "puck", "prob": 5 },
      { "item": "baseball", "prob": 5 },
      { "item": "football", "prob": 5 },
      { "item": "golf_ball", "prob": 30 },
      { "item": "touring_suit", "prob": 15 },
      { "item": "signedphoto_sports", "prob": 15 }
    ]
  },

  {
    "id": "home_display_case",
    "type": "item_group",
    "items": [ { "item": "signedphoto_sports", "prob": 20 }, { "item": "signedphoto", "prob": 20 } ]
  },
  {
    "type": "item_group",
    "id": "discount_cards",
    "items": [ [ "fp_loyalty_card", 40 ], [ "gasdiscount_silver", 20 ], [ "gasdiscount_gold", 10 ], [ "gasdiscount_platinum", 5 ] ]
  },
  {
    "id": "lsm_receipts",
    "type": "item_group",
    "items": [ { "item": "receipt_restaurant", "prob": 1 }, { "item": "receipt_bar", "prob": 1 } ]
  },

  {
    "type": "item_group",
    "id": "trash",
    "items": [  { "group": "lsm_receipts", "prob": 1 } ]
  }
]
