[
  {
    "id": "lsm_restaurant_laundry",
    "type": "item_group",
    "items": [
      { "group": "lsm_restaurant_uniform", "prob": 100 },
      { "item": "dinner_napkin", "prob": 20 },
      { "item": "bar_towel", "prob": 20 }
    ]
  },
  {
    "id": "lsm_restaurant_uniform",
    "type": "item_group",
    "items": [ { "item": "jacket_chef", "prob": 5 }, { "item": "pants_checkered", "prob": 5 }, { "item": "beret", "prob": 5 } ]
  },
  {
    "id": "lsm_restaurant_bar_menus",
    "type": "item_group",
    "items": [ { "item": "bar_menu", "prob": 5 }, { "item": "restaurant_menu", "prob": 5 } ]
  },
  {
    "id": "lsm_restaurant_cooking_utensils",
    "type": "item_group",
    "items": [
      { "item": "tongs", "prob": 30 },
      { "item": "ladle", "prob": 15 },
      { "item": "spatula", "prob": 15 },
      { "item": "bar_towel", "prob": 15 }
    ]
  },
  {
    "id": "lsm_restaurant_preptable",
    "type": "item_group",
    "items": [
      { "item": "knife_bread", "prob": 30 },
      { "item": "knife_chef", "prob": 40 },
      { "item": "knife_carving", "prob": 30 },
      { "item": "bar_towel", "prob": 30 },
      { "item": "knife_butcher", "prob": 25 },
      { "item": "knife_meat_cleaver", "prob": 25 },
      { "item": "knife_vegetable_cleaver", "prob": 25 },
      { "group": "lsm_restaurant_produce", "prob": 50 },
      { "group": "lsm_restaurant_meat", "prob": 50 }
    ]
  },
  {
    "id": "lsm_restaurant_bulkoil",
    "type": "item_group",
    "items": [
      { "item": "cooking_oil2", "prob": 8, "charges": 100, "container-item": "jug_plastic" },
      { "item": "cooking_oil", "prob": 8, "charges": 100, "container-item": "jug_plastic" }
    ]
  },
  {
    "id": "lsm_restaurant_bulksauce",
    "type": "item_group",
    "items": [
      { "item": "mustard", "prob": 8, "charges": 200, "container-item": "plastic_bucket" },
      { "item": "mayonnaise", "prob": 8, "charges": 200, "container-item": "plastic_bucket" },
      { "item": "sauce_red", "prob": 8, "charges": 200, "container-item": "plastic_bucket" },
      { "item": "sauce_pesto", "prob": 8, "charges": 200, "container-item": "plastic_bucket" },
      { "item": "pickle", "prob": 8, "charges": 100, "container-item": "plastic_bucket" },
      { "item": "soysauce", "prob": 8, "charges": 100, "container-item": "jug_plastic" },
      { "item": "vinegar", "prob": 8, "charges": 100, "container-item": "jug_plastic" },
      { "item": "honey_bottled", "prob": 8, "charges": 100, "container-item": "jug_plastic" },
      { "item": "horseradish", "prob": 8, "charges": 100, "container-item": "jug_plastic" },
      { "item": "ketchup", "prob": 8, "charges": 200, "container-item": "plastic_bucket" }
    ]
  },
  {
    "id": "lsm_restaurant_produce",
    "type": "item_group",
    "items": [
      { "item": "orange", "prob": 65 },
      { "item": "banana", "prob": 40 },
      { "item": "lemon", "prob": 50 },
      { "item": "plums", "prob": 10 },
      { "item": "grapes", "prob": 10 },
      { "item": "raspberries", "prob": 10 },
      { "item": "mushroom", "prob": 50 },
      { "item": "potato", "prob": 80 },
      { "item": "blueberries", "prob": 20 },
      { "item": "strawberries", "prob": 20 },
      { "item": "tomato", "prob": 80 },
      { "item": "broccoli", "prob": 40 },
      { "item": "cucumber", "prob": 40 },
      { "item": "zucchini", "prob": 40 },
      { "item": "celery", "prob": 40 },
      { "item": "onion", "prob": 80 },
      { "item": "garlic", "prob": 40 },
      { "item": "pine_nuts", "prob": 10 },
      { "item": "carrot", "prob": 80 }
    ]
  },
  {
    "id": "lsm_restaurant_meat",
    "type": "item_group",
    "items": [
      { "item": "fish", "prob": 65 },
      { "item": "bacon", "prob": 50 },
      { "item": "meat", "prob": 50 },
      { "item": "sausage_raw", "prob": 30 }
    ]
  },
  {
    "id": "lsm_restaurant_dairy",
    "type": "item_group",
    "items": [
      { "item": "milk_cream", "prob": 8, "charges": 20, "container-item": "jug_plastic" },
      { "item": "buttermilk", "prob": 8, "charges": 20, "container-item": "jug_plastic" },
      { "item": "milk", "prob": 8, "charges": 20, "container-item": "jug_plastic" },
      { "item": "buttermilk", "prob": 8, "charges": 20, "container-item": "jug_plastic" },
      { "item": "yoghurt", "prob": 8, "charges": 50, "container-item": "plastic_bucket" },
      { "item": "butter", "prob": 8, "charges": 100, "container-item": "plastic_bucket" },
      { "item": "icecream", "prob": 8, "charges": 50, "container-item": "plastic_bucket" },
      { "item": "cheese", "prob": 8, "charges": 20 }
    ]
  },
  {
    "id": "lsm_restaurant_meals",
    "type": "item_group",
    "items": [
      { "item": "hamburger_nopkg", "prob": 1 },
      { "item": "spaghetti_bolognese", "prob": 1 },
      { "item": "spaghetti_pesto", "prob": 1 },
      { "item": "taco_nopkg", "prob": 1 },
      { "item": "tofu_stirfry", "prob": 1 },
      { "item": "veggy_salad_nopkg", "prob": 1 },
      { "item": "cheeseburger_nopkg", "prob": 1 },
      { "item": "nachosmc_nopkg", "prob": 1 },
      { "item": "fchicken_nopkg", "prob": 1 },
      { "item": "onion_rings_nopkg", "prob": 1 },
      { "item": "sandwich_deluxe_nopkg", "prob": 1 },
      { "item": "sandwich_veggy_nopkg", "prob": 1 },
      { "item": "sandwich_t_nopkg", "prob": 1 },
      { "item": "fish_sandwich_nopkg", "prob": 1 },
      { "item": "blt_nopkg", "prob": 1 },
      { "item": "pie_meat_nopkg", "prob": 1 },
      { "item": "lasagne", "prob": 1 },
      { "item": "deluxe_rice", "prob": 1 }
    ]
  },
  {
    "id": "lsm_bar_drinks",
    "type": "item_group",
    "items": [
      { "item": "glass", "prob": 6 },
      { "item": "wine_glass", "prob": 6 },
      { "item": "lowball_glass", "prob": 5 },
      { "item": "shot_glass", "prob": 4 },
      { "item": "snifter_glass", "prob": 3 },
      { "item": "wine_champagne", "prob": 1, "charges": 1, "container-item": "wine_glass" },
      { "item": "wine_sparkling", "prob": 1, "charges": 1, "container-item": "wine_glass" },
      { "item": "wine_sauvignon", "prob": 3, "charges": 1, "container-item": "wine_glass" },
      { "item": "wine_malbec", "prob": 3, "charges": 1, "container-item": "wine_glass" },
      { "item": "wine_merlot", "prob": 3, "charges": 1, "container-item": "wine_glass" },
      { "item": "wine_marsala", "prob": 1, "charges": 1, "container-item": "wine_glass" },
      { "item": "wine_noir", "prob": 1, "charges": 1, "container-item": "wine_glass" },
      { "item": "wine_cabernet", "prob": 3, "charges": 1, "container-item": "wine_glass" },
      { "item": "wine_chardonnay", "prob": 3, "charges": 1, "container-item": "wine_glass" },
      { "item": "wine_riesling", "prob": 3, "charges": 1, "container-item": "wine_glass" },
      { "item": "drink_martini", "prob": 2, "charges": 1, "container-item": "wine_glass" },
      { "item": "whiskey", "prob": 3, "charges": 1, "container-item": "lowball_glass" },
      { "item": "whiskey", "prob": 2, "charges": 1, "container-item": "shot_glass" },
      { "item": "brandy", "prob": 2, "charges": 1, "container-item": "snifter_glass" },
      { "item": "bristol_sherry", "prob": 1, "charges": 1, "container-item": "snifter_glass" },
      { "item": "sherry", "prob": 2, "charges": 1, "container-item": "snifter_glass" },
      { "item": "cognac", "prob": 1, "charges": 1, "container-item": "snifter_glass" },
      { "item": "vodka", "prob": 2, "charges": 1, "container-item": "lowball_glass" },
      { "item": "vodka", "prob": 2, "charges": 1, "container-item": "shot_glass" },
      { "item": "rum", "prob": 2, "charges": 1, "container-item": "lowball_glass" },
      { "item": "tequila", "prob": 3, "charges": 1, "container-item": "shot_glass" },
      { "item": "drink_hard_seltzer", "prob": 3, "charges": 1, "container-item": "glass" },
      { "item": "drink_hard_acider", "prob": 2, "charges": 1, "container-item": "glass" },
      { "item": "drink_hard_pcider", "prob": 2, "charges": 1, "container-item": "glass" },
      { "item": "beer_sour", "prob": 1, "charges": 1, "container-item": "glass" },
      { "item": "imperial_stout", "prob": 1, "charges": 1, "container-item": "glass" },
      { "item": "belgian_ale", "prob": 2, "charges": 1, "container-item": "glass" },
      { "item": "stout", "prob": 2, "charges": 1, "container-item": "glass" },
      { "item": "india_pale_ale", "prob": 3, "charges": 1, "container-item": "glass" },
      { "item": "pale_ale", "prob": 3, "charges": 1, "container-item": "glass" },
      { "item": "european_pilsner", "prob": 3, "charges": 1, "container-item": "glass" },
      { "item": "wine_barley", "prob": 1, "charges": 1, "container-item": "glass" },
      { "item": "beer", "prob": 4, "charges": 1, "container-item": "glass" },
      { "item": "drink_wsour", "prob": 2, "charges": 1, "container-item": "lowball_glass" },
      { "item": "canadian_whiskey", "prob": 2, "charges": 1, "container-item": "lowball_glass" },
      { "item": "cheap_whiskey", "prob": 3, "charges": 1, "container-item": "lowball_glass" },
      { "item": "drink_rumcola", "prob": 3, "charges": 1, "container-item": "lowball_glass" },
      { "item": "drink_wild_apple", "prob": 2, "charges": 1, "container-item": "lowball_glass" },
      { "item": "drink_screwdriver", "prob": 2, "charges": 1, "container-item": "lowball_glass" },
      { "item": "drink_bloody_mary", "prob": 3, "charges": 1, "container-item": "lowball_glass" },
      { "item": "single_pot_whiskey", "prob": 2, "charges": 1, "container-item": "lowball_glass" },
      { "item": "single_malt_whiskey", "prob": 2, "charges": 1, "container-item": "lowball_glass" },
      { "item": "long_island", "prob": 2, "charges": 1, "container-item": "lowball_glass" },
      { "item": "irish_coffee", "prob": 1, "charges": 1, "container-item": "ceramic_mug" }
    ]
  },
  {
    "id": "lsm_bar_floor",
    "type": "item_group",
    "items": [
      { "item": "receipt_bar", "prob": 50 },
      { "group": "newspaper", "prob": 10 },
      { "item": "bottle_glass", "prob": 10 },
      { "item": "flyer", "prob": 10 },
      { "item": "dinner_napkin", "prob": 20 },
      { "item": "news_regional", "prob": 15 },
      { "item": "mag_news", "prob": 15 },
      { "item": "inhaler", "prob": 8, "charges-min": 0, "charges-max": 10 },
      { "item": "lighter", "prob": 20, "charges-min": 0, "charges-max": 10 },
      { "item": "matches", "prob": 20, "charges-min": 0, "charges-max": 20 },
      { "item": "plastic_shopping_bag", "prob": 35 },
      { "item": "box_medium", "prob": 2 },
      { "item": "survnote", "prob": 5 },
      { "item": "razor_blade", "prob": 5 },
      { "item": "glass_shard", "prob": 20, "count": [ 1, 8 ] },
      { "item": "scorecard", "prob": 5 },
      { "item": "jug_plastic", "prob": 5 },
      { "item": "hairpin", "prob": 5 },
      { "item": "bubblewrap", "prob": 1 },
      { "item": "box_small", "prob": 2 },
      { "item": "joint_roach", "prob": 5 },
      { "item": "pipe", "prob": 5 },
      { "item": "fp_loyalty_card", "prob": 5 },
      { "item": "string_6", "prob": 5 }
    ]
  }
]
