[
  {
    "type": "furniture",
    "id": "f_linen_stand",
    "name": "Linen Bag and Stand",
    "description": "A canvas laundry bag mounted on a black metal stand. Used to store dirty towels and uniforms.",
    "symbol": "{",
    "color": "white",
    "looks_like": "basket_laundry",
    "move_cost_mod": -1,
    "coverage": 40,
    "required_str": 5,
    "max_volume": "50 L",
    "flags": [ "TRANSPARENT", "FLAMMABLE_ASH", "CONTAINER", "PLACE_ITEM", "MOUNTABLE", "SHORT" ],
    "bash": {
      "str_min": 5,
      "str_max": 30,
      "sound": "smash!",
      "sound_fail": "whump.",
      "items": [ { "item": "bag_laundry", "count": 1 }, { "item": "pipe", "count": [ 1, 2 ] } ]
    }
  }
]
